expert_tile,model_tile,same_action,expert_shanten,model_shanten,expert_ukeire,model_ukeire,shanten_difference,ukeire_difference,model_prob,category,offset
east,west,False,4,4,66,67,0,-1,0.5532544851303101,near_equivalent,1.0
red,west,False,4,4,71,72,0,-1,0.7158728837966919,near_equivalent,2.0
west,west,True,3,3,32,32,0,0,0.4739123582839966,exact_match,3.0
south,south,True,3,3,52,52,0,0,0.691648542881012,exact_match,4.0
2m,2m,True,3,3,54,54,0,0,0.6123575568199158,exact_match,5.0
7s,7s,True,2,2,19,19,0,0,0.44919952750205994,exact_match,6.0
9p,9p,True,2,2,18,18,0,0,0.9557074308395386,exact_match,7.0
south,south,True,4,4,75,75,0,0,0.76090407371521,exact_match,8.0
south,south,True,4,4,87,87,0,0,0.8171125054359436,exact_match,9.0
red,9s,False,4,4,80,72,0,8,0.3864407539367676,ukeire_loss,10.0
green,green,True,4,4,87,87,0,0,0.4869411289691925,exact_match,11.0
9s,9s,True,3,3,37,37,0,0,0.543233335018158,exact_match,12.0
north,north,True,3,3,81,81,0,0,0.7919613718986511,exact_match,13.0
1p,1p,True,3,3,52,52,0,0,0.4711010456085205,exact_match,14.0
8m,8m,True,2,2,16,16,0,0,0.6786682605743408,exact_match,15.0
7m,5s,False,3,3,52,52,0,0,0.3691118657588959,equivalent,16.0
east,east,True,2,2,15,15,0,0,0.9429652094841003,exact_match,17.0
5s,5s,True,2,2,20,20,0,0,0.5946743488311768,exact_match,18.0
south,south,True,2,2,15,15,0,0,0.9502012133598328,exact_match,19.0
red,red,True,2,2,20,20,0,0,0.8984925746917725,exact_match,20.0
1p,1p,True,2,2,21,21,0,0,0.589693009853363,exact_match,21.0
8m,8m,True,2,2,19,19,0,0,0.8951718807220459,exact_match,22.0
3s,3s,True,1,1,13,13,0,0,0.5619401335716248,exact_match,23.0
1m,1m,True,2,2,23,23,0,0,0.5505577325820923,exact_match,24.0
4s,4s,True,1,1,11,11,0,0,0.8279405832290649,exact_match,25.0
west,west,True,2,2,21,21,0,0,0.7563521862030029,exact_match,26.0
1p,west,False,1,1,10,10,0,0,0.7963735461235046,equivalent,27.0
2s,8p,False,1,1,11,10,0,1,0.2785862386226654,near_equivalent,28.0
1s,1s,True,3,3,63,63,0,0,0.6764556765556335,exact_match,29.0
9m,9m,True,3,3,63,63,0,0,0.9380221366882324,exact_match,30.0
west,west,True,3,3,63,63,0,0,0.8800457119941711,exact_match,31.0
7p,4s,False,3,3,72,62,0,10,0.2768569588661194,ukeire_loss,32.0
4s,4p,False,2,2,19,19,0,0,0.28477582335472107,equivalent,33.0
7m,7m,True,2,2,19,19,0,0,0.33676546812057495,exact_match,34.0
4p,1s,False,2,2,19,19,0,0,0.7549471855163574,equivalent,35.0
1s,1s,True,1,1,11,11,0,0,0.466050922870636,exact_match,36.0
south,south,True,1,1,10,10,0,0,0.7534298896789551,exact_match,37.0
9p,9p,True,1,1,10,10,0,0,0.7972293496131897,exact_match,38.0
9s,5p,False,2,1,42,10,1,32,0.6929413676261902,better_shanten,39.0
1p,8s,False,2,1,35,12,1,23,0.5689403414726257,better_shanten,40.0
1p,1p,True,1,1,24,24,0,0,0.7865472435951233,exact_match,41.0
8s,8s,True,0,0,3,3,0,0,0.8481613993644714,exact_match,42.0
5p,7p,False,0,0,3,3,0,0,0.8671305775642395,equivalent,43.0
south,south,True,0,0,3,3,0,0,0.9336915612220764,exact_match,44.0
5s,7p,False,0,1,3,20,-1,-17,0.5097649693489075,shanten_loss,45.0
9p,9p,True,3,3,17,17,0,0,0.632095217704773,exact_match,46.0
east,6s,False,3,3,16,15,0,1,0.46187224984169006,near_equivalent,47.0
green,6s,False,3,3,65,48,0,17,0.4003302752971649,ukeire_loss,48.0
west,6s,False,2,2,55,38,0,17,0.4892149567604065,ukeire_loss,49.0
2m,3p,False,2,2,59,54,0,5,0.6415087580680847,ukeire_loss,50.0
3p,3p,True,1,1,11,11,0,0,0.5876772999763489,exact_match,51.0
6s,6s,True,0,0,3,3,0,0,0.9394090175628662,exact_match,52.0
4m,1m,False,0,1,3,28,-1,-25,0.3782857358455658,shanten_loss,53.0
9p,9p,True,0,0,3,3,0,0,0.9816569089889526,exact_match,54.0
8m,8m,True,0,0,3,3,0,0,0.5531883239746094,exact_match,55.0
8p,8p,True,0,0,3,3,0,0,0.9038956165313721,exact_match,56.0
9s,9s,True,0,0,3,3,0,0,0.9534754157066345,exact_match,57.0
west,9s,False,1,1,16,7,0,9,0.5332653522491455,ukeire_loss,58.0
west,9p,False,1,1,9,8,0,1,0.6640135645866394,near_equivalent,59.0
east,1s,False,2,2,50,42,0,8,0.6036003232002258,ukeire_loss,60.0
9p,9p,True,1,1,9,9,0,0,0.8941872715950012,exact_match,61.0
south,1s,False,2,2,49,40,0,9,0.6550658941268921,ukeire_loss,62.0
green,1s,False,2,2,48,40,0,8,0.5336347222328186,ukeire_loss,63.0
1s,1s,True,1,1,6,6,0,0,0.7502661347389221,exact_match,64.0
3s,3s,True,1,1,6,6,0,0,0.8456274271011353,exact_match,65.0
red,4m,False,1,1,8,6,0,2,0.45203593373298645,near_equivalent,66.0
red,red,True,1,1,8,8,0,0,0.6596050262451172,exact_match,67.0
2p,2p,True,1,1,8,8,0,0,0.9021428823471069,exact_match,68.0
1s,north,False,4,4,42,42,0,0,0.5189263224601746,equivalent,69.0
west,9p,False,3,3,28,28,0,0,0.4962361454963684,equivalent,70.0
north,north,True,4,4,65,65,0,0,0.5985868573188782,exact_match,71.0
9p,9p,True,3,3,28,28,0,0,0.7019083499908447,exact_match,72.0
east,east,True,3,3,28,28,0,0,0.6227917075157166,exact_match,73.0
4s,south,False,3,3,28,28,0,0,0.5032978057861328,equivalent,74.0
red,red,True,3,3,30,30,0,0,0.3835245966911316,exact_match,75.0
6m,white,False,3,3,57,57,0,0,0.443650484085083,equivalent,76.0
8p,8p,True,2,2,20,20,0,0,0.4799982011318207,exact_match,77.0
south,6s,False,2,3,19,51,-1,-32,0.3735367953777313,shanten_loss,78.0
west,west,True,3,3,24,24,0,0,0.5704069137573242,exact_match,79.0
north,1s,False,3,3,24,24,0,0,0.46648046374320984,equivalent,80.0
7m,1s,False,3,3,23,42,0,-19,0.6556357145309448,better_ukeire,81.0
1s,1s,True,2,2,18,18,0,0,0.6205762028694153,exact_match,82.0
7p,7p,True,1,1,11,11,0,0,0.45107096433639526,exact_match,83.0
west,west,True,1,1,11,11,0,0,0.9227159023284912,exact_match,84.0
white,north,False,3,3,62,62,0,0,0.7064327597618103,equivalent,85.0
east,east,True,3,3,63,63,0,0,0.7606711387634277,exact_match,86.0
north,north,True,2,2,19,19,0,0,0.5632466673851013,exact_match,87.0
8s,2p,False,2,2,12,12,0,0,0.5802379250526428,equivalent,88.0
red,red,True,2,2,19,19,0,0,0.5161583423614502,exact_match,89.0
1p,7p,False,2,2,12,16,0,-4,0.600418746471405,better_ukeire,90.0
west,1m,False,2,2,44,44,0,0,0.7546430230140686,equivalent,91.0
9m,7p,False,2,2,15,19,0,-4,0.7627357840538025,better_ukeire,92.0
1m,1m,True,2,2,46,46,0,0,0.9277788400650024,exact_match,93.0
3p,7p,False,2,2,25,32,0,-7,0.849646270275116,better_ukeire,94.0
1p,1p,True,2,2,45,45,0,0,0.6391215920448303,exact_match,95.0
green,2p,False,3,2,60,25,1,35,0.5157713294029236,better_shanten,96.0
3p,3p,True,1,1,16,16,0,0,0.9381023645401001,exact_match,97.0
4s,4s,True,1,1,16,16,0,0,0.6383667588233948,exact_match,98.0
2s,2s,True,1,1,15,15,0,0,0.8420531749725342,exact_match,99.0
5s,north,False,3,3,53,69,0,-16,0.42007437348365784,better_ukeire,100.0
6p,6p,True,2,2,12,12,0,0,0.7254395484924316,exact_match,101.0
6p,6p,True,2,2,12,12,0,0,0.860471785068512,exact_match,102.0
north,green,False,1,1,8,8,0,0,0.4846930503845215,equivalent,103.0
green,green,True,1,1,8,8,0,0,0.6469103693962097,exact_match,104.0
1m,1m,True,0,0,4,4,0,0,0.46822652220726013,exact_match,105.0
9m,north,False,3,3,64,72,0,-8,0.7308009266853333,better_ukeire,106.0
north,north,True,2,2,20,20,0,0,0.8654155731201172,exact_match,107.0
2s,8s,False,1,1,16,16,0,0,0.5827361345291138,equivalent,108.0
1p,1p,True,2,2,19,19,0,0,0.7997537851333618,exact_match,109.0
4m,4m,True,2,2,23,23,0,0,0.6999526023864746,exact_match,110.0
9p,9p,True,1,1,18,18,0,0,0.44452983140945435,exact_match,111.0
1p,south,False,4,4,70,78,0,-8,0.42759793996810913,better_ukeire,112.0
north,north,True,5,5,78,78,0,0,0.5996454954147339,exact_match,113.0
9s,9s,True,4,4,76,76,0,0,0.4716423451900482,exact_match,114.0
east,1m,False,4,4,64,60,0,4,0.542206346988678,ukeire_loss,115.0
south,south,True,3,3,56,56,0,0,0.7732807993888855,exact_match,116.0
white,white,True,3,3,55,55,0,0,0.34802183508872986,exact_match,117.0
green,green,True,3,3,64,64,0,0,0.6014950275421143,exact_match,118.0
red,2s,False,3,3,59,55,0,4,0.4854116141796112,ukeire_loss,119.0
7m,3p,False,2,2,18,18,0,0,0.7724007964134216,equivalent,120.0
south,south,True,2,2,42,42,0,0,0.577810525894165,exact_match,121.0
west,west,True,1,1,38,38,0,0,0.8487406373023987,exact_match,122.0
1p,1p,True,3,3,43,43,0,0,0.879494845867157,exact_match,123.0
green,green,True,2,2,14,14,0,0,0.5696727633476257,exact_match,124.0
red,red,True,1,1,8,8,0,0,0.6745117902755737,exact_match,125.0
red,1s,False,4,4,84,78,0,6,0.7130465507507324,ukeire_loss,126.0
green,1s,False,3,3,69,64,0,5,0.46460816264152527,ukeire_loss,127.0
1s,1s,True,2,2,22,22,0,0,0.5975450277328491,exact_match,128.0
white,white,True,2,2,37,37,0,0,0.8186880946159363,exact_match,129.0
4s,4s,True,2,2,36,36,0,0,0.908075213432312,exact_match,130.0
3p,1p,False,1,1,12,12,0,0,0.3012831509113312,equivalent,131.0
1p,1p,True,1,1,16,16,0,0,0.7359840869903564,exact_match,132.0
1p,1m,False,2,2,15,15,0,0,0.5396156311035156,equivalent,133.0
8s,8s,True,1,1,9,9,0,0,0.8489176630973816,exact_match,134.0
red,red,True,1,1,9,9,0,0,0.9433937072753906,exact_match,135.0
north,north,True,1,1,9,9,0,0,0.9498634338378906,exact_match,136.0
7m,7m,True,2,2,24,24,0,0,0.6104700565338135,exact_match,137.0
4m,4m,True,2,2,24,24,0,0,0.9506195187568665,exact_match,138.0
4m,4m,True,2,2,24,24,0,0,0.9581749439239502,exact_match,139.0
6p,6p,True,1,1,14,14,0,0,0.5590794682502747,exact_match,140.0
5s,5s,True,0,0,8,8,0,0,0.7685772776603699,exact_match,141.0
8p,8p,True,0,0,8,8,0,0,0.9919559955596924,exact_match,142.0
east,east,True,2,2,26,26,0,0,0.9877179861068726,exact_match,143.0
4p,3p,False,1,2,16,25,-1,-9,0.7860692739486694,shanten_loss,144.0
7s,3s,False,1,1,19,15,0,4,0.3263205587863922,ukeire_loss,145.0
6m,6m,True,1,1,17,17,0,0,0.8628158569335938,exact_match,146.0
6p,6p,True,0,0,3,3,0,0,0.9748013019561768,exact_match,147.0
6p,6p,True,0,0,8,8,0,0,0.5395354628562927,exact_match,148.0
8m,8m,True,0,0,3,3,0,0,0.9475528001785278,exact_match,149.0
1s,1s,True,3,3,27,27,0,0,0.9262458682060242,exact_match,150.0
east,east,True,3,3,53,53,0,0,0.9539532661437988,exact_match,151.0
red,red,True,3,3,51,51,0,0,0.9529973864555359,exact_match,152.0
4s,6s,False,2,3,20,50,-1,-30,0.37796488404273987,shanten_loss,153.0
south,south,True,2,2,19,19,0,0,0.962660014629364,exact_match,154.0
white,white,True,2,2,19,19,0,0,0.9357041120529175,exact_match,155.0
west,west,True,2,2,18,18,0,0,0.9191438555717468,exact_match,156.0
7s,5m,False,1,1,11,7,0,4,0.25689512491226196,ukeire_loss,157.0
9s,9s,True,1,1,11,11,0,0,0.9064370393753052,exact_match,158.0
2s,2s,True,1,1,11,11,0,0,0.9316348433494568,exact_match,159.0
south,south,True,1,1,10,10,0,0,0.9014187455177307,exact_match,160.0
2p,9m,False,1,2,27,34,-1,-7,0.24965916574001312,shanten_loss,161.0
3m,5p,False,1,1,17,7,0,10,0.30637305974960327,ukeire_loss,162.0
8s,5m,False,1,1,16,10,0,6,0.6233697533607483,ukeire_loss,163.0
5m,5m,True,1,1,18,18,0,0,0.5926426649093628,exact_match,164.0
3m,3m,True,1,1,11,11,0,0,0.6283735036849976,exact_match,165.0
south,north,False,4,4,74,74,0,0,0.755795955657959,equivalent,166.0
east,east,True,2,2,27,27,0,0,0.9868331551551819,exact_match,167.0
3m,4p,False,2,2,27,29,0,-2,0.4879896342754364,near_equivalent,168.0
3s,4p,False,1,1,18,18,0,0,0.5768007636070251,equivalent,169.0
green,green,True,1,1,18,18,0,0,0.9583271145820618,exact_match,170.0
2s,2s,True,1,1,17,17,0,0,0.515586256980896,exact_match,171.0
5s,5s,True,1,1,16,16,0,0,0.5726621747016907,exact_match,172.0
4p,north,False,1,1,16,16,0,0,0.7311108112335205,equivalent,173.0
north,east,False,1,1,15,15,0,0,0.7088289260864258,equivalent,174.0
6p,6p,True,1,1,15,15,0,0,0.5499178767204285,exact_match,175.0
white,white,True,1,1,14,14,0,0,0.6546781659126282,exact_match,176.0
south,south,True,1,1,12,12,0,0,0.5347988605499268,exact_match,177.0
south,south,True,1,1,13,13,0,0,0.9426339864730835,exact_match,178.0
1m,1m,True,1,1,13,13,0,0,0.9691568613052368,exact_match,179.0
8m,8m,True,1,1,20,20,0,0,0.7655891180038452,exact_match,180.0
6s,6s,True,2,2,18,18,0,0,0.19662858545780182,exact_match,181.0
9s,9s,True,2,2,14,14,0,0,0.5037478804588318,exact_match,182.0
7m,2m,False,1,1,7,10,0,-3,0.3381616771221161,better_ukeire,183.0
west,7m,False,2,2,19,18,0,1,0.35993531346321106,near_equivalent,184.0
9s,9s,True,1,1,6,6,0,0,0.5403192639350891,exact_match,185.0
9s,9s,True,2,2,19,19,0,0,0.9456987380981445,exact_match,186.0
2m,7m,False,1,1,10,6,0,4,0.35016700625419617,ukeire_loss,187.0
5m,7m,False,1,1,16,9,0,7,0.25674885511398315,ukeire_loss,188.0
west,west,True,1,1,16,16,0,0,0.9055321216583252,exact_match,189.0
west,west,True,4,4,66,66,0,0,0.7381691932678223,exact_match,190.0
north,north,True,3,3,51,51,0,0,0.8473991751670837,exact_match,191.0
1m,1s,False,4,4,73,65,0,8,0.48884445428848267,ukeire_loss,192.0
9m,south,False,2,2,38,47,0,-9,0.47409218549728394,better_ukeire,193.0
1s,1s,True,3,3,54,54,0,0,0.41163498163223267,exact_match,194.0
south,south,True,2,2,48,48,0,0,0.5206627249717712,exact_match,195.0
red,red,True,2,2,15,15,0,0,0.8826882839202881,exact_match,196.0
1p,1p,True,1,1,7,7,0,0,0.8865129947662354,exact_match,197.0
8m,1p,False,2,2,15,15,0,0,0.583065390586853,equivalent,198.0
5p,1m,False,1,1,8,7,0,1,0.547883927822113,near_equivalent,199.0
8p,1p,False,2,2,17,17,0,0,0.3911452889442444,equivalent,200.0
7p,7p,True,0,0,3,3,0,0,0.8979640603065491,exact_match,201.0
1p,south,False,2,2,17,17,0,0,0.6599751114845276,equivalent,202.0
5m,5m,True,0,0,3,3,0,0,0.9182032942771912,exact_match,203.0
9s,south,False,1,1,7,7,0,0,0.9015416502952576,equivalent,204.0
1m,7m,False,0,0,3,3,0,0,0.6378302574157715,equivalent,205.0
2p,2p,True,1,1,9,9,0,0,0.5653827786445618,exact_match,206.0
9m,9m,True,0,0,3,3,0,0,0.9879855513572693,exact_match,207.0
south,south,True,0,0,5,5,0,0,0.9886069893836975,exact_match,208.0
8p,8p,True,0,0,3,3,0,0,0.9711403250694275,exact_match,209.0
white,white,True,0,0,5,5,0,0,0.976898729801178,exact_match,210.0
north,north,True,0,0,3,3,0,0,0.9911375045776367,exact_match,211.0
north,north,True,3,3,54,54,0,0,0.9387494921684265,exact_match,212.0
white,white,True,3,3,56,56,0,0,0.5269963145256042,exact_match,213.0
red,red,True,2,2,43,43,0,0,0.6188874244689941,exact_match,214.0
1m,1m,True,2,2,43,43,0,0,0.8793118596076965,exact_match,215.0
1s,3m,False,2,2,48,41,0,7,0.3448345363140106,ukeire_loss,216.0
8s,8s,True,2,2,53,53,0,0,0.3706551492214203,exact_match,217.0
3m,8m,False,1,1,33,29,0,4,0.522624135017395,ukeire_loss,218.0
8m,8m,True,1,1,30,30,0,0,0.83584064245224,exact_match,219.0
1s,1s,True,0,0,2,2,0,0,0.5082366466522217,exact_match,220.0
1s,1s,True,0,0,2,2,0,0,0.8614293932914734,exact_match,221.0
8m,8m,True,0,0,2,2,0,0,0.9794935584068298,exact_match,222.0
green,green,True,1,1,9,9,0,0,0.8684837222099304,exact_match,223.0
7m,7m,True,1,1,9,9,0,0,0.9337737560272217,exact_match,224.0
1p,1p,True,1,1,8,8,0,0,0.9636896252632141,exact_match,225.0
2s,9s,False,1,1,12,12,0,0,0.6564673781394958,equivalent,226.0
9s,7m,False,1,1,12,12,0,0,0.8833719491958618,equivalent,227.0
6p,1s,False,2,1,12,12,1,0,0.8203856348991394,better_shanten,228.0
7s,7m,False,3,2,57,18,1,39,0.4045545160770416,better_shanten,229.0
1s,1s,True,3,3,69,69,0,0,0.4930736720561981,exact_match,230.0
north,north,True,3,3,67,67,0,0,0.8484200239181519,exact_match,231.0
4s,8p,False,2,2,13,13,0,0,0.3795323073863983,equivalent,232.0
4s,8p,False,3,2,46,15,1,31,0.40214988589286804,better_shanten,233.0
red,red,True,3,3,43,43,0,0,0.8295992612838745,exact_match,234.0
white,white,True,3,3,41,41,0,0,0.7242923974990845,exact_match,235.0
8p,8p,True,2,2,9,9,0,0,0.8038743138313293,exact_match,236.0
7p,7p,True,2,2,9,9,0,0,0.8342722058296204,exact_match,237.0
7p,7p,True,1,1,6,6,0,0,0.9510431885719299,exact_match,238.0
5s,5s,True,1,1,6,6,0,0,0.6722414493560791,exact_match,239.0
south,north,False,4,4,49,49,0,0,0.6255340576171875,equivalent,240.0
north,2m,False,2,2,34,35,0,-1,0.5856452584266663,near_equivalent,241.0
north,north,True,3,3,23,23,0,0,0.927129328250885,exact_match,242.0
9p,9p,True,2,2,32,32,0,0,0.6993650197982788,exact_match,243.0
9s,9s,True,2,2,16,16,0,0,0.6116842031478882,exact_match,244.0
1p,1p,True,2,2,30,30,0,0,0.828153669834137,exact_match,245.0
9m,9m,True,2,2,24,24,0,0,0.7088838815689087,exact_match,246.0
7p,7p,True,2,2,30,30,0,0,0.6309945583343506,exact_match,247.0
1s,3m,False,2,2,21,25,0,-4,0.6255719065666199,better_ukeire,248.0
8s,2m,False,1,1,7,14,0,-7,0.8530012369155884,better_ukeire,249.0
2s,9m,False,2,2,21,21,0,0,0.7513542771339417,equivalent,250.0
2m,9s,False,0,0,1,2,0,-1,0.5250274538993835,near_equivalent,251.0
9m,9m,True,2,2,23,23,0,0,0.8696839809417725,exact_match,252.0
8p,8p,True,0,0,1,1,0,0,0.7286883592605591,exact_match,253.0
6m,6m,True,1,1,14,14,0,0,0.29101821780204773,exact_match,254.0
9s,green,False,0,0,2,1,0,1,0.655316174030304,near_equivalent,255.0
6m,6m,True,0,0,6,6,0,0,0.6019729375839233,exact_match,256.0
2p,2p,True,0,0,2,2,0,0,0.8198423385620117,exact_match,257.0
north,north,True,2,2,16,16,0,0,0.4387105107307434,exact_match,258.0
1p,west,False,4,4,62,62,0,0,0.3263933062553406,equivalent,259.0
west,1s,False,2,2,16,16,0,0,0.5213561654090881,equivalent,260.0
9m,west,False,3,3,20,20,0,0,0.4388080835342407,equivalent,261.0
1s,1s,True,2,2,16,16,0,0,0.7118563055992126,exact_match,262.0
9p,9p,True,3,3,23,23,0,0,0.5315727591514587,exact_match,263.0
9m,7s,False,1,1,12,12,0,0,0.5983773469924927,equivalent,264.0
9s,west,False,3,3,23,31,0,-8,0.4700310230255127,better_ukeire,265.0
7s,7s,True,0,0,4,4,0,0,0.9238920211791992,exact_match,266.0
1p,1p,True,3,3,22,22,0,0,0.8745518922805786,exact_match,267.0
3p,3p,True,0,0,4,4,0,0,0.6885809302330017,exact_match,268.0
8s,8s,True,2,2,19,19,0,0,0.42123204469680786,exact_match,269.0
south,south,True,0,0,4,4,0,0,0.9952130317687988,exact_match,270.0
1s,white,False,2,2,17,17,0,0,0.6360762715339661,equivalent,271.0
9p,9p,True,0,0,4,4,0,0,0.9466789364814758,exact_match,272.0
west,white,False,1,1,9,9,0,0,0.4956338107585907,equivalent,273.0
8p,8p,True,0,0,4,4,0,0,0.8052064180374146,exact_match,274.0
8s,8s,True,1,1,8,8,0,0,0.6670505404472351,exact_match,275.0
3s,3s,True,1,1,12,12,0,0,0.5326085686683655,exact_match,276.0
9s,9s,True,1,1,16,16,0,0,0.7747205495834351,exact_match,277.0
1p,1p,True,1,1,15,15,0,0,0.9252936840057373,exact_match,278.0
east,east,True,1,1,14,14,0,0,0.9883741140365601,exact_match,279.0
9s,9s,True,2,2,17,17,0,0,0.6828508973121643,exact_match,280.0
7m,9m,False,3,2,28,15,1,13,0.728791356086731,better_shanten,281.0
3s,2s,False,4,3,50,27,1,23,0.28864800930023193,better_shanten,282.0
5s,8m,False,3,4,12,47,-1,-35,0.5193823575973511,shanten_loss,283.0
2m,2m,True,3,3,11,11,0,0,0.47378218173980713,exact_match,284.0
2m,2m,True,4,4,45,45,0,0,0.6697564125061035,exact_match,285.0
1m,1m,True,3,3,34,34,0,0,0.7559869885444641,exact_match,286.0
2s,2s,True,4,4,46,46,0,0,0.507992684841156,exact_match,287.0
red,red,True,4,4,46,46,0,0,0.6443573236465454,exact_match,288.0
8m,8m,True,3,3,19,19,0,0,0.5278619527816772,exact_match,289.0
8p,9m,False,3,2,33,15,1,18,0.42836055159568787,better_shanten,290.0
east,east,True,3,3,38,38,0,0,0.5543670654296875,exact_match,291.0
west,west,True,2,2,31,31,0,0,0.8382805585861206,exact_match,292.0
1s,south,False,1,1,13,13,0,0,0.8022210597991943,equivalent,293.0
7p,north,False,1,1,14,13,0,1,0.8190521001815796,near_equivalent,294.0
2s,2s,True,1,1,13,13,0,0,0.48483240604400635,exact_match,295.0
north,red,False,1,1,14,12,0,2,0.595954179763794,near_equivalent,296.0
2m,2m,True,1,1,14,14,0,0,0.8769263029098511,exact_match,297.0
red,9p,False,1,1,17,13,0,4,0.5005045533180237,ukeire_loss,298.0
5s,5s,True,1,1,16,16,0,0,0.5821097493171692,exact_match,299.0
1p,1p,True,3,3,21,21,0,0,0.6952834725379944,exact_match,300.0
9s,west,False,4,4,86,89,0,-3,0.5424626469612122,better_ukeire,301.0
1s,1s,True,3,3,21,21,0,0,0.36690643429756165,exact_match,302.0
west,west,True,3,3,74,74,0,0,0.5893459916114807,exact_match,303.0
west,8p,False,3,3,21,20,0,1,0.3180420696735382,near_equivalent,304.0
4m,green,False,2,2,22,25,0,-3,0.894097626209259,better_ukeire,305.0
8p,8p,True,3,3,36,36,0,0,0.45554643869400024,exact_match,306.0
green,green,True,1,1,17,17,0,0,0.7623910903930664,exact_match,307.0
4p,4p,True,2,2,15,15,0,0,0.5663092136383057,exact_match,308.0
5s,white,False,1,1,17,17,0,0,0.8373669385910034,equivalent,309.0
4p,4p,True,2,2,14,14,0,0,0.8025628328323364,exact_match,310.0
1m,1m,True,1,1,17,17,0,0,0.7699666619300842,exact_match,311.0
red,5s,False,2,2,13,13,0,0,0.7707684636116028,equivalent,312.0
4s,4s,True,1,1,17,17,0,0,0.7830464243888855,exact_match,313.0
5s,6p,False,2,2,14,13,0,1,0.47735798358917236,near_equivalent,314.0
white,white,True,0,0,8,8,0,0,0.7852062582969666,exact_match,315.0
6p,6p,True,2,2,26,26,0,0,0.685339093208313,exact_match,316.0
1m,1m,True,1,1,10,10,0,0,0.5027856230735779,exact_match,317.0
7m,7m,True,0,0,8,8,0,0,0.9630905389785767,exact_match,318.0
1m,7p,False,1,1,10,10,0,0,0.5069335103034973,equivalent,319.0
red,red,True,1,1,17,17,0,0,0.5614243149757385,exact_match,320.0
5p,white,False,1,1,17,17,0,0,0.9438280463218689,equivalent,321.0
5m,white,False,1,1,17,16,0,1,0.8149082064628601,near_equivalent,322.0
9m,east,False,3,3,66,74,0,-8,0.3862565755844116,better_ukeire,323.0
1m,1m,True,2,2,44,44,0,0,0.5597288608551025,exact_match,324.0
east,east,True,1,1,8,8,0,0,0.9457950592041016,exact_match,325.0
6m,6p,False,1,1,8,8,0,0,0.5444630980491638,equivalent,326.0
6p,6p,True,0,0,4,4,0,0,0.9316120743751526,exact_match,327.0
6m,3m,False,0,0,4,4,0,0,0.6606948971748352,equivalent,328.0
5p,5p,True,0,0,4,4,0,0,0.9405388832092285,exact_match,329.0
7s,3s,False,0,0,8,2,0,6,0.44948238134384155,ukeire_loss,330.0
1p,1p,True,0,0,8,8,0,0,0.8579762578010559,exact_match,331.0
6m,3s,False,0,0,8,4,0,4,0.3904634118080139,ukeire_loss,332.0
green,green,True,0,0,6,6,0,0,0.9275314211845398,exact_match,333.0
9s,9s,True,3,3,55,55,0,0,0.7486311197280884,exact_match,334.0
1s,1s,True,3,3,53,53,0,0,0.872146725654602,exact_match,335.0
green,green,True,3,3,52,52,0,0,0.7254838347434998,exact_match,336.0
red,red,True,2,2,41,41,0,0,0.8848380446434021,exact_match,337.0
9p,9p,True,1,1,11,11,0,0,0.49138343334198,exact_match,338.0
9p,9p,True,1,1,11,11,0,0,0.6500285863876343,exact_match,339.0
9p,south,False,2,2,15,15,0,0,0.5422554612159729,equivalent,340.0
9p,9p,True,2,2,14,14,0,0,0.7686910033226013,exact_match,341.0
7p,south,False,2,2,15,22,0,-7,0.40863746404647827,better_ukeire,342.0
red,red,True,2,2,15,15,0,0,0.7463645339012146,exact_match,343.0
8m,1m,False,2,2,22,34,0,-12,0.5315412282943726,better_ukeire,344.0
1m,1m,True,1,1,12,12,0,0,0.6266241073608398,exact_match,345.0
3m,3m,True,1,1,12,12,0,0,0.8101617097854614,exact_match,346.0
south,6m,False,1,1,8,8,0,0,0.7874277234077454,equivalent,347.0
south,south,True,1,1,7,7,0,0,0.9436677694320679,exact_match,348.0
3s,2m,False,1,2,9,13,-1,-4,0.3038102984428406,shanten_loss,349.0
2s,6p,False,1,1,13,9,0,4,0.5155277252197266,ukeire_loss,350.0
3p,3p,True,1,1,13,13,0,0,0.6754612922668457,exact_match,351.0
6m,9m,False,3,3,56,56,0,0,0.5052391290664673,equivalent,352.0
red,red,True,2,2,30,30,0,0,0.5420067310333252,exact_match,353.0
5m,5m,True,2,2,29,29,0,0,0.4828782379627228,exact_match,354.0
1p,1p,True,1,1,8,8,0,0,0.7751420140266418,exact_match,355.0
1p,1p,True,1,1,8,8,0,0,0.8480018377304077,exact_match,356.0
8m,6p,False,1,1,6,8,0,-2,0.4745810925960541,near_equivalent,357.0
6p,white,False,1,1,6,6,0,0,0.8384602069854736,equivalent,358.0
west,west,True,4,4,76,76,0,0,0.428384929895401,exact_match,359.0
9m,red,False,3,3,56,64,0,-8,0.49487248063087463,better_ukeire,360.0
north,north,True,3,3,52,52,0,0,0.57950758934021,exact_match,361.0
1m,red,False,3,3,59,70,0,-11,0.7039579749107361,better_ukeire,362.0
white,1s,False,3,3,69,65,0,4,0.5993207693099976,ukeire_loss,363.0
6p,red,False,2,2,13,13,0,0,0.8143442273139954,equivalent,364.0
1s,1s,True,2,2,19,19,0,0,0.9192038178443909,exact_match,365.0
8s,red,False,3,2,59,21,1,38,0.719533383846283,better_shanten,366.0
9s,7s,False,2,2,18,18,0,0,0.4264523684978485,equivalent,367.0
9s,9s,True,3,3,67,67,0,0,0.623202383518219,exact_match,368.0
1p,6p,False,1,2,12,17,-1,-5,0.3873940706253052,shanten_loss,369.0
3m,6m,False,2,3,14,63,-1,-49,0.4548893868923187,shanten_loss,370.0
1p,1p,True,1,1,12,12,0,0,0.5182925462722778,exact_match,371.0
east,east,True,2,2,13,13,0,0,0.49021637439727783,exact_match,372.0
red,red,True,2,2,51,51,0,0,0.4642854332923889,exact_match,373.0
9p,8p,False,2,2,13,50,0,-37,0.7232609391212463,better_ukeire,374.0
9s,9s,True,2,2,13,13,0,0,0.8492045402526855,exact_match,375.0
green,green,True,2,2,13,13,0,0,0.8171814680099487,exact_match,376.0
green,north,False,4,4,40,40,0,0,0.8473053574562073,equivalent,377.0
north,north,True,4,4,86,86,0,0,0.8467893004417419,exact_match,378.0
east,east,True,3,3,80,80,0,0,0.7794107794761658,exact_match,379.0
7m,1s,False,2,3,13,76,-1,-63,0.8025303483009338,shanten_loss,380.0
2p,3m,False,2,2,25,23,0,2,0.4950384199619293,near_equivalent,381.0
6s,6s,True,2,2,25,25,0,0,0.9040762782096863,exact_match,382.0
9m,9m,True,2,2,23,23,0,0,0.9257476925849915,exact_match,383.0
red,red,True,2,2,21,21,0,0,0.8363291621208191,exact_match,384.0
3m,3m,True,1,1,14,14,0,0,0.5586216449737549,exact_match,385.0
white,east,False,2,2,31,31,0,0,0.910526692867279,equivalent,386.0
east,east,True,2,2,32,32,0,0,0.9774165153503418,exact_match,387.0
north,north,True,2,2,32,32,0,0,0.9719233512878418,exact_match,388.0
south,south,True,2,2,32,32,0,0,0.9426150918006897,exact_match,389.0
red,red,True,2,2,31,31,0,0,0.9608235955238342,exact_match,390.0
9p,2m,False,2,2,31,41,0,-10,0.6011064052581787,better_ukeire,391.0
3p,3p,True,1,1,17,17,0,0,0.5717015862464905,exact_match,392.0
2m,2s,False,1,1,16,17,0,-1,0.8837049603462219,near_equivalent,393.0
4m,4m,True,1,1,14,14,0,0,0.6132545471191406,exact_match,394.0
green,green,True,1,1,14,14,0,0,0.8820904493331909,exact_match,395.0
2s,2s,True,1,1,12,12,0,0,0.6126509308815002,exact_match,396.0
green,green,True,1,1,12,12,0,0,0.8715872168540955,exact_match,397.0
white,white,True,1,1,12,12,0,0,0.9278078675270081,exact_match,398.0
5s,1s,False,1,1,16,29,0,-13,0.7987130284309387,better_ukeire,399.0
1s,1s,True,0,0,6,6,0,0,0.7909803986549377,exact_match,400.0
west,west,True,0,0,6,6,0,0,0.9668067693710327,exact_match,401.0
1m,1m,True,0,0,6,6,0,0,0.9312265515327454,exact_match,402.0
2s,2s,True,0,0,6,6,0,0,0.9772832989692688,exact_match,403.0
west,west,True,2,2,14,14,0,0,0.7042216658592224,exact_match,404.0
7m,7m,True,2,2,31,31,0,0,0.9879069328308105,exact_match,405.0
5p,5s,False,1,1,12,6,0,6,0.5040765404701233,ukeire_loss,406.0
4s,5s,False,1,1,15,15,0,0,0.69692063331604,equivalent,407.0
2m,2m,True,1,1,15,15,0,0,0.6990498304367065,exact_match,408.0
5s,5s,True,0,0,11,11,0,0,0.9989984631538391,exact_match,409.0
9p,9p,True,0,0,11,11,0,0,0.9977726340293884,exact_match,410.0
9s,9s,True,0,0,11,11,0,0,0.9994522929191589,exact_match,411.0
9s,9s,True,0,0,11,11,0,0,0.9997749924659729,exact_match,412.0
9s,9s,True,0,0,11,11,0,0,0.9991922974586487,exact_match,413.0
6m,6m,True,0,0,11,11,0,0,0.998653769493103,exact_match,414.0
9m,9m,True,0,0,11,11,0,0,0.9988752007484436,exact_match,415.0
west,west,True,2,2,56,56,0,0,0.5465410947799683,exact_match,416.0
9s,9s,True,1,1,35,35,0,0,0.7900652885437012,exact_match,417.0
red,red,True,3,3,59,59,0,0,0.4919496178627014,exact_match,418.0
west,west,True,2,2,47,47,0,0,0.6022850871086121,exact_match,419.0
9s,9s,True,1,1,11,11,0,0,0.7727749943733215,exact_match,420.0
9s,9s,True,2,2,26,26,0,0,0.616408109664917,exact_match,421.0
white,1m,False,3,3,44,36,0,8,0.5029032230377197,ukeire_loss,422.0
8m,1m,False,2,2,43,43,0,0,0.7201634645462036,equivalent,423.0
red,west,False,3,3,56,56,0,0,0.4974866509437561,equivalent,424.0
1m,1m,True,1,1,26,26,0,0,0.7854169011116028,exact_match,425.0
1m,1m,True,3,3,62,62,0,0,0.5220181941986084,exact_match,426.0
north,north,True,1,1,26,26,0,0,0.9899993538856506,exact_match,427.0
west,west,True,2,2,19,19,0,0,0.4320857524871826,exact_match,428.0
1m,4m,False,1,1,25,25,0,0,0.8202536702156067,equivalent,429.0
2p,5p,False,2,2,21,19,0,2,0.21507111191749573,near_equivalent,430.0
9s,9s,True,1,1,23,23,0,0,0.9930140376091003,exact_match,431.0
5p,8m,False,1,1,10,9,0,1,0.254002183675766,near_equivalent,432.0
4m,4m,True,1,1,23,23,0,0,0.38912200927734375,exact_match,433.0
7p,south,False,1,1,10,10,0,0,0.7864439487457275,equivalent,434.0
2m,2m,True,1,1,22,22,0,0,0.9108080863952637,exact_match,435.0
3p,south,False,1,1,9,10,0,-1,0.5045351386070251,near_equivalent,436.0
1s,1s,True,1,1,22,22,0,0,0.9476752281188965,exact_match,437.0
south,red,False,1,1,9,9,0,0,0.5385674238204956,equivalent,438.0
7p,green,False,0,0,3,5,0,-2,0.5124847888946533,near_equivalent,439.0
9s,9s,True,1,1,9,9,0,0,0.729173481464386,exact_match,440.0
8p,8s,False,0,0,4,3,0,1,0.6224702000617981,near_equivalent,441.0
4m,4m,True,1,1,9,9,0,0,0.6832671761512756,exact_match,442.0
north,north,True,3,3,19,19,0,0,0.9311925172805786,exact_match,443.0
east,9s,False,4,4,86,86,0,0,0.4359309673309326,equivalent,444.0
red,green,False,2,2,11,11,0,0,0.5886602997779846,equivalent,445.0
west,9s,False,4,4,85,85,0,0,0.5701534748077393,equivalent,446.0
green,green,True,2,2,19,19,0,0,0.9622604846954346,exact_match,447.0
red,9s,False,4,4,83,81,0,2,0.3751719892024994,near_equivalent,448.0
north,north,True,2,2,19,19,0,0,0.9780666828155518,exact_match,449.0
9s,south,False,4,4,81,82,0,-1,0.3519502282142639,near_equivalent,450.0
9m,2p,False,2,2,15,19,0,-4,0.8101205825805664,better_ukeire,451.0
7m,green,False,3,3,55,72,0,-17,0.6464131474494934,better_ukeire,452.0
2s,8m,False,2,2,18,15,0,3,0.4920414984226227,ukeire_loss,453.0
green,green,True,2,2,17,17,0,0,0.7176530957221985,exact_match,454.0
4s,8m,False,2,2,17,21,0,-4,0.4130818247795105,better_ukeire,455.0
1m,1m,True,2,2,15,15,0,0,0.7960612177848816,exact_match,456.0
2p,8m,False,1,1,7,11,0,-4,0.6610655188560486,better_ukeire,457.0
south,south,True,2,2,38,38,0,0,0.691179633140564,exact_match,458.0
8m,8m,True,1,1,24,24,0,0,0.9068999886512756,exact_match,459.0
1p,1p,True,2,2,37,37,0,0,0.7459848523139954,exact_match,460.0
north,north,True,1,1,24,24,0,0,0.9807770848274231,exact_match,461.0
1s,1s,True,1,1,10,10,0,0,0.5397159457206726,exact_match,462.0
6s,6s,True,0,0,7,7,0,0,0.5048255324363708,exact_match,463.0
6s,6s,True,1,1,10,10,0,0,0.46981722116470337,exact_match,464.0
red,red,True,0,0,7,7,0,0,0.9861423373222351,exact_match,465.0
9m,2s,False,1,1,10,10,0,0,0.6726013422012329,equivalent,466.0
1p,1p,True,0,0,7,7,0,0,0.9907518625259399,exact_match,467.0
3s,3s,True,1,1,26,26,0,0,0.3114791512489319,exact_match,468.0
1m,east,False,4,4,63,71,0,-8,0.3993830382823944,better_ukeire,469.0
1s,1s,True,3,3,35,35,0,0,0.5679813027381897,exact_match,470.0
east,white,False,3,3,49,50,0,-1,0.3744976818561554,near_equivalent,471.0
white,white,True,3,3,50,50,0,0,0.40727195143699646,exact_match,472.0
9s,9s,True,3,3,50,50,0,0,0.9123196005821228,exact_match,473.0
red,1p,False,2,3,20,46,-1,-26,0.7376887202262878,shanten_loss,474.0
south,south,True,1,1,12,12,0,0,0.3864388167858124,exact_match,475.0
9m,9m,True,1,1,12,12,0,0,0.39711853861808777,exact_match,476.0
south,south,True,1,1,12,12,0,0,0.8358075022697449,exact_match,477.0
1p,7p,False,2,1,39,12,1,27,0.853007435798645,better_shanten,478.0
2p,6m,False,2,2,44,36,0,8,0.6978480219841003,ukeire_loss,479.0
6m,6m,True,2,2,32,32,0,0,0.5071134567260742,exact_match,480.0
east,7p,False,1,1,25,19,0,6,0.5012551546096802,ukeire_loss,481.0
1s,1s,True,1,1,25,25,0,0,0.6503636837005615,exact_match,482.0
7p,6s,False,1,0,23,3,1,20,0.9390409588813782,better_shanten,483.0
2s,7p,False,1,1,22,21,0,1,0.8077418804168701,near_equivalent,484.0
7p,7p,True,0,0,5,5,0,0,0.994445264339447,exact_match,485.0
west,west,True,2,2,19,19,0,0,0.6825891733169556,exact_match,486.0
1s,1s,True,2,2,19,19,0,0,0.7262216210365295,exact_match,487.0
red,red,True,2,2,46,46,0,0,0.7666223049163818,exact_match,488.0
1m,1m,True,2,2,45,45,0,0,0.9198408126831055,exact_match,489.0
8m,8m,True,1,1,14,14,0,0,0.6653705835342407,exact_match,490.0
2s,2s,True,1,1,14,14,0,0,0.7869055867195129,exact_match,491.0
4m,3m,False,0,1,8,22,-1,-14,0.42251312732696533,shanten_loss,492.0
9p,9p,True,0,0,8,8,0,0,0.9492283463478088,exact_match,493.0
9p,9p,True,3,3,49,49,0,0,0.5358049273490906,exact_match,494.0
9s,9s,True,2,2,20,20,0,0,0.5444561243057251,exact_match,495.0
red,south,False,1,1,12,12,0,0,0.5487391948699951,equivalent,496.0
south,south,True,1,1,18,18,0,0,0.7946823239326477,exact_match,497.0
2s,2s,True,1,1,18,18,0,0,0.7577783465385437,exact_match,498.0
1s,south,False,3,3,61,68,0,-7,0.5509499311447144,better_ukeire,499.0
south,west,False,3,3,19,19,0,0,0.5612635016441345,equivalent,500.0
south,south,True,2,2,15,15,0,0,0.9606301784515381,exact_match,501.0
west,north,False,3,3,18,19,0,-1,0.37102827429771423,near_equivalent,502.0
9s,3m,False,2,2,19,23,0,-4,0.6963408589363098,better_ukeire,503.0
9s,9s,True,3,3,18,18,0,0,0.7113151550292969,exact_match,504.0
9s,9s,True,2,2,19,19,0,0,0.9206793904304504,exact_match,505.0
north,north,True,3,3,67,67,0,0,0.5223211050033569,exact_match,506.0
red,red,True,2,2,19,19,0,0,0.9735663533210754,exact_match,507.0
white,white,True,3,3,66,66,0,0,0.7908946871757507,exact_match,508.0
3m,3m,True,2,2,24,24,0,0,0.47197026014328003,exact_match,509.0
8p,4m,False,2,2,21,21,0,0,0.28987178206443787,equivalent,510.0
east,east,True,2,2,23,23,0,0,0.9461162090301514,exact_match,511.0
1s,1s,True,2,2,45,45,0,0,0.4652109146118164,exact_match,512.0
2m,2m,True,2,2,23,23,0,0,0.9537349343299866,exact_match,513.0
4m,4m,True,1,1,14,14,0,0,0.8581308126449585,exact_match,514.0
9m,9m,True,1,1,10,10,0,0,0.3960787057876587,exact_match,515.0
7m,7s,False,1,1,9,11,0,-2,0.6756545901298523,near_equivalent,516.0
2p,6m,False,1,1,10,10,0,0,0.7521401047706604,equivalent,517.0
2p,2p,True,1,1,9,9,0,0,0.7009008526802063,exact_match,518.0
2p,2p,True,1,1,9,9,0,0,0.9353669285774231,exact_match,519.0
east,east,True,2,2,12,12,0,0,0.8250625133514404,exact_match,520.0
green,green,True,2,2,12,12,0,0,0.652350902557373,exact_match,521.0
west,west,True,1,1,8,8,0,0,0.9047533273696899,exact_match,522.0
1s,6m,False,2,1,66,8,1,58,0.6471465229988098,better_shanten,523.0
6m,6m,True,1,1,19,19,0,0,0.7308756709098816,exact_match,524.0
2p,2p,True,1,1,19,19,0,0,0.7063480019569397,exact_match,525.0
6s,6s,True,1,1,19,19,0,0,0.66827791929245,exact_match,526.0
red,south,False,3,3,46,45,0,1,0.8653953075408936,near_equivalent,527.0
south,green,False,3,3,60,61,0,-1,0.5154871940612793,near_equivalent,528.0
green,green,True,2,2,53,53,0,0,0.6431996822357178,exact_match,529.0
north,north,True,2,2,49,49,0,0,0.7535520195960999,exact_match,530.0
white,white,True,2,2,62,62,0,0,0.8101505041122437,exact_match,531.0
6m,7p,False,1,2,21,60,-1,-39,0.6413675546646118,shanten_loss,532.0
3m,3m,True,1,1,21,21,0,0,0.9056352972984314,exact_match,533.0
1p,south,False,4,4,68,76,0,-8,0.5132630467414856,better_ukeire,534.0
east,east,True,3,3,28,28,0,0,0.6564008593559265,exact_match,535.0
south,1m,False,3,3,19,19,0,0,0.49593600630760193,equivalent,536.0
white,1p,False,2,3,17,48,-1,-31,0.5447356700897217,shanten_loss,537.0
white,1m,False,3,3,69,60,0,9,0.6148470044136047,ukeire_loss,538.0
red,1p,False,2,3,17,60,-1,-43,0.46131250262260437,shanten_loss,539.0
red,red,True,3,3,69,69,0,0,0.6191470623016357,exact_match,540.0
1p,1p,True,3,3,79,79,0,0,0.7282781600952148,exact_match,541.0
1m,1m,True,2,2,25,25,0,0,0.7117851972579956,exact_match,542.0
7p,7p,True,2,2,53,53,0,0,0.46572163701057434,exact_match,543.0
7s,7s,True,2,2,28,28,0,0,0.7077838182449341,exact_match,544.0
2p,4p,False,1,1,12,10,0,2,0.46735942363739014,near_equivalent,545.0
4s,5m,False,1,1,7,12,0,-5,0.6919770836830139,better_ukeire,546.0
red,red,True,1,1,12,12,0,0,0.8658649921417236,exact_match,547.0
4s,4s,True,0,0,3,3,0,0,0.9272592067718506,exact_match,548.0
green,3m,False,1,0,10,3,1,7,0.7471835017204285,better_shanten,549.0
green,1p,False,2,1,38,10,1,28,0.9436668157577515,better_shanten,550.0
green,1p,False,1,1,11,11,0,0,0.5799775719642639,equivalent,551.0
green,1p,False,3,3,28,28,0,0,0.793015718460083,equivalent,552.0
1p,1p,True,2,2,20,20,0,0,0.8967975974082947,exact_match,553.0
5m,5m,True,1,1,8,8,0,0,0.6654357314109802,exact_match,554.0
8s,8s,True,1,1,20,20,0,0,0.41112104058265686,exact_match,555.0
3m,3m,True,1,1,20,20,0,0,0.8117218613624573,exact_match,556.0
2m,north,False,3,3,21,21,0,0,0.4803851842880249,equivalent,557.0
green,north,False,3,3,40,39,0,1,0.3237028121948242,near_equivalent,558.0
6p,6p,True,2,2,14,14,0,0,0.6628996133804321,exact_match,559.0
6m,north,False,3,2,47,13,1,34,0.30970245599746704,better_shanten,560.0
6s,red,False,1,1,16,16,0,0,0.730403482913971,equivalent,561.0
5m,5m,True,2,2,27,27,0,0,0.7204663753509521,exact_match,562.0
4m,4m,True,1,1,15,15,0,0,0.8409460186958313,exact_match,563.0
north,5s,False,1,1,4,4,0,0,0.6912018656730652,equivalent,564.0
1s,1s,True,1,1,14,14,0,0,0.9132463335990906,exact_match,565.0
1s,5s,False,1,1,5,5,0,0,0.6393593549728394,equivalent,566.0
white,white,True,1,1,14,14,0,0,0.8922764658927917,exact_match,567.0
5s,9m,False,1,1,5,5,0,0,0.9158173203468323,equivalent,568.0
white,white,True,1,1,14,14,0,0,0.9439138770103455,exact_match,569.0
2m,2m,True,1,1,5,5,0,0,0.7618981599807739,exact_match,570.0
red,red,True,0,0,9,9,0,0,0.9716207385063171,exact_match,571.0
9m,9m,True,0,0,3,3,0,0,0.985650360584259,exact_match,572.0
8m,8m,True,0,0,9,9,0,0,0.9269767999649048,exact_match,573.0
4m,4m,True,0,0,3,3,0,0,0.9894531965255737,exact_match,574.0
west,south,False,4,4,57,58,0,-1,0.512176513671875,near_equivalent,575.0
1m,south,False,3,3,26,26,0,0,0.4568166434764862,equivalent,576.0
2m,north,False,3,3,26,26,0,0,0.3620445430278778,equivalent,577.0
south,north,False,3,3,30,30,0,0,0.3383226692676544,equivalent,578.0
2p,white,False,3,2,43,19,1,24,0.3659616708755493,better_shanten,579.0
6p,1p,False,3,3,43,46,0,-3,0.5356465578079224,better_ukeire,580.0
1p,1p,True,3,3,36,36,0,0,0.4134505093097687,exact_match,581.0
red,white,False,2,2,18,18,0,0,0.47550132870674133,equivalent,582.0
2s,white,False,2,2,18,18,0,0,0.37988078594207764,equivalent,583.0
7m,7m,True,2,2,17,17,0,0,0.5959662795066833,exact_match,584.0
white,white,True,1,1,10,10,0,0,0.5886250734329224,exact_match,585.0
north,north,True,0,0,3,3,0,0,0.9165934324264526,exact_match,586.0
west,west,True,1,1,13,13,0,0,0.6679447889328003,exact_match,587.0
1p,north,False,3,3,31,31,0,0,0.377764493227005,equivalent,588.0
white,white,True,1,1,14,14,0,0,0.875391960144043,exact_match,589.0
north,north,True,3,3,30,30,0,0,0.7063525915145874,exact_match,590.0
9p,9p,True,1,1,24,24,0,0,0.9671018123626709,exact_match,591.0
north,north,True,3,3,30,30,0,0,0.8782780766487122,exact_match,592.0
green,green,True,1,1,24,24,0,0,0.993194580078125,exact_match,593.0
green,white,False,3,3,37,37,0,0,0.3637109398841858,equivalent,594.0
8s,6p,False,1,0,33,4,1,29,0.7276182174682617,better_shanten,595.0
east,white,False,2,2,16,16,0,0,0.5078635215759277,equivalent,596.0
6s,3s,False,1,1,32,33,0,-1,0.9487952589988708,near_equivalent,597.0
white,white,True,2,2,18,18,0,0,0.7772537469863892,exact_match,598.0
3s,3s,True,1,1,32,32,0,0,0.6584250330924988,exact_match,599.0
6m,6m,True,2,2,20,20,0,0,0.4410443902015686,exact_match,600.0
red,red,True,1,1,32,32,0,0,0.9223374128341675,exact_match,601.0
2p,4m,False,1,1,11,7,0,4,0.20008140802383423,ukeire_loss,602.0
6p,4s,False,1,1,31,31,0,0,0.8233773708343506,equivalent,603.0
1s,1s,True,1,1,11,11,0,0,0.763218104839325,exact_match,604.0
white,green,False,2,2,25,25,0,0,0.47823259234428406,equivalent,605.0
9m,9m,True,3,3,20,20,0,0,0.5174264907836914,exact_match,606.0
1p,1p,True,2,2,25,25,0,0,0.6579446196556091,exact_match,607.0
west,white,False,4,4,71,71,0,0,0.3578674793243408,equivalent,608.0
8s,green,False,1,1,16,16,0,0,0.5672584176063538,equivalent,609.0
9s,9s,True,3,3,57,57,0,0,0.4089713990688324,exact_match,610.0
green,west,False,1,1,16,16,0,0,0.8053092956542969,equivalent,611.0
green,white,False,3,3,57,56,0,1,0.3881776034832001,near_equivalent,612.0
west,west,True,1,1,16,16,0,0,0.9670175909996033,exact_match,613.0
1m,1m,True,3,3,56,56,0,0,0.6358458995819092,exact_match,614.0
6s,6s,True,1,1,16,16,0,0,0.9885412454605103,exact_match,615.0
white,white,True,2,2,43,43,0,0,0.4066590368747711,exact_match,616.0
7p,7p,True,1,1,16,16,0,0,0.9842010140419006,exact_match,617.0
1s,1s,True,2,2,42,42,0,0,0.8238560557365417,exact_match,618.0
east,east,True,2,2,41,41,0,0,0.6294217109680176,exact_match,619.0
red,9m,False,2,2,44,41,0,3,0.6494079828262329,ukeire_loss,620.0
5m,5m,True,1,1,12,12,0,0,0.5358386635780334,exact_match,621.0
6s,6s,True,1,1,12,12,0,0,0.6072751879692078,exact_match,622.0
9s,9s,True,1,1,11,11,0,0,0.7572058439254761,exact_match,623.0
west,west,True,1,1,11,11,0,0,0.595878541469574,exact_match,624.0
1s,1s,True,4,4,56,56,0,0,0.5040759444236755,exact_match,625.0
9p,9p,True,2,2,27,27,0,0,0.9691374897956848,exact_match,626.0
9m,south,False,3,3,38,46,0,-8,0.4890564978122711,better_ukeire,627.0
2p,north,False,2,2,26,26,0,0,0.8645641207695007,equivalent,628.0
south,south,True,2,2,33,33,0,0,0.6699550747871399,exact_match,629.0
north,1m,False,2,2,30,26,0,4,0.4872898459434509,ukeire_loss,630.0
1s,1s,True,2,2,33,33,0,0,0.8669455647468567,exact_match,631.0
east,east,True,2,2,28,28,0,0,0.8825573921203613,exact_match,632.0
white,green,False,1,1,24,24,0,0,0.6043888926506042,equivalent,633.0
8m,1m,False,1,1,14,14,0,0,0.4974903166294098,equivalent,634.0
green,green,True,1,1,35,35,0,0,0.9213298559188843,exact_match,635.0
9m,9m,True,1,1,14,14,0,0,0.8258314728736877,exact_match,636.0
8s,8s,True,1,1,35,35,0,0,0.9460822939872742,exact_match,637.0
6m,6m,True,1,1,13,13,0,0,0.6614439487457275,exact_match,638.0
1m,1m,True,0,0,7,7,0,0,0.9111627340316772,exact_match,639.0
2s,2s,True,0,0,7,7,0,0,0.9908797740936279,exact_match,640.0
red,red,True,0,0,7,7,0,0,0.9854035973548889,exact_match,641.0
red,red,True,0,0,7,7,0,0,0.9831347465515137,exact_match,642.0
north,north,True,3,3,39,39,0,0,0.616606593132019,exact_match,643.0
1m,1m,True,2,2,10,10,0,0,0.7659278512001038,exact_match,644.0
green,green,True,1,1,8,8,0,0,0.6182734370231628,exact_match,645.0
red,red,True,0,0,4,4,0,0,0.983600914478302,exact_match,646.0
white,white,True,0,0,4,4,0,0,0.9936308264732361,exact_match,647.0
2s,2s,True,0,0,4,4,0,0,0.8890061974525452,exact_match,648.0
4s,4s,True,0,0,4,4,0,0,0.9435608386993408,exact_match,649.0
east,east,True,0,0,4,4,0,0,0.9877884984016418,exact_match,650.0
3m,3m,True,0,0,4,4,0,0,0.9909399747848511,exact_match,651.0
2p,2p,True,0,0,4,4,0,0,0.9869699478149414,exact_match,652.0
5m,5m,True,0,0,4,4,0,0,0.9518879652023315,exact_match,653.0
white,white,True,3,3,70,70,0,0,0.9523491859436035,exact_match,654.0
2m,2m,True,2,2,57,57,0,0,0.9101670980453491,exact_match,655.0
south,south,True,2,2,56,56,0,0,0.962649405002594,exact_match,656.0
8m,8m,True,1,1,16,16,0,0,0.4826980233192444,exact_match,657.0
9s,9s,True,4,4,26,26,0,0,0.39228513836860657,exact_match,658.0
1p,1s,False,3,3,20,20,0,0,0.35248178243637085,equivalent,659.0
1s,south,False,3,3,19,19,0,0,0.5184887051582336,equivalent,660.0
east,east,True,3,3,19,19,0,0,0.7653405666351318,exact_match,661.0
red,2p,False,3,3,18,19,0,-1,0.66560959815979,near_equivalent,662.0
2p,green,False,3,3,41,45,0,-4,0.41465893387794495,better_ukeire,663.0
9p,green,False,3,2,39,17,1,22,0.36168742179870605,better_shanten,664.0
south,green,False,2,2,32,33,0,-1,0.45409175753593445,near_equivalent,665.0
green,green,True,1,1,12,12,0,0,0.5301466584205627,exact_match,666.0
8p,8p,True,0,0,6,6,0,0,0.9573374390602112,exact_match,667.0
south,9p,False,2,2,35,27,0,8,0.4024084806442261,ukeire_loss,668.0
white,2p,False,2,2,16,19,0,-3,0.9457986354827881,better_ukeire,669.0
north,9p,False,2,2,39,31,0,8,0.45801106095314026,ukeire_loss,670.0
white,white,True,2,2,24,24,0,0,0.9597687125205994,exact_match,671.0
red,9p,False,2,2,38,30,0,8,0.5350846648216248,ukeire_loss,672.0
east,east,True,2,2,24,24,0,0,0.922234058380127,exact_match,673.0
9p,9p,True,2,2,52,52,0,0,0.6347678303718567,exact_match,674.0
1s,1s,True,2,2,24,24,0,0,0.967362642288208,exact_match,675.0
9m,green,False,2,2,49,52,0,-3,0.7329166531562805,better_ukeire,676.0
8m,8m,True,2,2,22,22,0,0,0.6425691843032837,exact_match,677.0
green,green,True,2,2,67,67,0,0,0.9056888818740845,exact_match,678.0
2s,2s,True,2,2,22,22,0,0,0.9831616878509521,exact_match,679.0
9s,9s,True,2,2,63,63,0,0,0.8148418068885803,exact_match,680.0
8m,8m,True,2,2,22,22,0,0,0.8658695220947266,exact_match,681.0
6p,6p,True,1,1,18,18,0,0,0.8562800288200378,exact_match,682.0
2p,2p,True,1,1,16,16,0,0,0.6600170135498047,exact_match,683.0
1s,1s,True,1,1,16,16,0,0,0.9601683616638184,exact_match,684.0
3p,3p,True,1,1,16,16,0,0,0.9210106134414673,exact_match,685.0
1p,1p,True,1,1,16,16,0,0,0.9761549234390259,exact_match,686.0
8s,4s,False,1,1,16,16,0,0,0.54152512550354,equivalent,687.0
3m,3m,True,0,0,5,5,0,0,0.9566969871520996,exact_match,688.0
6p,6p,True,1,1,16,16,0,0,0.7928142547607422,exact_match,689.0
2m,2m,True,0,0,5,5,0,0,0.9224568009376526,exact_match,690.0
8m,white,False,1,1,10,10,0,0,0.8323675990104675,equivalent,691.0
white,white,True,1,1,17,17,0,0,0.8064459562301636,exact_match,692.0
1p,1p,True,1,1,17,17,0,0,0.9743559956550598,exact_match,693.0
5s,8p,False,0,0,3,3,0,0,0.6169243454933167,equivalent,694.0
5s,5s,True,0,0,3,3,0,0,0.6653374433517456,exact_match,695.0
8p,west,False,0,0,3,3,0,0,0.7229267358779907,equivalent,696.0
west,west,True,0,0,6,6,0,0,0.5980504155158997,exact_match,697.0
7m,7m,True,0,0,6,6,0,0,0.9563704133033752,exact_match,698.0
4p,3m,False,0,0,10,6,0,4,0.8231580853462219,ukeire_loss,699.0
green,green,True,0,0,10,10,0,0,0.9150788187980652,exact_match,700.0
south,south,True,4,4,87,87,0,0,0.40339982509613037,exact_match,701.0
2p,2p,True,3,3,30,30,0,0,0.8643206357955933,exact_match,702.0
5p,5p,True,2,2,22,22,0,0,0.5124039053916931,exact_match,703.0
east,east,True,2,2,22,22,0,0,0.7200937271118164,exact_match,704.0
5s,5s,True,1,1,16,16,0,0,0.754486083984375,exact_match,705.0
9m,1s,False,3,3,50,50,0,0,0.433856338262558,equivalent,706.0
9p,1s,False,3,3,46,50,0,-4,0.48141831159591675,better_ukeire,707.0
west,west,True,3,3,46,46,0,0,0.741491436958313,exact_match,708.0
8s,green,False,2,2,37,40,0,-3,0.4714250862598419,better_ukeire,709.0
red,red,True,2,2,37,37,0,0,0.3348815143108368,exact_match,710.0
1s,green,False,1,1,11,11,0,0,0.49752944707870483,equivalent,711.0
7s,7s,True,1,1,13,13,0,0,0.6567414402961731,exact_match,712.0
green,east,False,1,1,13,13,0,0,0.628275454044342,equivalent,713.0
7m,7m,True,1,1,12,12,0,0,0.5453111529350281,exact_match,714.0
east,south,False,1,1,10,10,0,0,0.7004073262214661,equivalent,715.0
1s,1s,True,1,1,8,8,0,0,0.8692778944969177,exact_match,716.0
north,south,False,1,0,8,4,1,4,0.5871179699897766,better_shanten,717.0
7s,7s,True,1,1,8,8,0,0,0.6953462958335876,exact_match,718.0
north,north,True,1,1,13,13,0,0,0.7878407835960388,exact_match,719.0
3m,3m,True,1,1,13,13,0,0,0.8402032852172852,exact_match,720.0
2s,2s,True,1,1,12,12,0,0,0.8539599180221558,exact_match,721.0
1p,1p,True,1,1,10,10,0,0,0.44785135984420776,exact_match,722.0
9p,9p,True,1,1,10,10,0,0,0.956001341342926,exact_match,723.0
2p,9p,False,2,2,13,13,0,0,0.5474212169647217,equivalent,724.0
1p,1p,True,2,2,13,13,0,0,0.6484472751617432,exact_match,725.0
east,9p,False,2,2,13,12,0,1,0.8752574920654297,near_equivalent,726.0
south,9p,False,3,3,28,20,0,8,0.8795887231826782,ukeire_loss,727.0
9p,9p,True,2,2,16,16,0,0,0.9009353518486023,exact_match,728.0
white,white,True,1,1,9,9,0,0,0.5215693116188049,exact_match,729.0
9m,9m,True,1,1,9,9,0,0,0.964404821395874,exact_match,730.0
8p,8p,True,1,1,9,9,0,0,0.9525482058525085,exact_match,731.0
red,red,True,0,0,4,4,0,0,0.9609461426734924,exact_match,732.0
4s,4s,True,0,0,4,4,0,0,0.9565251469612122,exact_match,733.0
8p,7m,False,2,2,26,22,0,4,0.7208119630813599,ukeire_loss,734.0
1s,1s,True,1,1,18,18,0,0,0.7235770225524902,exact_match,735.0
2s,2s,True,1,1,18,18,0,0,0.7023316025733948,exact_match,736.0
east,9s,False,3,3,31,31,0,0,0.36453524231910706,equivalent,737.0
9s,9s,True,4,4,63,63,0,0,0.39682480692863464,exact_match,738.0
north,9s,False,3,3,58,51,0,7,0.5557938814163208,ukeire_loss,739.0
south,south,True,3,3,50,50,0,0,0.4024195969104767,exact_match,740.0
9s,9s,True,2,2,22,22,0,0,0.700729489326477,exact_match,741.0
white,white,True,3,3,54,54,0,0,0.4011503756046295,exact_match,742.0
9p,9p,True,2,2,22,22,0,0,0.814811646938324,exact_match,743.0
south,south,True,3,3,53,53,0,0,0.863868772983551,exact_match,744.0
green,green,True,2,2,38,38,0,0,0.9090451002120972,exact_match,745.0
red,red,True,2,2,47,47,0,0,0.5275135040283203,exact_match,746.0
red,red,True,2,2,38,38,0,0,0.9667654037475586,exact_match,747.0
1p,1p,True,2,2,47,47,0,0,0.6957120895385742,exact_match,748.0
1s,1s,True,1,1,21,21,0,0,0.48136624693870544,exact_match,749.0
white,white,True,2,2,45,45,0,0,0.7293274998664856,exact_match,750.0
5m,2s,False,0,1,4,38,-1,-34,0.7890762686729431,shanten_loss,751.0
8p,8p,True,1,1,9,9,0,0,0.6693946123123169,exact_match,752.0
west,north,False,4,4,75,76,0,-1,0.4277842044830322,near_equivalent,753.0
north,north,True,3,3,71,71,0,0,0.5083059072494507,exact_match,754.0
white,1p,False,2,2,41,38,0,3,0.48189598321914673,ukeire_loss,755.0
1p,1p,True,2,2,47,47,0,0,0.8514610528945923,exact_match,756.0
9p,2s,False,2,2,46,48,0,-2,0.6021265983581543,near_equivalent,757.0
2s,2s,True,1,1,31,31,0,0,0.852996289730072,exact_match,758.0
south,south,True,1,1,30,30,0,0,0.9459549188613892,exact_match,759.0
east,east,True,3,3,69,69,0,0,0.9232597351074219,exact_match,760.0
red,red,True,3,3,81,81,0,0,0.8033307790756226,exact_match,761.0
8p,8p,True,2,2,20,20,0,0,0.8901510238647461,exact_match,762.0
white,white,True,2,2,20,20,0,0,0.983530580997467,exact_match,763.0
white,white,True,2,2,20,20,0,0,0.9816792011260986,exact_match,764.0
6m,6m,True,2,2,31,31,0,0,0.7346279621124268,exact_match,765.0
2s,2s,True,1,1,16,16,0,0,0.4717051386833191,exact_match,766.0
5m,5m,True,1,1,15,15,0,0,0.9532994627952576,exact_match,767.0
green,green,True,1,1,14,14,0,0,0.8136073350906372,exact_match,768.0
3s,3s,True,1,1,18,18,0,0,0.6896865367889404,exact_match,769.0
3p,4p,False,0,0,3,5,0,-2,0.5228615403175354,near_equivalent,770.0
9s,9s,True,0,0,3,3,0,0,0.9843541383743286,exact_match,771.0
1s,1s,True,0,0,3,3,0,0,0.9956945180892944,exact_match,772.0
1p,1p,True,0,0,3,3,0,0,0.9896724224090576,exact_match,773.0
5s,6s,False,0,0,2,3,0,-1,0.8561964631080627,near_equivalent,774.0
3p,3p,True,0,0,2,2,0,0,0.9639290571212769,exact_match,775.0
red,red,True,0,0,2,2,0,0,0.9851776957511902,exact_match,776.0
white,white,True,2,2,16,16,0,0,0.8852423429489136,exact_match,777.0
north,north,True,2,2,16,16,0,0,0.9748257994651794,exact_match,778.0
6p,1s,False,2,2,20,16,0,4,0.3294895887374878,ukeire_loss,779.0
green,green,True,2,2,16,16,0,0,0.897451639175415,exact_match,780.0
3s,7m,False,2,2,20,20,0,0,0.522332489490509,equivalent,781.0
7s,2m,False,2,2,16,16,0,0,0.33680757880210876,equivalent,782.0
red,red,True,2,2,20,20,0,0,0.7983316779136658,exact_match,783.0
2m,2m,True,1,1,8,8,0,0,0.6621993184089661,exact_match,784.0
7m,7m,True,1,1,12,12,0,0,0.9172928929328918,exact_match,785.0
north,north,True,1,1,8,8,0,0,0.8023353815078735,exact_match,786.0
6p,8p,False,1,1,11,11,0,0,0.3891642391681671,equivalent,787.0
5s,2s,False,2,1,49,11,1,38,0.6931988000869751,better_shanten,788.0
south,7m,False,3,2,71,48,1,23,0.3973458707332611,better_shanten,789.0
south,white,False,4,3,70,69,1,1,0.4485536813735962,better_shanten,790.0
red,red,True,2,2,45,45,0,0,0.6943673491477966,exact_match,791.0
4s,7p,False,3,3,35,35,0,0,0.30021798610687256,equivalent,792.0
9m,east,False,2,2,44,52,0,-8,0.6127047538757324,better_ukeire,793.0
7p,7p,True,2,2,12,12,0,0,0.6546986103057861,exact_match,794.0
1m,east,False,1,1,16,16,0,0,0.9386461973190308,equivalent,795.0
south,6m,False,2,3,12,26,-1,-14,0.7362473011016846,shanten_loss,796.0
1s,east,False,1,1,16,16,0,0,0.5011873841285706,equivalent,797.0
3p,3p,True,2,2,12,12,0,0,0.7907665371894836,exact_match,798.0
3m,east,False,1,1,16,16,0,0,0.8316071629524231,equivalent,799.0
4p,4p,True,2,2,12,12,0,0,0.8520444631576538,exact_match,800.0
east,east,True,1,1,25,25,0,0,0.8719304203987122,exact_match,801.0
white,6m,False,1,2,8,19,-1,-11,0.5187546610832214,shanten_loss,802.0
north,north,True,1,1,7,7,0,0,0.4318406283855438,exact_match,803.0
green,6m,False,1,2,7,17,-1,-10,0.39096710085868835,shanten_loss,804.0
red,7p,False,1,1,7,7,0,0,0.81248539686203,equivalent,805.0
7p,7p,True,1,1,7,7,0,0,0.41635528206825256,exact_match,806.0
1m,1m,True,1,1,7,7,0,0,0.4871874153614044,exact_match,807.0
2m,2m,True,1,1,6,6,0,0,0.7177449464797974,exact_match,808.0
9p,9p,True,1,1,6,6,0,0,0.43187451362609863,exact_match,809.0
1s,west,False,2,1,25,6,1,19,0.765339732170105,better_shanten,810.0
west,west,True,2,2,24,24,0,0,0.5242392420768738,exact_match,811.0
1m,1m,True,2,2,35,35,0,0,0.535802960395813,exact_match,812.0
8m,8m,True,3,3,46,46,0,0,0.49106964468955994,exact_match,813.0
9s,9s,True,4,4,52,52,0,0,0.4858311712741852,exact_match,814.0
2s,2s,True,3,3,35,35,0,0,0.5561847686767578,exact_match,815.0
8m,8m,True,2,2,23,23,0,0,0.561019241809845,exact_match,816.0
9m,9m,True,3,3,33,33,0,0,0.8145870566368103,exact_match,817.0
1m,1m,True,1,1,14,14,0,0,0.8383322358131409,exact_match,818.0
west,west,True,2,2,14,14,0,0,0.46448013186454773,exact_match,819.0
north,6m,False,2,2,30,14,0,16,0.8774800896644592,ukeire_loss,820.0
6m,6m,True,1,1,8,8,0,0,0.9076337814331055,exact_match,821.0
1s,1s,True,1,1,8,8,0,0,0.9473826289176941,exact_match,822.0
south,south,True,1,1,14,14,0,0,0.844928503036499,exact_match,823.0
4m,4m,True,1,1,13,13,0,0,0.9928183555603027,exact_match,824.0
green,green,True,1,1,13,13,0,0,0.9871804118156433,exact_match,825.0
8p,8p,True,0,0,3,3,0,0,0.3034275472164154,exact_match,826.0
1m,1m,True,3,3,48,48,0,0,0.8932870030403137,exact_match,827.0
east,east,True,3,3,51,51,0,0,0.876697838306427,exact_match,828.0
1s,9p,False,3,3,33,50,0,-17,0.6593136787414551,better_ukeire,829.0
red,red,True,3,3,30,30,0,0,0.8324995636940002,exact_match,830.0
3s,green,False,3,3,29,29,0,0,0.7255158424377441,equivalent,831.0
3p,green,False,3,3,47,47,0,0,0.44919076561927795,equivalent,832.0
8m,green,False,2,2,18,20,0,-2,0.6307703256607056,near_equivalent,833.0
1s,1s,True,4,4,27,27,0,0,0.8599928021430969,exact_match,834.0
west,west,True,3,3,31,31,0,0,0.774163007736206,exact_match,835.0
white,white,True,4,4,78,78,0,0,0.7025712132453918,exact_match,836.0
white,white,True,3,3,63,63,0,0,0.7227094769477844,exact_match,837.0
2m,south,False,4,4,74,78,0,-4,0.8593522906303406,better_ukeire,838.0
south,south,True,3,3,23,23,0,0,0.4916793406009674,exact_match,839.0
1s,green,False,3,2,63,12,1,51,0.5379235744476318,better_shanten,840.0
red,red,True,3,3,26,26,0,0,0.7965248823165894,exact_match,841.0
green,2m,False,2,2,26,28,0,-2,0.6086423397064209,near_equivalent,842.0
1m,1m,True,3,3,26,26,0,0,0.9809260368347168,exact_match,843.0
2m,2m,True,2,2,39,39,0,0,0.9427205324172974,exact_match,844.0
west,west,True,3,3,26,26,0,0,0.861899733543396,exact_match,845.0
7m,7m,True,2,2,43,43,0,0,0.8410108685493469,exact_match,846.0
9m,2p,False,3,3,49,48,0,1,0.4380841553211212,near_equivalent,847.0
red,red,True,2,2,43,43,0,0,0.9670618772506714,exact_match,848.0
7s,8m,False,3,2,62,17,1,45,0.4263899028301239,better_shanten,849.0
7p,7p,True,1,1,26,26,0,0,0.60959392786026,exact_match,850.0
8s,9s,False,3,3,60,60,0,0,0.5825946927070618,equivalent,851.0
9s,9s,True,2,2,29,29,0,0,0.5163534879684448,exact_match,852.0
2s,2s,True,1,1,21,21,0,0,0.568706750869751,exact_match,853.0
6p,5m,False,2,2,22,33,0,-11,0.7270459532737732,better_ukeire,854.0
3p,3p,True,1,1,20,20,0,0,0.7491123676300049,exact_match,855.0
9m,9m,True,2,2,21,21,0,0,0.44414833188056946,exact_match,856.0
2p,2p,True,1,1,19,19,0,0,0.9353886246681213,exact_match,857.0
6p,2p,False,2,2,23,23,0,0,0.7220278978347778,equivalent,858.0
2s,2s,True,1,1,19,19,0,0,0.7143440842628479,exact_match,859.0
1s,2p,False,2,2,23,20,0,3,0.510164201259613,ukeire_loss,860.0
north,north,True,1,1,19,19,0,0,0.9706037640571594,exact_match,861.0
4p,3m,False,1,1,15,11,0,4,0.5918996334075928,ukeire_loss,862.0
8s,6s,False,0,0,3,1,0,2,0.39153853058815,near_equivalent,863.0
4p,4p,True,1,1,15,15,0,0,0.9702114462852478,exact_match,864.0
9s,9s,True,0,0,3,3,0,0,0.9707167744636536,exact_match,865.0
3m,3m,True,0,0,8,8,0,0,0.9934188723564148,exact_match,866.0
green,green,True,0,0,3,3,0,0,0.991524875164032,exact_match,867.0
1s,1s,True,0,0,8,8,0,0,0.9938566088676453,exact_match,868.0
6m,6m,False,0,0,3,3,0,0,0.4120626449584961,equivalent,869.0
west,west,True,4,4,59,59,0,0,0.40549373626708984,exact_match,870.0
east,north,False,4,4,76,78,0,-2,0.5851144194602966,near_equivalent,871.0
1s,north,False,3,3,57,73,0,-16,0.43686288595199585,better_ukeire,872.0
2m,north,False,2,2,11,11,0,0,0.5850006341934204,equivalent,873.0
north,north,True,2,2,20,20,0,0,0.5355039238929749,exact_match,874.0
7s,7s,True,2,2,20,20,0,0,0.6062216758728027,exact_match,875.0
6p,6p,True,1,1,16,16,0,0,0.8347050547599792,exact_match,876.0
5m,5m,True,1,1,14,14,0,0,0.5322130918502808,exact_match,877.0
east,east,True,1,1,13,13,0,0,0.9198194146156311,exact_match,878.0
1p,3p,False,0,1,5,19,-1,-14,0.3736933171749115,shanten_loss,879.0
red,9s,False,3,3,74,66,0,8,0.5493847131729126,ukeire_loss,880.0
west,west,True,3,3,48,48,0,0,0.527250349521637,exact_match,881.0
9p,9s,False,2,2,48,48,0,0,0.5584263205528259,equivalent,882.0
west,west,True,3,3,46,46,0,0,0.5157076716423035,exact_match,883.0
9s,9s,True,2,2,46,46,0,0,0.8568391799926758,exact_match,884.0
north,south,False,3,3,47,46,0,1,0.6217405200004578,near_equivalent,885.0
8m,2m,False,1,1,30,30,0,0,0.5162971019744873,equivalent,886.0
green,1p,False,3,3,52,45,0,7,0.8186624050140381,ukeire_loss,887.0
2m,2m,True,1,1,28,28,0,0,0.72690749168396,exact_match,888.0
1p,1p,True,2,2,26,26,0,0,0.5584004521369934,exact_match,889.0
2p,5m,False,1,1,34,27,0,7,0.6898539662361145,ukeire_loss,890.0
white,2p,False,2,2,35,25,0,10,0.6139864921569824,ukeire_loss,891.0
9m,9m,True,1,1,34,34,0,0,0.9818897247314453,exact_match,892.0
north,north,True,2,2,34,34,0,0,0.6314609050750732,exact_match,893.0
white,white,True,1,1,34,34,0,0,0.9595977663993835,exact_match,894.0
west,west,True,2,2,33,33,0,0,0.46399879455566406,exact_match,895.0
south,south,True,1,1,12,12,0,0,0.6865376234054565,exact_match,896.0
south,south,True,4,4,27,27,0,0,0.9550634622573853,exact_match,897.0
1p,west,False,3,3,19,19,0,0,0.6337761878967285,equivalent,898.0
1m,1m,True,4,4,26,26,0,0,0.9087654948234558,exact_match,899.0
west,west,True,3,3,46,46,0,0,0.6669158339500427,exact_match,900.0
1s,east,False,4,4,26,73,0,-47,0.5962182283401489,better_ukeire,901.0
green,green,True,3,3,50,50,0,0,0.8324089646339417,exact_match,902.0
green,east,False,3,3,20,20,0,0,0.40543726086616516,equivalent,903.0
9p,3s,False,2,2,19,15,0,4,0.33761581778526306,ukeire_loss,904.0
east,east,True,3,3,47,47,0,0,0.6512388586997986,exact_match,905.0
3p,3p,True,2,2,19,19,0,0,0.9349777102470398,exact_match,906.0
south,south,True,3,3,42,42,0,0,0.7681657671928406,exact_match,907.0
5s,3s,False,2,2,31,31,0,0,0.27481809258461,equivalent,908.0
white,red,False,2,2,20,20,0,0,0.5614867210388184,equivalent,909.0
3s,1m,False,2,2,30,31,0,-1,0.7795186638832092,near_equivalent,910.0
white,white,True,2,2,19,19,0,0,0.6108397245407104,exact_match,911.0
1m,1m,True,1,1,9,9,0,0,0.37886467576026917,exact_match,912.0
4m,green,False,2,2,19,19,0,0,0.6208254098892212,equivalent,913.0
9m,9m,True,1,1,8,8,0,0,0.6593952178955078,exact_match,914.0
red,red,True,2,2,18,18,0,0,0.7935575246810913,exact_match,915.0
7s,8p,False,1,1,7,7,0,0,0.7266960740089417,equivalent,916.0
4m,4m,True,2,2,18,18,0,0,0.9613011479377747,exact_match,917.0
4m,3p,False,1,1,6,6,0,0,0.45037126541137695,equivalent,918.0
green,green,True,1,1,10,10,0,0,0.7286041378974915,exact_match,919.0
2p,2p,True,1,1,6,6,0,0,0.4062485992908478,exact_match,920.0
3p,3p,True,1,1,10,10,0,0,0.5727412104606628,exact_match,921.0
3p,3p,True,1,1,8,8,0,0,0.8617079257965088,exact_match,922.0
green,green,True,1,1,10,10,0,0,0.8485152125358582,exact_match,923.0
8p,8p,True,1,1,8,8,0,0,0.650634229183197,exact_match,924.0
2s,9m,False,1,1,21,9,0,12,0.5543653964996338,ukeire_loss,925.0
7m,7m,True,1,1,8,8,0,0,0.7036893963813782,exact_match,926.0
2s,2s,True,0,0,2,2,0,0,0.8174741864204407,exact_match,927.0
4s,4s,True,0,0,2,2,0,0,0.516981303691864,exact_match,928.0
8p,8p,True,0,0,2,2,0,0,0.9726401567459106,exact_match,929.0
3s,8m,False,1,0,39,2,1,37,0.48016586899757385,better_shanten,930.0
7p,7p,True,0,0,2,2,0,0,0.9751969575881958,exact_match,931.0
8m,2s,False,0,1,0,37,-1,-37,0.6703417897224426,shanten_loss,932.0
4s,9m,False,0,0,2,5,0,-3,0.4167563319206238,better_ukeire,933.0
8p,8p,True,3,3,52,52,0,0,0.609322726726532,exact_match,934.0
1m,1m,True,3,3,74,74,0,0,0.8754691481590271,exact_match,935.0
6p,south,False,3,3,35,50,0,-15,0.47422829270362854,better_ukeire,936.0
white,white,True,3,3,81,81,0,0,0.7853168845176697,exact_match,937.0
white,white,True,2,2,14,14,0,0,0.6210238933563232,exact_match,938.0
1m,1m,True,3,3,80,80,0,0,0.9431813955307007,exact_match,939.0
green,green,True,1,1,8,8,0,0,0.6106586456298828,exact_match,940.0
8s,2p,False,2,2,30,27,0,3,0.5367818474769592,ukeire_loss,941.0
9s,9s,True,1,1,8,8,0,0,0.9613639712333679,exact_match,942.0
2p,2p,True,2,2,43,43,0,0,0.8837689161300659,exact_match,943.0
south,red,False,0,0,3,3,0,0,0.5546615719795227,equivalent,944.0
3s,4m,False,1,1,14,10,0,4,0.31160277128219604,ukeire_loss,945.0
2p,2p,True,0,0,3,3,0,0,0.9224228262901306,exact_match,946.0
1p,1p,True,1,1,13,13,0,0,0.987779974937439,exact_match,947.0
4s,4s,True,0,0,3,3,0,0,0.9040459394454956,exact_match,948.0
3s,4s,False,1,2,13,40,-1,-27,0.33305099606513977,shanten_loss,949.0
south,west,False,3,3,39,39,0,0,0.4970043897628784,equivalent,950.0
4p,1p,False,3,3,63,63,0,0,0.32133203744888306,equivalent,951.0
west,west,True,2,2,12,12,0,0,0.9180468320846558,exact_match,952.0
2p,east,False,3,2,67,23,1,44,0.31477802991867065,better_shanten,953.0
east,east,True,2,2,24,24,0,0,0.9404579997062683,exact_match,954.0
1p,1p,True,2,2,48,48,0,0,0.5575088262557983,exact_match,955.0
2m,2m,True,1,1,12,12,0,0,0.4636198580265045,exact_match,956.0
8m,8m,True,1,1,12,12,0,0,0.5580403804779053,exact_match,957.0
2p,2p,True,2,2,42,42,0,0,0.7356634140014648,exact_match,958.0
9s,9s,True,1,1,12,12,0,0,0.9717796444892883,exact_match,959.0
8m,8m,True,1,1,12,12,0,0,0.6377527713775635,exact_match,960.0
7s,7s,True,1,1,12,12,0,0,0.9259209632873535,exact_match,961.0
north,north,True,1,1,12,12,0,0,0.6465635299682617,exact_match,962.0
4m,4m,True,0,0,4,4,0,0,0.6372972130775452,exact_match,963.0
1s,east,False,0,0,1,3,0,-2,0.6922490000724792,near_equivalent,964.0
3m,3m,True,0,0,4,4,0,0,0.9763458371162415,exact_match,965.0
white,white,True,2,2,16,16,0,0,0.9078364968299866,exact_match,966.0
8p,1m,False,2,2,20,16,0,4,0.5328313708305359,ukeire_loss,967.0
1m,3p,False,2,2,16,27,0,-11,0.3871011734008789,better_ukeire,968.0
2m,2m,True,1,1,8,8,0,0,0.534287691116333,exact_match,969.0
red,red,True,1,1,8,8,0,0,0.7578588724136353,exact_match,970.0
7s,6p,False,1,1,28,26,0,2,0.508517324924469,near_equivalent,971.0
6p,3s,False,0,0,3,3,0,0,0.5167299509048462,equivalent,972.0
2s,3s,False,0,0,3,3,0,0,0.353070467710495,equivalent,973.0
8m,3s,False,0,0,3,3,0,0,0.7489768266677856,equivalent,974.0
east,3s,False,0,0,3,3,0,0,0.5171739459037781,equivalent,975.0
5m,3s,False,0,0,3,2,0,1,0.6038587093353271,near_equivalent,976.0
6s,6s,True,0,0,3,3,0,0,0.7665753960609436,exact_match,977.0
south,south,True,0,0,3,3,0,0,0.7239048480987549,exact_match,978.0
2p,3s,False,0,0,3,3,0,0,0.6022123098373413,equivalent,979.0
1p,1p,True,0,0,3,3,0,0,0.8954764008522034,exact_match,980.0
3s,3s,True,0,0,6,6,0,0,0.9543219208717346,exact_match,981.0
9p,9p,True,0,0,6,6,0,0,0.995715320110321,exact_match,982.0
2p,2p,True,0,0,6,6,0,0,0.9982886910438538,exact_match,983.0
9s,9s,True,0,0,6,6,0,0,0.9979668259620667,exact_match,984.0
9p,9p,True,0,0,6,6,0,0,0.9983617663383484,exact_match,985.0
9s,9s,True,2,2,16,16,0,0,0.9501748085021973,exact_match,986.0
2m,2m,True,2,2,16,16,0,0,0.5875662565231323,exact_match,987.0
8m,red,False,3,2,62,16,1,46,0.8524573445320129,better_shanten,988.0
6p,red,False,2,2,41,58,0,-17,0.7544543147087097,better_ukeire,989.0
3m,3m,True,2,2,41,41,0,0,0.7203643321990967,exact_match,990.0
6s,red,False,1,1,13,13,0,0,0.6926488280296326,equivalent,991.0
3s,3s,True,1,1,12,12,0,0,0.6371264457702637,exact_match,992.0
1s,1s,True,1,1,11,11,0,0,0.3169344365596771,exact_match,993.0
7p,7p,True,1,1,10,10,0,0,0.7544861435890198,exact_match,994.0
south,south,True,1,1,10,10,0,0,0.835670530796051,exact_match,995.0
9m,5p,False,1,1,13,10,0,3,0.6384222507476807,ukeire_loss,996.0
south,south,True,1,1,13,13,0,0,0.9446150660514832,exact_match,997.0
1p,4m,False,1,1,10,13,0,-3,0.7118625640869141,better_ukeire,998.0
green,green,True,1,1,10,10,0,0,0.800797164440155,exact_match,999.0
west,west,True,1,1,10,10,0,0,0.5023436546325684,exact_match,1000.0
3p,3p,True,1,1,10,10,0,0,0.3297794461250305,exact_match,1001.0
9m,9m,True,1,1,10,10,0,0,0.7340487837791443,exact_match,1002.0
4m,4m,True,0,0,3,3,0,0,0.7666732668876648,exact_match,1003.0
south,south,True,3,3,47,47,0,0,0.7295181751251221,exact_match,1004.0
west,west,True,2,2,26,26,0,0,0.8472102284431458,exact_match,1005.0
west,west,True,2,2,26,26,0,0,0.9498005509376526,exact_match,1006.0
6p,2s,False,1,1,16,12,0,4,0.4391528367996216,ukeire_loss,1007.0
6m,6m,True,1,1,16,16,0,0,0.7662702798843384,exact_match,1008.0
west,1p,False,4,4,81,71,0,10,0.4677708148956299,ukeire_loss,1009.0
1p,1p,True,3,3,20,20,0,0,0.7595411539077759,exact_match,1010.0
8p,8p,True,2,2,16,16,0,0,0.4808591902256012,exact_match,1011.0
south,south,True,2,2,16,16,0,0,0.9260944724082947,exact_match,1012.0
south,south,True,2,2,16,16,0,0,0.9258778691291809,exact_match,1013.0
9s,4s,False,2,2,23,23,0,0,0.415854811668396,equivalent,1014.0
8s,2s,False,2,2,23,23,0,0,0.48048529028892517,equivalent,1015.0
8p,8p,True,2,2,22,22,0,0,0.8838752508163452,exact_match,1016.0
2p,2p,True,2,2,22,22,0,0,0.7562931776046753,exact_match,1017.0
1s,1s,True,2,2,22,22,0,0,0.5461180210113525,exact_match,1018.0
6m,8m,False,1,1,12,12,0,0,0.5012235641479492,equivalent,1019.0
8m,8m,True,1,1,12,12,0,0,0.5457894206047058,exact_match,1020.0
8p,8p,True,1,1,12,12,0,0,0.8212180733680725,exact_match,1021.0
west,west,True,3,3,48,48,0,0,0.8935078382492065,exact_match,1022.0
green,green,True,2,2,40,40,0,0,0.6685498356819153,exact_match,1023.0
2m,2m,True,1,1,15,15,0,0,0.9360148310661316,exact_match,1024.0
1p,5p,False,0,1,4,26,-1,-22,0.3416188061237335,shanten_loss,1025.0
7m,7m,True,0,0,4,4,0,0,0.6894262433052063,exact_match,1026.0
5s,5s,True,0,0,8,8,0,0,0.847052812576294,exact_match,1027.0
3p,3p,True,0,0,8,8,0,0,0.8346645832061768,exact_match,1028.0
3p,3p,True,0,0,8,8,0,0,0.7806370854377747,exact_match,1029.0
9p,9p,True,0,0,8,8,0,0,0.9724062085151672,exact_match,1030.0
west,west,True,5,5,74,74,0,0,0.39843448996543884,exact_match,1031.0
north,north,True,3,3,56,56,0,0,0.4889448583126068,exact_match,1032.0
north,north,True,5,5,82,82,0,0,0.5909368395805359,exact_match,1033.0
south,white,False,2,2,12,12,0,0,0.6253000497817993,equivalent,1034.0
9s,9s,True,4,4,77,77,0,0,0.5614440441131592,exact_match,1035.0
white,white,True,2,2,12,12,0,0,0.94815993309021,exact_match,1036.0
white,white,True,3,3,49,49,0,0,0.6379978656768799,exact_match,1037.0
1m,1m,True,2,2,12,12,0,0,0.8631538152694702,exact_match,1038.0
2s,8p,False,2,2,15,15,0,0,0.5918450355529785,equivalent,1039.0
9p,9p,True,2,2,15,15,0,0,0.8244225978851318,exact_match,1040.0
north,north,True,2,2,14,14,0,0,0.7131035923957825,exact_match,1041.0
2p,2p,True,1,1,7,7,0,0,0.8814818859100342,exact_match,1042.0
6s,8p,False,2,2,29,29,0,0,0.7258149981498718,equivalent,1043.0
4s,2m,False,1,1,14,7,0,7,0.36779263615608215,ukeire_loss,1044.0
green,green,True,2,2,28,28,0,0,0.703494668006897,exact_match,1045.0
3p,3p,True,1,1,14,14,0,0,0.9602548480033875,exact_match,1046.0
8p,8p,True,1,1,6,6,0,0,0.46170127391815186,exact_match,1047.0
7p,7p,True,1,1,14,14,0,0,0.9308581352233887,exact_match,1048.0
9p,9p,True,1,1,6,6,0,0,0.9269644021987915,exact_match,1049.0
8m,8m,True,0,0,7,7,0,0,0.9749807715415955,exact_match,1050.0
5m,5m,True,0,0,3,3,0,0,0.8144797682762146,exact_match,1051.0
green,green,True,0,0,7,7,0,0,0.9969770908355713,exact_match,1052.0
1m,1m,True,0,0,3,3,0,0,0.9942178726196289,exact_match,1053.0
green,green,True,2,2,60,60,0,0,0.987369954586029,exact_match,1054.0
4p,2m,False,1,1,8,8,0,0,0.41128456592559814,equivalent,1055.0
8m,2m,False,1,1,16,23,0,-7,0.49120140075683594,better_ukeire,1056.0
9m,9m,True,2,2,22,22,0,0,0.6550019383430481,exact_match,1057.0
north,north,True,1,1,15,15,0,0,0.7365607619285583,exact_match,1058.0
9m,9m,True,1,1,15,15,0,0,0.9243574738502502,exact_match,1059.0
1s,1s,True,1,1,15,15,0,0,0.897042453289032,exact_match,1060.0
8m,8m,True,1,1,15,15,0,0,0.9255010485649109,exact_match,1061.0
5m,5m,True,1,1,22,22,0,0,0.6710687875747681,exact_match,1062.0
9s,9s,True,1,1,22,22,0,0,0.9729477763175964,exact_match,1063.0
green,green,True,1,1,22,22,0,0,0.94113689661026,exact_match,1064.0
3m,1m,False,0,0,3,2,0,1,0.3176042139530182,near_equivalent,1065.0
6m,6m,True,0,0,3,3,0,0,0.7340708374977112,exact_match,1066.0
6s,6s,True,0,0,3,3,0,0,0.7207698822021484,exact_match,1067.0
2s,2s,True,0,0,3,3,0,0,0.6970244646072388,exact_match,1068.0
east,east,True,2,2,24,24,0,0,0.5697684288024902,exact_match,1069.0
9s,green,False,2,2,30,30,0,0,0.43235358595848083,equivalent,1070.0
white,white,True,2,2,33,33,0,0,0.6521852612495422,exact_match,1071.0
green,green,True,2,2,45,45,0,0,0.9619866013526917,exact_match,1072.0
north,north,True,2,2,44,44,0,0,0.9804824590682983,exact_match,1073.0
8s,8s,True,2,2,43,43,0,0,0.985144853591919,exact_match,1074.0
8p,8p,True,2,2,43,43,0,0,0.9815794229507446,exact_match,1075.0
3p,1m,False,1,2,14,42,-1,-28,0.8320594429969788,shanten_loss,1076.0
2m,red,False,1,1,14,14,0,0,0.9373339414596558,equivalent,1077.0
4m,red,False,1,1,13,13,0,0,0.5041617751121521,equivalent,1078.0
1s,1s,True,1,1,13,13,0,0,0.6944881677627563,exact_match,1079.0
red,red,True,0,0,7,7,0,0,0.9595078825950623,exact_match,1080.0
1m,1m,True,1,1,12,12,0,0,0.5628591775894165,exact_match,1081.0
9s,9s,True,1,1,12,12,0,0,0.7696963548660278,exact_match,1082.0
1m,1m,True,0,0,5,5,0,0,0.9803983569145203,exact_match,1083.0
9m,9m,True,0,0,5,5,0,0,0.9965742826461792,exact_match,1084.0
9p,9p,True,0,0,5,5,0,0,0.9882069230079651,exact_match,1085.0
1s,1s,True,2,2,22,22,0,0,0.6751539707183838,exact_match,1086.0
red,red,True,1,1,11,11,0,0,0.7537862658500671,exact_match,1087.0
white,white,True,1,1,27,27,0,0,0.8040069341659546,exact_match,1088.0
south,south,True,1,1,26,26,0,0,0.9129829406738281,exact_match,1089.0
9s,9s,True,1,1,26,26,0,0,0.941895067691803,exact_match,1090.0
south,south,True,2,2,24,24,0,0,0.713263988494873,exact_match,1091.0
east,9p,False,2,2,31,31,0,0,0.9331700205802917,equivalent,1092.0
9m,9m,True,2,2,31,31,0,0,0.8350609540939331,exact_match,1093.0
9p,9p,True,2,2,33,33,0,0,0.769726037979126,exact_match,1094.0
north,north,True,2,2,31,31,0,0,0.9884854555130005,exact_match,1095.0
6m,6m,True,1,1,16,16,0,0,0.6882789134979248,exact_match,1096.0
9s,6p,False,1,1,24,15,0,9,0.6471840143203735,ukeire_loss,1097.0
9s,9s,True,3,3,36,36,0,0,0.5903363227844238,exact_match,1098.0
1m,1m,True,3,3,36,36,0,0,0.6712548732757568,exact_match,1099.0
9m,north,False,3,3,20,36,0,-16,0.6319465637207031,better_ukeire,1100.0
5m,south,False,2,2,14,14,0,0,0.2325420379638672,equivalent,1101.0
6p,6p,True,2,2,13,13,0,0,0.6659234762191772,exact_match,1102.0
8m,west,False,2,2,13,11,0,2,0.24754725396633148,near_equivalent,1103.0
east,east,True,3,3,62,62,0,0,0.7641642689704895,exact_match,1104.0
1p,1p,True,3,3,69,69,0,0,0.5516628623008728,exact_match,1105.0
2m,9s,False,3,3,66,70,0,-4,0.4982866644859314,better_ukeire,1106.0
north,north,True,3,3,63,63,0,0,0.6958213448524475,exact_match,1107.0
2m,2m,True,3,3,63,63,0,0,0.8601407408714294,exact_match,1108.0
9s,9s,True,2,2,55,55,0,0,0.49144041538238525,exact_match,1109.0
5m,5m,True,1,1,19,19,0,0,0.5559161305427551,exact_match,1110.0
white,white,True,3,3,28,28,0,0,0.8938930630683899,exact_match,1111.0
2p,2p,True,3,3,26,26,0,0,0.8622213006019592,exact_match,1112.0
9s,8m,False,2,2,18,18,0,0,0.7355494499206543,equivalent,1113.0
7s,8m,False,1,1,14,11,0,3,0.45083653926849365,ukeire_loss,1114.0
east,east,True,1,1,13,13,0,0,0.5306714177131653,exact_match,1115.0
1m,east,False,2,2,23,23,0,0,0.7738737463951111,equivalent,1116.0
east,east,True,2,2,23,23,0,0,0.6687573790550232,exact_match,1117.0
1s,1s,True,1,1,15,15,0,0,0.8198034763336182,exact_match,1118.0
white,white,True,1,1,15,15,0,0,0.9048871397972107,exact_match,1119.0
9m,2s,False,1,0,24,4,1,20,0.9412140846252441,better_shanten,1120.0
2s,2s,True,1,1,23,23,0,0,0.9144610166549683,exact_match,1121.0
8m,3p,False,1,1,36,21,0,15,0.7247016429901123,ukeire_loss,1122.0
4s,4s,True,1,1,36,36,0,0,0.9497231245040894,exact_match,1123.0
4m,3p,False,0,1,3,29,-1,-26,0.5304526686668396,shanten_loss,1124.0
1p,1p,True,0,0,3,3,0,0,0.7986294627189636,exact_match,1125.0
5s,5s,True,0,0,3,3,0,0,0.9663665890693665,exact_match,1126.0
green,green,True,0,0,3,3,0,0,0.9451544880867004,exact_match,1127.0
red,red,True,0,0,3,3,0,0,0.9810252785682678,exact_match,1128.0
north,north,True,0,0,3,3,0,0,0.9912769794464111,exact_match,1129.0
4m,4m,True,0,0,3,3,0,0,0.9435137510299683,exact_match,1130.0
north,1m,False,2,2,45,37,0,8,0.6091901063919067,ukeire_loss,1131.0
white,white,True,2,2,63,63,0,0,0.9627054333686829,exact_match,1132.0
1m,1m,True,1,1,31,31,0,0,0.8211745619773865,exact_match,1133.0
2p,7p,False,2,1,57,7,1,50,0.46269139647483826,better_shanten,1134.0
8m,2p,False,1,1,29,36,0,-7,0.6578150391578674,better_ukeire,1135.0
4p,7p,False,2,2,58,54,0,4,0.48281025886535645,ukeire_loss,1136.0
1m,1m,True,1,1,27,27,0,0,0.6215010285377502,exact_match,1137.0
7p,7p,True,2,2,53,53,0,0,0.48684635758399963,exact_match,1138.0
2p,2p,True,0,0,4,4,0,0,0.8744745850563049,exact_match,1139.0
9s,south,False,2,2,45,45,0,0,0.6453465223312378,equivalent,1140.0
east,east,True,0,0,4,4,0,0,0.7896279692649841,exact_match,1141.0
3m,south,False,1,1,6,9,0,-3,0.8485764265060425,better_ukeire,1142.0
4m,4m,True,0,0,4,4,0,0,0.9746605753898621,exact_match,1143.0
3m,south,False,1,1,6,8,0,-2,0.4387306571006775,near_equivalent,1144.0
6s,6s,True,0,0,4,4,0,0,0.7780994772911072,exact_match,1145.0
south,2s,False,1,1,13,6,0,7,0.5235198140144348,ukeire_loss,1146.0
5p,5p,True,0,0,2,2,0,0,0.38211166858673096,exact_match,1147.0
2s,3s,False,0,0,2,7,0,-5,0.5632485151290894,better_ukeire,1148.0
2m,2m,True,0,0,2,2,0,0,0.9029198884963989,exact_match,1149.0
9m,9m,True,0,0,2,2,0,0,0.9901019334793091,exact_match,1150.0
2p,2p,True,0,0,2,2,0,0,0.906955361366272,exact_match,1151.0
5p,5p,True,0,0,2,2,0,0,0.9838435053825378,exact_match,1152.0
7p,5m,False,0,0,2,2,0,0,0.8676338791847229,equivalent,1153.0
4m,4m,True,0,0,2,2,0,0,0.6756455898284912,exact_match,1154.0
9s,9s,True,0,0,2,2,0,0,0.7411498427391052,exact_match,1155.0
white,south,False,5,5,91,90,0,1,0.47966018319129944,near_equivalent,1156.0
1s,1s,True,4,4,76,76,0,0,0.4379623830318451,exact_match,1157.0
1m,red,False,3,3,26,30,0,-4,0.5356895327568054,better_ukeire,1158.0
red,green,False,3,3,27,26,0,1,0.3746536374092102,near_equivalent,1159.0
south,green,False,2,2,16,16,0,0,0.35971373319625854,equivalent,1160.0
7m,7m,True,2,2,36,36,0,0,0.45091673731803894,exact_match,1161.0
9s,green,False,1,1,11,11,0,0,0.49050334095954895,equivalent,1162.0
2s,2s,True,1,1,11,11,0,0,0.7264618873596191,exact_match,1163.0
1p,1p,True,1,1,11,11,0,0,0.9354838132858276,exact_match,1164.0
red,red,True,1,1,10,10,0,0,0.8741151094436646,exact_match,1165.0
8m,8m,True,1,1,9,9,0,0,0.8926870822906494,exact_match,1166.0
8m,2p,False,2,2,62,49,0,13,0.7164896726608276,ukeire_loss,1167.0
2p,2p,True,1,1,12,12,0,0,0.9046785831451416,exact_match,1168.0
7p,4s,False,1,1,12,8,0,4,0.3210389018058777,ukeire_loss,1169.0
1m,1m,True,1,1,12,12,0,0,0.4103507399559021,exact_match,1170.0
6s,5m,False,1,1,11,9,0,2,0.37441614270210266,near_equivalent,1171.0
9m,9m,True,1,1,11,11,0,0,0.6777136921882629,exact_match,1172.0
9p,9p,True,3,3,28,28,0,0,0.39782559871673584,exact_match,1173.0
1p,1s,False,3,3,59,63,0,-4,0.3837151825428009,better_ukeire,1174.0
east,east,True,3,3,58,58,0,0,0.6036624312400818,exact_match,1175.0
1s,1s,True,2,2,24,24,0,0,0.6500836610794067,exact_match,1176.0
7m,7m,True,2,2,31,31,0,0,0.7828770279884338,exact_match,1177.0
white,white,True,2,2,31,31,0,0,0.851454496383667,exact_match,1178.0
2s,5m,False,2,2,30,30,0,0,0.38825634121894836,equivalent,1179.0
4s,6p,False,2,2,18,28,0,-10,0.3913958966732025,better_ukeire,1180.0
1p,1p,True,2,2,17,17,0,0,0.9357786178588867,exact_match,1181.0
5m,7s,False,2,2,26,26,0,0,0.3997165858745575,equivalent,1182.0
7s,1m,False,1,2,8,22,-1,-14,0.4453762471675873,shanten_loss,1183.0
8s,8m,False,1,1,7,7,0,0,0.9745919108390808,equivalent,1184.0
8m,8m,True,1,1,11,11,0,0,0.9371417760848999,exact_match,1185.0
5s,6p,False,1,0,20,3,1,17,0.8918111324310303,better_shanten,1186.0
south,south,True,1,1,19,19,0,0,0.8808420896530151,exact_match,1187.0
4s,4s,True,0,0,3,3,0,0,0.9794593453407288,exact_match,1188.0
north,north,True,0,0,2,2,0,0,0.7388280630111694,exact_match,1189.0
1s,1s,True,3,3,61,61,0,0,0.7609890699386597,exact_match,1190.0
9m,9m,True,3,3,60,60,0,0,0.6150427460670471,exact_match,1191.0
red,red,True,2,2,14,14,0,0,0.3145257532596588,exact_match,1192.0
1m,1m,True,2,2,53,53,0,0,0.4888989329338074,exact_match,1193.0
4s,7s,False,1,1,37,37,0,0,0.6027480959892273,equivalent,1194.0
7s,7s,True,0,0,4,4,0,0,0.8892320394515991,exact_match,1195.0
green,green,True,0,0,4,4,0,0,0.9954618811607361,exact_match,1196.0
7m,7m,True,0,0,4,4,0,0,0.9857507944107056,exact_match,1197.0
8m,8m,True,0,0,4,4,0,0,0.983956515789032,exact_match,1198.0
west,west,True,3,3,24,24,0,0,0.9337245225906372,exact_match,1199.0
2m,9p,False,3,3,23,23,0,0,0.7616802453994751,equivalent,1200.0
9p,east,False,3,3,23,23,0,0,0.5968803763389587,equivalent,1201.0
8s,east,False,3,3,41,45,0,-4,0.6216554641723633,better_ukeire,1202.0
9s,east,False,3,3,41,43,0,-2,0.30820003151893616,near_equivalent,1203.0
2p,2p,True,3,3,41,41,0,0,0.7558575868606567,exact_match,1204.0
7s,east,False,2,2,12,14,0,-2,0.410940945148468,near_equivalent,1205.0
east,white,False,2,2,13,12,0,1,0.49221283197402954,near_equivalent,1206.0
6s,6s,True,2,2,13,13,0,0,0.5456187129020691,exact_match,1207.0
white,white,True,2,2,13,13,0,0,0.2961943745613098,exact_match,1208.0
1s,1s,True,2,2,15,15,0,0,0.44977548718452454,exact_match,1209.0
2m,west,False,3,3,24,24,0,0,0.5465862154960632,equivalent,1210.0
5m,8m,False,1,1,9,9,0,0,0.6047309041023254,equivalent,1211.0
2m,2m,True,3,3,24,24,0,0,0.6042085289955139,exact_match,1212.0
2s,8m,False,1,1,9,9,0,0,0.6705555319786072,equivalent,1213.0
2s,south,False,3,3,28,32,0,-4,0.4525340795516968,better_ukeire,1214.0
1m,1m,True,1,1,8,8,0,0,0.7701769471168518,exact_match,1215.0
1s,1s,True,2,2,20,20,0,0,0.7867614030838013,exact_match,1216.0
7m,green,False,1,1,8,9,0,-1,0.405732661485672,near_equivalent,1217.0
2s,2s,True,2,2,20,20,0,0,0.920061469078064,exact_match,1218.0
2s,2s,True,1,1,8,8,0,0,0.7424623966217041,exact_match,1219.0
9p,9p,True,2,2,19,19,0,0,0.46533748507499695,exact_match,1220.0
west,2m,False,2,2,19,19,0,0,0.8968347907066345,equivalent,1221.0
2m,2m,True,2,2,19,19,0,0,0.5492582321166992,exact_match,1222.0
north,5m,False,2,2,25,19,0,6,0.434691458940506,ukeire_loss,1223.0
south,6m,False,1,1,16,13,0,3,0.5616618990898132,ukeire_loss,1224.0
6m,6m,True,1,1,12,12,0,0,0.6542872786521912,exact_match,1225.0
6m,6m,True,1,1,9,9,0,0,0.5249963402748108,exact_match,1226.0
green,green,True,2,2,14,14,0,0,0.9338836669921875,exact_match,1227.0
west,west,True,3,3,56,56,0,0,0.804915726184845,exact_match,1228.0
1s,9m,False,2,2,15,14,0,1,0.6011679172515869,near_equivalent,1229.0
white,north,False,3,3,54,54,0,0,0.3603239953517914,equivalent,1230.0
9m,1s,False,2,2,17,17,0,0,0.7958511114120483,equivalent,1231.0
red,west,False,3,3,52,53,0,-1,0.680645227432251,near_equivalent,1232.0
1s,1s,True,2,2,21,21,0,0,0.5938506126403809,exact_match,1233.0
north,white,False,3,3,49,50,0,-1,0.7193970680236816,near_equivalent,1234.0
2s,8m,False,2,2,21,26,0,-5,0.5203713178634644,better_ukeire,1235.0
west,white,False,3,3,61,62,0,-1,0.5149825811386108,near_equivalent,1236.0
6s,7p,False,2,2,35,23,0,12,0.2558383643627167,ukeire_loss,1237.0
8p,white,False,2,2,26,38,0,-12,0.48752307891845703,better_ukeire,1238.0
south,south,True,2,2,34,34,0,0,0.8506938815116882,exact_match,1239.0
9s,white,False,1,1,7,7,0,0,0.47740721702575684,equivalent,1240.0
7p,7p,True,1,1,12,12,0,0,0.6851927042007446,exact_match,1241.0
white,9s,False,1,1,3,3,0,0,0.6988053321838379,equivalent,1242.0
4p,4p,True,1,1,12,12,0,0,0.9307349324226379,exact_match,1243.0
9s,9s,True,0,0,3,3,0,0,0.9857931733131409,exact_match,1244.0
4s,2p,False,2,1,46,12,1,34,0.2536909282207489,better_shanten,1245.0
west,1m,False,3,3,27,26,0,1,0.6050654649734497,near_equivalent,1246.0
south,south,True,2,2,16,16,0,0,0.8391653299331665,exact_match,1247.0
south,south,True,3,3,41,41,0,0,0.4655399024486542,exact_match,1248.0
north,north,True,2,2,16,16,0,0,0.9431920051574707,exact_match,1249.0
1m,1m,True,3,3,53,53,0,0,0.5841498374938965,exact_match,1250.0
west,west,True,2,2,16,16,0,0,0.9343044757843018,exact_match,1251.0
red,red,True,2,2,47,47,0,0,0.5803160667419434,exact_match,1252.0
red,red,True,2,2,16,16,0,0,0.9516008496284485,exact_match,1253.0
7p,white,False,2,2,28,65,0,-37,0.8550035953521729,better_ukeire,1254.0
9m,9m,True,2,2,16,16,0,0,0.8731240034103394,exact_match,1255.0
4m,white,False,2,2,41,41,0,0,0.5783107280731201,equivalent,1256.0
east,east,True,2,2,16,16,0,0,0.8566999435424805,exact_match,1257.0
2s,9m,False,1,1,17,14,0,3,0.710805356502533,ukeire_loss,1258.0
1s,9p,False,2,2,19,16,0,3,0.4029156267642975,ukeire_loss,1259.0
9m,2m,False,1,1,14,17,0,-3,0.9588273763656616,better_ukeire,1260.0
east,east,True,2,2,18,18,0,0,0.6835764050483704,exact_match,1261.0
6m,3p,False,2,1,45,14,1,31,0.5481652021408081,better_shanten,1262.0
4s,9p,False,3,2,19,14,1,5,0.5846909880638123,better_shanten,1263.0
6m,north,False,3,2,46,45,1,1,0.6377091407775879,better_shanten,1264.0
5s,9p,False,3,2,19,13,1,6,0.813973069190979,better_shanten,1265.0
2s,north,False,4,4,26,26,0,0,0.5627578496932983,equivalent,1266.0
4s,4s,True,4,4,25,25,0,0,0.31318679451942444,exact_match,1267.0
7m,9s,False,3,3,18,18,0,0,0.2891688346862793,equivalent,1268.0
9m,9m,True,3,3,17,17,0,0,0.6878321766853333,exact_match,1269.0
3m,3m,True,3,3,17,17,0,0,0.8196814656257629,exact_match,1270.0
9s,6m,False,3,3,16,16,0,0,0.8253204226493835,equivalent,1271.0
9p,6p,False,3,3,17,16,0,1,0.42254430055618286,near_equivalent,1272.0
6p,1m,False,3,3,15,16,0,-1,0.37532708048820496,near_equivalent,1273.0
1m,north,False,3,3,17,16,0,1,0.24116016924381256,near_equivalent,1274.0
1p,north,False,3,2,14,12,1,2,0.3241438865661621,better_shanten,1275.0
1p,1p,True,3,3,32,32,0,0,0.6421863436698914,exact_match,1276.0
north,south,False,3,3,29,31,0,-2,0.48695963621139526,near_equivalent,1277.0
south,south,True,2,2,20,20,0,0,0.5444961786270142,exact_match,1278.0
east,east,True,2,2,20,20,0,0,0.6429493427276611,exact_match,1279.0
9s,1s,False,4,4,27,27,0,0,0.6846833229064941,equivalent,1280.0
1s,1s,True,4,4,80,80,0,0,0.8421845436096191,exact_match,1281.0
8p,green,False,3,3,22,22,0,0,0.5364721417427063,equivalent,1282.0
9p,9p,True,3,3,20,20,0,0,0.8643593192100525,exact_match,1283.0
red,9m,False,3,3,24,24,0,0,0.3696666657924652,equivalent,1284.0
north,1s,False,4,3,59,23,1,36,0.6182563900947571,better_shanten,1285.0
9m,9m,True,3,3,23,23,0,0,0.3764065206050873,exact_match,1286.0
north,1s,False,2,2,16,16,0,0,0.36492857336997986,equivalent,1287.0
1s,1s,True,1,1,12,12,0,0,0.5340359210968018,exact_match,1288.0
1p,1p,True,1,1,12,12,0,0,0.9356721639633179,exact_match,1289.0
7p,7p,True,1,1,12,12,0,0,0.8892099857330322,exact_match,1290.0
west,west,True,1,1,12,12,0,0,0.8226115107536316,exact_match,1291.0
green,green,True,0,0,8,8,0,0,0.9918075203895569,exact_match,1292.0
9p,9p,True,0,0,8,8,0,0,0.9975488781929016,exact_match,1293.0
green,green,True,0,0,8,8,0,0,0.9958601593971252,exact_match,1294.0
4m,4m,True,0,0,8,8,0,0,0.7928117513656616,exact_match,1295.0
west,west,True,0,0,8,8,0,0,0.9783837199211121,exact_match,1296.0
5m,5m,True,0,0,8,8,0,0,0.7438502907752991,exact_match,1297.0
west,west,True,3,3,21,21,0,0,0.7871554493904114,exact_match,1298.0
1m,green,False,3,3,20,21,0,-1,0.4696454703807831,near_equivalent,1299.0
green,green,True,3,3,63,63,0,0,0.7078478932380676,exact_match,1300.0
white,white,True,2,2,50,50,0,0,0.4992322325706482,exact_match,1301.0
8p,8p,True,2,2,51,51,0,0,0.6722145080566406,exact_match,1302.0
1s,8s,False,2,2,50,51,0,-1,0.8720771074295044,near_equivalent,1303.0
east,east,True,2,2,48,48,0,0,0.6936054825782776,exact_match,1304.0
1m,1m,True,2,2,46,46,0,0,0.7842881679534912,exact_match,1305.0
3p,3p,True,1,1,31,31,0,0,0.4800121486186981,exact_match,1306.0
west,west,True,1,1,30,30,0,0,0.5901471376419067,exact_match,1307.0
8s,8s,True,0,0,8,8,0,0,0.9188425540924072,exact_match,1308.0
south,west,False,2,2,24,24,0,0,0.4968793988227844,equivalent,1309.0
west,west,True,2,2,41,41,0,0,0.648300290107727,exact_match,1310.0
east,east,True,2,2,49,49,0,0,0.8674691319465637,exact_match,1311.0
red,red,True,2,2,49,49,0,0,0.8088743686676025,exact_match,1312.0
2p,2p,True,2,2,57,57,0,0,0.8398711085319519,exact_match,1313.0
1s,1s,True,2,2,56,56,0,0,0.9703999757766724,exact_match,1314.0
6m,8s,False,1,2,11,55,-1,-44,0.8067492246627808,shanten_loss,1315.0
south,north,False,4,4,74,74,0,0,0.4497414529323578,equivalent,1316.0
9m,north,False,3,3,65,69,0,-4,0.5734937787055969,better_ukeire,1317.0
1m,1m,True,3,3,64,64,0,0,0.8374845385551453,exact_match,1318.0
8p,north,False,3,3,65,78,0,-13,0.3475762903690338,better_ukeire,1319.0
5m,5m,True,2,2,28,28,0,0,0.3407945930957794,exact_match,1320.0
8m,8m,True,2,2,27,27,0,0,0.9289085268974304,exact_match,1321.0
3p,green,False,2,1,35,13,1,22,0.4288201332092285,better_shanten,1322.0
6m,6m,True,2,2,32,32,0,0,0.8604610562324524,exact_match,1323.0
2m,2m,True,2,2,31,31,0,0,0.7233911156654358,exact_match,1324.0
1p,1p,True,1,1,18,18,0,0,0.7813829779624939,exact_match,1325.0
green,green,True,0,0,2,2,0,0,0.7399373054504395,exact_match,1326.0
west,west,True,0,0,2,2,0,0,0.9715957641601562,exact_match,1327.0
white,white,True,0,0,2,2,0,0,0.9506164193153381,exact_match,1328.0
9s,9s,True,2,2,27,27,0,0,0.9630427360534668,exact_match,1329.0
green,green,True,2,2,26,26,0,0,0.9311492443084717,exact_match,1330.0
red,red,True,2,2,25,25,0,0,0.8904786705970764,exact_match,1331.0
3s,7m,False,2,2,26,25,0,1,0.5627954006195068,near_equivalent,1332.0
green,green,True,2,2,25,25,0,0,0.7378867268562317,exact_match,1333.0
2m,2m,True,1,1,16,16,0,0,0.5870610475540161,exact_match,1334.0
south,south,True,3,3,55,55,0,0,0.8443674445152283,exact_match,1335.0
1s,1s,True,2,2,16,16,0,0,0.3477490246295929,exact_match,1336.0
9p,9p,True,3,3,54,54,0,0,0.5039997100830078,exact_match,1337.0
1p,1p,True,2,2,20,20,0,0,0.4014686942100525,exact_match,1338.0
east,east,True,2,2,15,15,0,0,0.6155956983566284,exact_match,1339.0
7s,7s,True,1,1,12,12,0,0,0.7387378811836243,exact_match,1340.0
2p,2p,True,2,2,23,23,0,0,0.8159462809562683,exact_match,1341.0
3p,3p,True,1,1,12,12,0,0,0.9280216097831726,exact_match,1342.0
1m,6s,False,2,2,22,22,0,0,0.6612213253974915,equivalent,1343.0
1s,1s,True,1,1,12,12,0,0,0.9215095043182373,exact_match,1344.0
white,white,True,3,3,55,55,0,0,0.7953654527664185,exact_match,1345.0
west,west,True,3,3,61,61,0,0,0.4595320224761963,exact_match,1346.0
5p,2p,False,2,2,29,26,0,3,0.3499595522880554,ukeire_loss,1347.0
7s,7s,True,1,1,15,15,0,0,0.5775072574615479,exact_match,1348.0
4m,4m,True,1,1,15,15,0,0,0.7649136781692505,exact_match,1349.0
7m,7m,True,1,1,15,15,0,0,0.5848377346992493,exact_match,1350.0
9p,9p,True,1,1,13,13,0,0,0.8953365683555603,exact_match,1351.0
2p,2p,True,1,1,22,22,0,0,0.8789400458335876,exact_match,1352.0
3m,3m,True,1,1,22,22,0,0,0.9275009632110596,exact_match,1353.0
9s,9s,True,3,3,65,65,0,0,0.5829598307609558,exact_match,1354.0
red,red,True,3,3,69,69,0,0,0.4371646046638489,exact_match,1355.0
white,white,True,2,2,62,62,0,0,0.849365234375,exact_match,1356.0
9p,5p,False,2,1,61,12,1,49,0.3339211940765381,better_shanten,1357.0
8p,8p,True,1,1,15,15,0,0,0.8037822842597961,exact_match,1358.0
red,1m,False,2,2,19,19,0,0,0.4998251795768738,equivalent,1359.0
1m,1m,True,2,2,46,46,0,0,0.9602746367454529,exact_match,1360.0
9m,9m,True,2,2,44,44,0,0,0.9881289601325989,exact_match,1361.0
1m,1m,True,2,2,41,41,0,0,0.9833880662918091,exact_match,1362.0
5s,5s,True,1,1,31,31,0,0,0.32561832666397095,exact_match,1363.0
2m,2m,True,1,1,31,31,0,0,0.989794909954071,exact_match,1364.0
8s,7s,False,1,1,17,31,0,-14,0.808997631072998,better_ukeire,1365.0
white,white,True,1,1,17,17,0,0,0.7728116512298584,exact_match,1366.0
9s,2p,False,1,1,17,17,0,0,0.6453506350517273,equivalent,1367.0
6s,6s,True,1,1,17,17,0,0,0.36257752776145935,exact_match,1368.0
3s,2p,False,1,1,17,17,0,0,0.29704222083091736,equivalent,1369.0
7p,7p,True,1,1,17,17,0,0,0.49239328503608704,exact_match,1370.0
1s,1m,False,3,3,38,38,0,0,0.49463319778442383,equivalent,1371.0
1m,1m,True,2,2,14,14,0,0,0.6331366896629333,exact_match,1372.0
6s,white,False,2,2,12,13,0,-1,0.5948666334152222,near_equivalent,1373.0
white,white,True,1,1,6,6,0,0,0.3843258321285248,exact_match,1374.0
west,west,True,4,4,27,27,0,0,0.5773892402648926,exact_match,1375.0
9p,9p,True,5,5,82,82,0,0,0.36797744035720825,exact_match,1376.0
east,east,True,4,4,85,85,0,0,0.5771308541297913,exact_match,1377.0
1m,north,False,4,4,69,78,0,-9,0.3605697751045227,better_ukeire,1378.0
1s,red,False,3,3,65,67,0,-2,0.4642072916030884,near_equivalent,1379.0
9m,9m,True,3,3,42,42,0,0,0.4347452223300934,exact_match,1380.0
9s,9s,True,3,3,63,63,0,0,0.4571082890033722,exact_match,1381.0
3s,3s,True,2,2,15,15,0,0,0.5687861442565918,exact_match,1382.0
2p,2p,True,2,2,17,17,0,0,0.33985263109207153,exact_match,1383.0
1p,1p,True,1,1,15,15,0,0,0.9413586854934692,exact_match,1384.0
red,red,True,2,2,19,19,0,0,0.39584699273109436,exact_match,1385.0
8m,7s,False,1,1,33,13,0,20,0.5167567729949951,ukeire_loss,1386.0
8p,8p,True,1,1,7,7,0,0,0.8653124570846558,exact_match,1387.0
6m,2s,False,1,1,24,32,0,-8,0.5654823184013367,better_ukeire,1388.0
2s,red,False,1,1,15,24,0,-9,0.8656783699989319,better_ukeire,1389.0
red,red,True,0,0,5,5,0,0,0.8768590688705444,exact_match,1390.0
north,north,True,3,3,43,43,0,0,0.8429311513900757,exact_match,1391.0
white,white,True,2,2,15,15,0,0,0.5257779359817505,exact_match,1392.0
1s,1s,True,2,2,23,23,0,0,0.7201905250549316,exact_match,1393.0
6s,5p,False,2,2,22,22,0,0,0.5833812952041626,equivalent,1394.0
5p,9m,False,1,1,15,15,0,0,0.581609308719635,equivalent,1395.0
1p,1p,True,1,1,14,14,0,0,0.9638379216194153,exact_match,1396.0
9m,9m,True,1,1,13,13,0,0,0.5427927374839783,exact_match,1397.0
3m,3m,True,1,1,13,13,0,0,0.6290767192840576,exact_match,1398.0
9m,1p,False,1,1,13,13,0,0,0.932341992855072,equivalent,1399.0
3p,3p,True,1,1,13,13,0,0,0.5097442865371704,exact_match,1400.0
4p,1p,False,1,1,13,13,0,0,0.6343851685523987,equivalent,1401.0
9p,1p,False,1,1,13,13,0,0,0.4959295094013214,equivalent,1402.0
7p,7p,True,1,1,13,13,0,0,0.6266998648643494,exact_match,1403.0
1p,1p,True,1,1,25,25,0,0,0.7980425953865051,exact_match,1404.0
3p,3p,True,1,1,25,25,0,0,0.9462515711784363,exact_match,1405.0
7p,7p,True,1,1,25,25,0,0,0.9826583862304688,exact_match,1406.0
south,south,True,2,2,44,44,0,0,0.8220204710960388,exact_match,1407.0
red,red,True,2,2,51,51,0,0,0.8816360235214233,exact_match,1408.0
9m,9m,True,2,2,50,50,0,0,0.9647926688194275,exact_match,1409.0
green,green,True,2,2,50,50,0,0,0.9033649563789368,exact_match,1410.0
2m,2m,True,1,1,17,17,0,0,0.7873010635375977,exact_match,1411.0
west,west,True,1,1,17,17,0,0,0.9692760109901428,exact_match,1412.0
9p,9p,True,1,1,17,17,0,0,0.9675797820091248,exact_match,1413.0
2p,red,False,1,1,17,17,0,0,0.8562356233596802,equivalent,1414.0
7p,7p,True,1,1,17,17,0,0,0.7509564161300659,exact_match,1415.0
9s,9s,True,3,3,34,34,0,0,0.7254186868667603,exact_match,1416.0
8s,red,False,3,3,36,50,0,-14,0.6842015385627747,better_ukeire,1417.0
white,white,True,3,3,47,47,0,0,0.41204798221588135,exact_match,1418.0
9s,9s,True,3,3,46,46,0,0,0.7601562738418579,exact_match,1419.0
green,red,False,2,2,14,14,0,0,0.5250064730644226,equivalent,1420.0
2p,2p,True,1,1,12,12,0,0,0.5467938184738159,exact_match,1421.0
green,green,True,1,1,12,12,0,0,0.7252272367477417,exact_match,1422.0
red,red,True,1,1,12,12,0,0,0.7870928645133972,exact_match,1423.0
2s,2s,True,1,1,12,12,0,0,0.6730846762657166,exact_match,1424.0
south,south,True,5,5,98,98,0,0,0.5263935923576355,exact_match,1425.0
2p,north,False,3,3,39,51,0,-12,0.3251880705356598,better_ukeire,1426.0
green,1m,False,4,4,81,74,0,7,0.4452173113822937,ukeire_loss,1427.0
north,north,True,2,2,24,24,0,0,0.43059486150741577,exact_match,1428.0
1m,1m,True,3,3,30,30,0,0,0.5462914109230042,exact_match,1429.0
green,2m,False,2,2,35,23,0,12,0.7190773487091064,ukeire_loss,1430.0
9p,9p,True,2,2,15,15,0,0,0.477069616317749,exact_match,1431.0
9s,south,False,2,2,37,47,0,-10,0.4360145032405853,better_ukeire,1432.0
red,red,True,2,2,15,15,0,0,0.6632490158081055,exact_match,1433.0
south,south,True,1,1,14,14,0,0,0.9371030330657959,exact_match,1434.0
north,north,True,2,2,15,15,0,0,0.9081818461418152,exact_match,1435.0
1s,1s,True,0,0,5,5,0,0,0.4043676555156708,exact_match,1436.0
7m,white,False,3,2,48,11,1,37,0.8298669457435608,better_shanten,1437.0
9s,9m,False,3,3,46,48,0,-2,0.6271207332611084,near_equivalent,1438.0
white,white,True,2,2,41,41,0,0,0.38669756054878235,exact_match,1439.0
south,south,True,2,2,40,40,0,0,0.7488700151443481,exact_match,1440.0
2p,9p,False,3,2,58,40,1,18,0.7223095893859863,better_shanten,1441.0
1p,1p,True,2,2,38,38,0,0,0.8131737112998962,exact_match,1442.0
8p,9p,False,3,3,47,45,0,2,0.5634306073188782,near_equivalent,1443.0
green,9p,False,4,4,82,82,0,0,0.38374555110931396,equivalent,1444.0
1m,1m,True,2,2,18,18,0,0,0.8065662980079651,exact_match,1445.0
9s,9s,True,3,3,67,67,0,0,0.6158292889595032,exact_match,1446.0
9m,8m,False,2,2,10,10,0,0,0.5529285073280334,equivalent,1447.0
9p,9p,True,2,2,24,24,0,0,0.8115206956863403,exact_match,1448.0
8m,8m,True,2,2,33,33,0,0,0.8960620164871216,exact_match,1449.0
2s,north,False,2,2,23,23,0,0,0.7324903607368469,equivalent,1450.0
3p,3p,True,1,1,24,24,0,0,0.42824313044548035,exact_match,1451.0
8s,8s,True,2,2,23,23,0,0,0.8491734862327576,exact_match,1452.0
7m,7m,True,1,1,23,23,0,0,0.9297457933425903,exact_match,1453.0
north,north,True,2,2,26,26,0,0,0.5709421634674072,exact_match,1454.0
6m,6m,True,1,1,21,21,0,0,0.9349623322486877,exact_match,1455.0
white,white,True,2,2,26,26,0,0,0.8522325158119202,exact_match,1456.0
east,east,True,5,5,81,81,0,0,0.544873833656311,exact_match,1457.0
south,south,True,4,4,70,70,0,0,0.6718006134033203,exact_match,1458.0
red,white,False,4,4,73,74,0,-1,0.4246715307235718,near_equivalent,1459.0
1p,white,False,3,3,62,63,0,-1,0.5907977223396301,near_equivalent,1460.0
white,white,True,2,2,47,47,0,0,0.4071974456310272,exact_match,1461.0
9s,1s,False,2,2,39,42,0,-3,0.38462212681770325,better_ukeire,1462.0
1s,1s,True,1,1,10,10,0,0,0.6005755662918091,exact_match,1463.0
8p,8p,True,1,1,9,9,0,0,0.7410046458244324,exact_match,1464.0
7s,4p,False,1,1,28,28,0,0,0.5159362554550171,equivalent,1465.0
9p,1m,False,1,1,15,15,0,0,0.5986762642860413,equivalent,1466.0
south,south,True,2,2,10,10,0,0,0.9555897116661072,exact_match,1467.0
east,east,True,2,2,10,10,0,0,0.5853577256202698,exact_match,1468.0
green,green,True,2,2,30,30,0,0,0.8165383338928223,exact_match,1469.0
2p,2p,True,2,2,35,35,0,0,0.7493019700050354,exact_match,1470.0
6s,6s,True,2,2,30,30,0,0,0.5782700777053833,exact_match,1471.0
white,white,True,2,2,30,30,0,0,0.9050427675247192,exact_match,1472.0
south,south,True,2,2,30,30,0,0,0.8820849061012268,exact_match,1473.0
7s,7s,True,2,2,27,27,0,0,0.9274539947509766,exact_match,1474.0
1s,3s,False,1,2,8,26,-1,-18,0.6723781228065491,shanten_loss,1475.0
green,green,True,1,1,8,8,0,0,0.832990288734436,exact_match,1476.0
1p,1p,True,2,2,22,22,0,0,0.9257249236106873,exact_match,1477.0
east,east,True,4,4,46,46,0,0,0.5514115691184998,exact_match,1478.0
8p,8p,True,1,1,19,19,0,0,0.9298060536384583,exact_match,1479.0
white,9m,False,4,4,44,44,0,0,0.42138081789016724,equivalent,1480.0
2s,2s,True,0,0,8,8,0,0,0.5211472511291504,exact_match,1481.0
red,east,False,4,4,40,43,0,-3,0.37668755650520325,better_ukeire,1482.0
green,green,True,3,3,31,31,0,0,0.43403956294059753,exact_match,1483.0
4p,4p,True,0,0,8,8,0,0,0.827170729637146,exact_match,1484.0
9m,1m,False,2,2,20,20,0,0,0.418639212846756,equivalent,1485.0
1p,1p,True,0,0,8,8,0,0,0.9965726137161255,exact_match,1486.0
north,north,True,2,2,20,20,0,0,0.5260365605354309,exact_match,1487.0
2p,2p,True,0,0,8,8,0,0,0.9941654205322266,exact_match,1488.0
1m,1m,True,2,2,18,18,0,0,0.40151092410087585,exact_match,1489.0
9p,9p,True,2,2,30,30,0,0,0.6272910833358765,exact_match,1490.0
west,west,True,1,1,16,16,0,0,0.7374976873397827,exact_match,1491.0
8m,8m,True,1,1,16,16,0,0,0.8685696125030518,exact_match,1492.0
white,white,True,1,1,16,16,0,0,0.8025506138801575,exact_match,1493.0
west,west,True,1,1,16,16,0,0,0.8101761341094971,exact_match,1494.0
1s,1s,True,1,1,16,16,0,0,0.9259888529777527,exact_match,1495.0
9s,9s,True,0,0,6,6,0,0,0.9779177904129028,exact_match,1496.0
south,9s,False,4,4,66,66,0,0,0.44240161776542664,equivalent,1497.0
green,9s,False,4,4,74,74,0,0,0.6309130787849426,equivalent,1498.0
red,9s,False,3,3,35,34,0,1,0.4565010368824005,near_equivalent,1499.0
1s,9s,False,3,3,34,34,0,0,0.5724303126335144,equivalent,1500.0
9s,9s,True,3,3,59,59,0,0,0.5174110531806946,exact_match,1501.0
east,east,True,2,2,28,28,0,0,0.4938808083534241,exact_match,1502.0
2s,2s,True,2,2,28,28,0,0,0.782179594039917,exact_match,1503.0
2p,6s,False,2,2,46,40,0,6,0.5387334227561951,ukeire_loss,1504.0
7p,6s,False,2,2,41,39,0,2,0.34461164474487305,near_equivalent,1505.0
red,red,True,2,2,38,38,0,0,0.8311207294464111,exact_match,1506.0
1s,1s,True,2,2,37,37,0,0,0.5850682258605957,exact_match,1507.0
8m,8p,False,1,2,12,26,-1,-14,0.4217947721481323,shanten_loss,1508.0
north,north,True,1,1,11,11,0,0,0.8771575689315796,exact_match,1509.0
1s,1s,True,4,4,26,26,0,0,0.5205238461494446,exact_match,1510.0
west,west,True,3,3,20,20,0,0,0.5162598490715027,exact_match,1511.0
8p,green,False,3,3,61,73,0,-12,0.3140520453453064,better_ukeire,1512.0
9p,9p,True,3,3,61,61,0,0,0.7485672831535339,exact_match,1513.0
8s,8s,True,2,2,19,19,0,0,0.5357314348220825,exact_match,1514.0
3p,3p,True,2,2,27,27,0,0,0.7772140502929688,exact_match,1515.0
8m,green,False,1,1,15,15,0,0,0.7876361012458801,equivalent,1516.0
green,green,True,0,0,8,8,0,0,0.9421975612640381,exact_match,1517.0
1s,1s,True,2,2,42,42,0,0,0.9172648191452026,exact_match,1518.0
white,white,True,2,2,12,12,0,0,0.9261685013771057,exact_match,1519.0
9s,9s,True,2,2,42,42,0,0,0.9423666000366211,exact_match,1520.0
9m,9m,True,2,2,12,12,0,0,0.9854474663734436,exact_match,1521.0
9p,9p,True,2,2,41,41,0,0,0.4463650584220886,exact_match,1522.0
3s,3s,True,1,1,7,7,0,0,0.5701820254325867,exact_match,1523.0
1m,1m,True,2,2,40,40,0,0,0.90561443567276,exact_match,1524.0
6m,6m,True,1,1,8,8,0,0,0.6458640098571777,exact_match,1525.0
east,east,True,1,1,11,11,0,0,0.6906591653823853,exact_match,1526.0
7p,7p,True,1,1,11,11,0,0,0.6638069748878479,exact_match,1527.0
2p,2p,True,1,1,12,12,0,0,0.3047593832015991,exact_match,1528.0
7m,7m,True,1,1,11,11,0,0,0.9556439518928528,exact_match,1529.0
1p,1p,True,0,0,4,4,0,0,0.9786222577095032,exact_match,1530.0
7s,1p,False,1,1,12,9,0,3,0.45711565017700195,ukeire_loss,1531.0
9p,9p,True,3,3,31,31,0,0,0.47654634714126587,exact_match,1532.0
1s,west,False,3,3,43,51,0,-8,0.6799480319023132,better_ukeire,1533.0
white,green,False,3,3,52,52,0,0,0.5918411016464233,equivalent,1534.0
west,west,True,2,2,36,36,0,0,0.48695793747901917,exact_match,1535.0
green,green,True,3,3,70,70,0,0,0.7455543875694275,exact_match,1536.0
green,green,True,2,2,48,48,0,0,0.5497337579727173,exact_match,1537.0
south,south,True,3,3,69,69,0,0,0.6492246985435486,exact_match,1538.0
red,red,True,2,2,57,57,0,0,0.8926638960838318,exact_match,1539.0
7s,east,False,3,2,64,11,1,53,0.9025387167930603,better_shanten,1540.0
3s,3s,True,2,2,56,56,0,0,0.8676138520240784,exact_match,1541.0
east,east,True,2,2,53,53,0,0,0.9052088260650635,exact_match,1542.0
6s,6s,True,1,1,19,19,0,0,0.3613570034503937,exact_match,1543.0
1m,1m,True,2,2,54,54,0,0,0.6838300824165344,exact_match,1544.0
red,red,True,1,1,19,19,0,0,0.898640513420105,exact_match,1545.0
8p,8p,True,2,2,53,53,0,0,0.9545326828956604,exact_match,1546.0
4s,4s,True,1,1,19,19,0,0,0.8627116084098816,exact_match,1547.0
3p,9m,False,1,2,12,50,-1,-38,0.8865349292755127,shanten_loss,1548.0
3m,3p,False,1,1,17,19,0,-2,0.31852155923843384,near_equivalent,1549.0
7s,7s,True,1,1,17,17,0,0,0.901995837688446,exact_match,1550.0
8s,8s,True,1,1,16,16,0,0,0.6597890853881836,exact_match,1551.0
9p,9p,True,1,1,16,16,0,0,0.869935154914856,exact_match,1552.0
7p,7p,True,0,0,7,7,0,0,0.4493177533149719,exact_match,1553.0
8s,8s,True,0,0,7,7,0,0,0.9201039671897888,exact_match,1554.0
north,north,True,0,0,7,7,0,0,0.9811480641365051,exact_match,1555.0
8s,8s,True,3,3,56,56,0,0,0.45501744747161865,exact_match,1556.0
white,1s,False,3,3,58,54,0,4,0.6348147988319397,ukeire_loss,1557.0
1s,1s,True,2,2,19,19,0,0,0.6668713688850403,exact_match,1558.0
5s,5s,True,2,2,38,38,0,0,0.509075939655304,exact_match,1559.0
5m,east,False,1,1,10,23,0,-13,0.6585801839828491,better_ukeire,1560.0
4m,east,False,1,1,10,26,0,-16,0.8148698806762695,better_ukeire,1561.0
east,3m,False,0,0,3,0,0,3,0.7504470944404602,ukeire_loss,1562.0
3m,3m,True,0,0,6,6,0,0,0.9688869714736938,exact_match,1563.0
white,white,True,2,2,16,16,0,0,0.5679449439048767,exact_match,1564.0
south,south,True,2,2,24,24,0,0,0.7654085755348206,exact_match,1565.0
4s,red,False,1,1,12,12,0,0,0.92300945520401,equivalent,1566.0
1s,1m,False,2,2,24,21,0,3,0.5922213196754456,ukeire_loss,1567.0
red,north,False,1,1,12,12,0,0,0.5245310068130493,equivalent,1568.0
1s,1s,True,2,2,26,26,0,0,0.9587244391441345,exact_match,1569.0
3s,3s,True,1,1,12,12,0,0,0.5717771053314209,exact_match,1570.0
4p,4p,True,2,2,26,26,0,0,0.8051087856292725,exact_match,1571.0
north,north,True,0,0,6,6,0,0,0.8321710824966431,exact_match,1572.0
8s,8s,True,2,2,24,24,0,0,0.8711674213409424,exact_match,1573.0
4m,4m,True,0,0,6,6,0,0,0.9378831386566162,exact_match,1574.0
7s,7s,True,2,2,23,23,0,0,0.8271822929382324,exact_match,1575.0
2m,2m,True,2,2,53,53,0,0,0.6576434969902039,exact_match,1576.0
8s,8s,True,1,1,14,14,0,0,0.9866622090339661,exact_match,1577.0
5s,5s,True,1,1,14,14,0,0,0.9663100242614746,exact_match,1578.0
5s,5s,True,1,1,14,14,0,0,0.9695451259613037,exact_match,1579.0
1m,1m,True,4,4,27,27,0,0,0.39761313796043396,exact_match,1580.0
south,south,True,2,2,56,56,0,0,0.8691571950912476,exact_match,1581.0
9m,9p,False,4,4,78,74,0,4,0.35475897789001465,ukeire_loss,1582.0
east,east,True,2,2,55,55,0,0,0.9166696667671204,exact_match,1583.0
9p,9p,True,3,3,15,15,0,0,0.4578753411769867,exact_match,1584.0
7m,2s,False,1,1,8,8,0,0,0.7988094687461853,equivalent,1585.0
9m,9m,True,3,3,15,15,0,0,0.7047358751296997,exact_match,1586.0
9p,9p,True,1,1,8,8,0,0,0.9433395266532898,exact_match,1587.0
white,white,True,3,3,23,23,0,0,0.40372300148010254,exact_match,1588.0
west,west,True,1,1,8,8,0,0,0.8902977705001831,exact_match,1589.0
1s,green,False,3,3,43,49,0,-6,0.5543261170387268,better_ukeire,1590.0
9s,4s,False,1,1,8,8,0,0,0.44715404510498047,equivalent,1591.0
south,south,True,3,3,43,43,0,0,0.6471942067146301,exact_match,1592.0
4s,1s,False,1,1,7,7,0,0,0.5238129496574402,equivalent,1593.0
8p,8p,True,3,3,41,41,0,0,0.6244155168533325,exact_match,1594.0
7s,red,False,1,1,7,7,0,0,0.8049010038375854,equivalent,1595.0
2m,green,False,2,2,20,20,0,0,0.6066938638687134,equivalent,1596.0
red,2p,False,1,1,6,6,0,0,0.7157037854194641,equivalent,1597.0
8m,8m,True,2,2,20,20,0,0,0.8151562809944153,exact_match,1598.0
1s,8p,False,2,1,31,6,1,25,0.797734797000885,better_shanten,1599.0
5m,green,False,1,1,8,8,0,0,0.6866542100906372,equivalent,1600.0
1m,2s,False,2,2,31,30,0,1,0.547963559627533,near_equivalent,1601.0
7m,7m,True,1,1,8,8,0,0,0.7207841873168945,exact_match,1602.0
1m,8s,False,3,2,44,31,1,13,0.6762404441833496,better_shanten,1603.0
green,green,True,1,1,12,12,0,0,0.7851571440696716,exact_match,1604.0
9m,9s,False,3,3,43,42,0,1,0.5701205730438232,near_equivalent,1605.0
green,green,True,1,1,12,12,0,0,0.9787624478340149,exact_match,1606.0
9m,9m,True,2,2,30,30,0,0,0.6113646626472473,exact_match,1607.0
2p,4m,False,1,2,12,15,-1,-3,0.5717335939407349,shanten_loss,1608.0
1p,9s,False,2,2,34,27,0,7,0.49022015929222107,ukeire_loss,1609.0
2m,2m,True,1,1,12,12,0,0,0.9446844458580017,exact_match,1610.0
9s,2s,False,2,1,34,10,1,24,0.28881993889808655,better_shanten,1611.0
3p,4m,False,0,1,5,10,-1,-5,0.5127151012420654,shanten_loss,1612.0
1s,1m,False,4,4,71,75,0,-4,0.4687235653400421,better_ukeire,1613.0
1m,1m,True,3,3,56,56,0,0,0.4361240565776825,exact_match,1614.0
9m,9m,True,2,2,47,47,0,0,0.6523991227149963,exact_match,1615.0
white,5m,False,1,2,9,44,-1,-35,0.46934762597084045,shanten_loss,1616.0
8p,1p,False,0,0,2,3,0,-1,0.6425991654396057,near_equivalent,1617.0
east,east,True,2,2,58,58,0,0,0.5892243981361389,exact_match,1618.0
south,south,True,2,2,58,58,0,0,0.6298744082450867,exact_match,1619.0
9s,9s,True,2,2,66,66,0,0,0.9748491644859314,exact_match,1620.0
8p,8p,True,1,1,19,19,0,0,0.9698715209960938,exact_match,1621.0
2m,2m,True,1,1,19,19,0,0,0.9922757744789124,exact_match,1622.0
6p,6p,True,1,1,18,18,0,0,0.33700981736183167,exact_match,1623.0
south,south,True,4,4,90,90,0,0,0.7243664264678955,exact_match,1624.0
white,white,True,3,3,66,66,0,0,0.7572358250617981,exact_match,1625.0
2m,2m,True,3,3,72,72,0,0,0.6166093945503235,exact_match,1626.0
5s,5m,False,2,3,19,70,-1,-51,0.5978142023086548,shanten_loss,1627.0
5m,5p,False,2,2,18,18,0,0,0.38373759388923645,equivalent,1628.0
7m,7m,True,1,1,11,11,0,0,0.38606709241867065,exact_match,1629.0
3m,3m,True,1,1,11,11,0,0,0.9021909832954407,exact_match,1630.0
8s,9p,False,1,1,9,11,0,-2,0.3554022014141083,near_equivalent,1631.0
south,9m,False,4,4,82,74,0,8,0.43277180194854736,ukeire_loss,1632.0
9m,9m,True,4,4,90,90,0,0,0.5661943554878235,exact_match,1633.0
9p,9p,True,3,3,34,34,0,0,0.7595378756523132,exact_match,1634.0
red,red,True,3,3,45,45,0,0,0.7661898136138916,exact_match,1635.0
3p,3p,True,2,2,24,24,0,0,0.7439756393432617,exact_match,1636.0
4m,4m,True,1,1,15,15,0,0,0.8950186371803284,exact_match,1637.0
white,white,True,2,2,19,19,0,0,0.8959510922431946,exact_match,1638.0
3s,3s,True,1,1,15,15,0,0,0.9661502242088318,exact_match,1639.0
9m,9m,True,2,2,18,18,0,0,0.4103241264820099,exact_match,1640.0
1m,1m,True,1,1,15,15,0,0,0.937393307685852,exact_match,1641.0
west,west,True,2,2,18,18,0,0,0.8850889801979065,exact_match,1642.0
8s,8s,True,1,1,15,15,0,0,0.9850302338600159,exact_match,1643.0
2s,1p,False,2,2,19,18,0,1,0.29735156893730164,near_equivalent,1644.0
6p,6p,True,0,0,7,7,0,0,0.4369141161441803,exact_match,1645.0
6p,4m,False,3,2,54,19,1,35,0.4429783225059509,better_shanten,1646.0
9m,9m,True,0,0,7,7,0,0,0.9950560331344604,exact_match,1647.0
2s,2s,True,3,3,56,56,0,0,0.6023517847061157,exact_match,1648.0
7p,7p,True,0,0,7,7,0,0,0.9846926927566528,exact_match,1649.0
7p,7p,True,3,3,48,48,0,0,0.4287598133087158,exact_match,1650.0
2p,2p,True,0,0,7,7,0,0,0.6697072386741638,exact_match,1651.0
2p,2p,True,2,2,32,32,0,0,0.6084885001182556,exact_match,1652.0
5m,5m,True,0,0,7,7,0,0,0.9142419695854187,exact_match,1653.0
1s,north,False,2,2,8,24,0,-16,0.2731034755706787,better_ukeire,1654.0
8p,8p,True,0,0,7,7,0,0,0.7536838054656982,exact_match,1655.0
1s,6p,False,2,2,9,8,0,1,0.4702991247177124,near_equivalent,1656.0
7p,7p,True,0,0,7,7,0,0,0.7354294061660767,exact_match,1657.0
1s,1s,True,1,1,8,8,0,0,0.8674026131629944,exact_match,1658.0
7s,7s,True,0,0,5,5,0,0,0.9670329689979553,exact_match,1659.0
2m,2p,False,0,1,7,18,-1,-11,0.4333692789077759,shanten_loss,1660.0
1m,1m,True,0,0,5,5,0,0,0.9921203851699829,exact_match,1661.0
red,red,True,1,1,16,16,0,0,0.97698575258255,exact_match,1662.0
red,red,True,1,1,16,16,0,0,0.9797400832176208,exact_match,1663.0
north,west,False,3,3,21,21,0,0,0.4048041105270386,equivalent,1664.0
west,1p,False,3,3,59,59,0,0,0.517467737197876,equivalent,1665.0
west,1p,False,3,3,21,20,0,1,0.4487403631210327,near_equivalent,1666.0
1p,1p,True,3,3,59,59,0,0,0.6500122547149658,exact_match,1667.0
1p,9p,False,3,3,21,20,0,1,0.44642728567123413,near_equivalent,1668.0
red,green,False,2,2,42,43,0,-1,0.596568763256073,near_equivalent,1669.0
green,9p,False,3,3,21,20,0,1,0.409047931432724,near_equivalent,1670.0
green,green,True,2,2,57,57,0,0,0.7482223510742188,exact_match,1671.0
red,red,True,3,3,21,21,0,0,0.46929696202278137,exact_match,1672.0
8p,8p,True,1,1,11,11,0,0,0.33639100193977356,exact_match,1673.0
9p,3s,False,3,3,33,21,0,12,0.350035697221756,ukeire_loss,1674.0
3s,green,False,1,1,10,10,0,0,0.7008355855941772,equivalent,1675.0
5s,3s,False,4,3,70,21,1,49,0.43165290355682373,better_shanten,1676.0
green,green,True,0,0,3,3,0,0,0.901593029499054,exact_match,1677.0
9s,9s,True,3,3,50,50,0,0,0.3488772213459015,exact_match,1678.0
east,east,True,0,0,3,3,0,0,0.9247207641601562,exact_match,1679.0
8m,8s,False,2,3,37,52,-1,-15,0.2784687876701355,shanten_loss,1680.0
8m,8m,True,0,0,2,2,0,0,0.7449204921722412,exact_match,1681.0
8s,8s,True,2,2,36,36,0,0,0.5291843414306641,exact_match,1682.0
south,south,True,0,0,2,2,0,0,0.9646316170692444,exact_match,1683.0
south,south,True,1,1,11,11,0,0,0.7965901494026184,exact_match,1684.0
1s,1s,True,4,4,58,58,0,0,0.5785474181175232,exact_match,1685.0
red,9s,False,4,4,65,56,0,9,0.4312279224395752,ukeire_loss,1686.0
9m,south,False,3,3,39,48,0,-9,0.40232452750205994,better_ukeire,1687.0
9s,9s,True,4,4,67,67,0,0,0.2932036221027374,exact_match,1688.0
south,south,True,3,3,58,58,0,0,0.4624377191066742,exact_match,1689.0
9p,9s,False,4,4,65,66,0,-1,0.6257716417312622,near_equivalent,1690.0
1s,1s,True,3,3,56,56,0,0,0.9064833521842957,exact_match,1691.0
white,9s,False,3,3,26,28,0,-2,0.6382627487182617,near_equivalent,1692.0
white,white,True,2,2,40,40,0,0,0.4850234091281891,exact_match,1693.0
green,9s,False,3,3,25,27,0,-2,0.3919796049594879,near_equivalent,1694.0
8p,west,False,1,1,8,8,0,0,0.5372971296310425,equivalent,1695.0
2s,9s,False,2,2,16,17,0,-1,0.4688948094844818,near_equivalent,1696.0
west,west,True,0,0,4,4,0,0,0.9138928651809692,exact_match,1697.0
7p,9s,False,1,1,8,8,0,0,0.6591666340827942,equivalent,1698.0
2m,2m,True,0,0,4,4,0,0,0.9511867165565491,exact_match,1699.0
5m,9s,False,1,1,8,8,0,0,0.7143877744674683,equivalent,1700.0
6s,7s,False,0,0,6,6,0,0,0.2981517016887665,equivalent,1701.0
9s,white,False,1,1,7,7,0,0,0.6060872077941895,equivalent,1702.0
2p,2p,True,0,0,6,6,0,0,0.9920663833618164,exact_match,1703.0
green,green,True,1,1,7,7,0,0,0.7058980464935303,exact_match,1704.0
6m,6m,True,0,0,6,6,0,0,0.9863582253456116,exact_match,1705.0
white,south,False,1,1,7,7,0,0,0.6093575358390808,equivalent,1706.0
1s,1s,True,0,0,6,6,0,0,0.989450991153717,exact_match,1707.0
green,green,True,1,1,6,6,0,0,0.8060953617095947,exact_match,1708.0
9p,9p,True,0,0,6,6,0,0,0.9841665029525757,exact_match,1709.0
9s,9s,True,1,1,6,6,0,0,0.6607998013496399,exact_match,1710.0
7m,7m,True,0,0,6,6,0,0,0.9892026782035828,exact_match,1711.0
south,south,True,0,0,3,3,0,0,0.8625942468643188,exact_match,1712.0
west,west,True,4,4,85,85,0,0,0.8034384250640869,exact_match,1713.0
north,north,True,3,3,75,75,0,0,0.9569056630134583,exact_match,1714.0
green,green,True,3,3,75,75,0,0,0.4998489022254944,exact_match,1715.0
8s,8s,True,2,2,19,19,0,0,0.5001587867736816,exact_match,1716.0
8p,white,False,2,2,23,23,0,0,0.7467618584632874,equivalent,1717.0
1m,2s,False,2,1,59,12,1,47,0.7164979577064514,better_shanten,1718.0
4p,white,False,2,2,25,29,0,-4,0.932522714138031,better_ukeire,1719.0
2s,2m,False,1,1,12,12,0,0,0.6439417004585266,equivalent,1720.0
2p,2p,True,1,1,18,18,0,0,0.4980712831020355,exact_match,1721.0
2m,2m,True,1,1,12,12,0,0,0.6443992853164673,exact_match,1722.0
5p,5p,True,1,1,18,18,0,0,0.5589628219604492,exact_match,1723.0
east,east,True,0,0,8,8,0,0,0.9855894446372986,exact_match,1724.0
white,white,True,0,0,8,8,0,0,0.989721953868866,exact_match,1725.0
2p,2p,True,0,0,8,8,0,0,0.9987356066703796,exact_match,1726.0
1p,1p,True,3,3,46,46,0,0,0.4603726267814636,exact_match,1727.0
west,west,True,3,3,38,38,0,0,0.9073282480239868,exact_match,1728.0
white,white,True,2,2,29,29,0,0,0.7884330749511719,exact_match,1729.0
west,west,True,3,3,37,37,0,0,0.8113386631011963,exact_match,1730.0
east,east,True,1,1,9,9,0,0,0.8396788835525513,exact_match,1731.0
north,north,True,3,3,36,36,0,0,0.839539647102356,exact_match,1732.0
8p,8p,True,1,1,8,8,0,0,0.9425600171089172,exact_match,1733.0
8m,white,False,3,3,46,58,0,-12,0.5173389911651611,better_ukeire,1734.0
1p,1p,True,1,1,7,7,0,0,0.9824367761611938,exact_match,1735.0
east,east,True,3,3,45,45,0,0,0.8557795882225037,exact_match,1736.0
south,south,True,1,1,7,7,0,0,0.8615756630897522,exact_match,1737.0
north,north,True,3,3,44,44,0,0,0.8132109045982361,exact_match,1738.0
8m,2p,False,1,1,9,7,0,2,0.8538108468055725,near_equivalent,1739.0
9s,white,False,3,2,47,12,1,35,0.5984315872192383,better_shanten,1740.0
4p,1m,False,1,1,8,9,0,-1,0.9031935334205627,near_equivalent,1741.0
5p,white,False,3,3,45,59,0,-14,0.43648919463157654,better_ukeire,1742.0
1m,1m,True,0,0,3,3,0,0,0.7912949323654175,exact_match,1743.0
1s,1s,True,2,2,23,23,0,0,0.5507947206497192,exact_match,1744.0
1s,7m,False,1,0,3,3,1,0,0.7914973497390747,better_shanten,1745.0
red,white,False,1,1,16,18,0,-2,0.5305314660072327,near_equivalent,1746.0
1s,1s,True,1,1,4,4,0,0,0.46483996510505676,exact_match,1747.0
green,green,True,1,1,16,16,0,0,0.6812757253646851,exact_match,1748.0
9s,red,False,1,2,7,24,-1,-17,0.6239641904830933,shanten_loss,1749.0
south,south,True,1,1,15,15,0,0,0.4810789227485657,exact_match,1750.0
red,red,True,2,2,27,27,0,0,0.8357386589050293,exact_match,1751.0
white,white,True,1,1,16,16,0,0,0.465895414352417,exact_match,1752.0
3m,red,False,2,2,26,35,0,-9,0.6938846111297607,better_ukeire,1753.0
6m,1m,False,1,1,7,16,0,-9,0.844776451587677,better_ukeire,1754.0
red,red,True,3,3,24,24,0,0,0.87321937084198,exact_match,1755.0
3p,3p,True,3,3,26,26,0,0,0.5486798286437988,exact_match,1756.0
1m,6p,False,3,3,26,26,0,0,0.2045116126537323,equivalent,1757.0
2m,2m,True,2,2,20,20,0,0,0.972312331199646,exact_match,1758.0
6p,6p,True,2,2,21,21,0,0,0.7621656060218811,exact_match,1759.0
7m,8s,False,1,1,13,13,0,0,0.4901410937309265,equivalent,1760.0
8s,8s,True,0,0,7,7,0,0,0.9247409105300903,exact_match,1761.0
3p,3p,True,0,0,7,7,0,0,0.955880343914032,exact_match,1762.0
4p,4p,True,0,0,7,7,0,0,0.7422569394111633,exact_match,1763.0
north,north,True,3,3,34,34,0,0,0.9485880732536316,exact_match,1764.0
red,red,True,2,2,15,15,0,0,0.4327082633972168,exact_match,1765.0
8m,red,False,2,2,13,14,0,-1,0.5424628257751465,near_equivalent,1766.0
6s,6s,True,1,1,7,7,0,0,0.5517581701278687,exact_match,1767.0
7p,2m,False,1,1,5,5,0,0,0.7066304087638855,equivalent,1768.0
9p,9m,False,1,1,4,5,0,-1,0.7659923434257507,near_equivalent,1769.0
north,north,True,1,1,4,4,0,0,0.5858359336853027,exact_match,1770.0
9m,9m,True,1,1,8,8,0,0,0.7479767203330994,exact_match,1771.0
1p,1p,True,1,1,8,8,0,0,0.9053198099136353,exact_match,1772.0
6m,6m,True,1,1,8,8,0,0,0.9158219695091248,exact_match,1773.0
2m,2m,True,0,0,3,3,0,0,0.9801623821258545,exact_match,1774.0
west,west,True,0,0,3,3,0,0,0.9969649910926819,exact_match,1775.0
5s,5s,True,0,0,3,3,0,0,0.9881138205528259,exact_match,1776.0
2p,2p,True,0,0,3,3,0,0,0.9909906387329102,exact_match,1777.0
5m,5m,True,0,0,3,3,0,0,0.995339035987854,exact_match,1778.0
6m,6m,True,0,0,3,3,0,0,0.9967613816261292,exact_match,1779.0
west,west,True,3,3,58,58,0,0,0.5496097803115845,exact_match,1780.0
north,north,True,3,3,57,57,0,0,0.776337742805481,exact_match,1781.0
white,white,True,3,3,63,63,0,0,0.8575119376182556,exact_match,1782.0
8m,8m,True,3,3,55,55,0,0,0.4735832214355469,exact_match,1783.0
5s,5s,True,2,2,44,44,0,0,0.483294814825058,exact_match,1784.0
6m,6m,True,2,2,43,43,0,0,0.8652265667915344,exact_match,1785.0
7p,7p,True,1,1,13,13,0,0,0.6718046069145203,exact_match,1786.0
white,white,True,1,1,12,12,0,0,0.9197089076042175,exact_match,1787.0
north,north,True,1,1,11,11,0,0,0.8485466241836548,exact_match,1788.0
1s,1s,True,0,0,3,3,0,0,0.7358141541481018,exact_match,1789.0
4m,1m,False,0,0,3,3,0,0,0.7816362977027893,equivalent,1790.0
1p,2p,False,1,0,12,3,1,9,0.7854439616203308,better_shanten,1791.0
9p,9p,True,1,1,11,11,0,0,0.7221905589103699,exact_match,1792.0
1p,9s,False,1,1,7,11,0,-4,0.600494921207428,better_ukeire,1793.0
east,east,True,2,2,14,14,0,0,0.9445884823799133,exact_match,1794.0
9m,9m,True,2,2,14,14,0,0,0.485747754573822,exact_match,1795.0
9s,9s,True,2,2,14,14,0,0,0.9292469024658203,exact_match,1796.0
9m,south,False,2,2,14,14,0,0,0.8045457005500793,equivalent,1797.0
south,south,True,2,2,25,25,0,0,0.4432722330093384,exact_match,1798.0
5p,3m,False,2,2,22,30,0,-8,0.31674692034721375,better_ukeire,1799.0
3m,3m,True,1,1,19,19,0,0,0.6861111521720886,exact_match,1800.0
3p,3p,True,1,1,19,19,0,0,0.7408433556556702,exact_match,1801.0
3s,3s,True,0,0,4,4,0,0,0.7297617197036743,exact_match,1802.0
3s,3s,True,0,0,4,4,0,0,0.9588731527328491,exact_match,1803.0
north,north,True,0,0,4,4,0,0,0.9841088652610779,exact_match,1804.0
8p,8p,True,0,0,4,4,0,0,0.9801585078239441,exact_match,1805.0
9m,9m,True,3,3,59,59,0,0,0.7983552813529968,exact_match,1806.0
green,green,True,2,2,16,16,0,0,0.907419741153717,exact_match,1807.0
2m,1s,False,1,2,12,53,-1,-41,0.4710548520088196,shanten_loss,1808.0
north,north,True,1,1,12,12,0,0,0.979042649269104,exact_match,1809.0
1s,1s,True,1,1,14,14,0,0,0.9654747843742371,exact_match,1810.0
1p,1p,True,1,1,12,12,0,0,0.9914297461509705,exact_match,1811.0
north,north,True,1,1,11,11,0,0,0.9213460683822632,exact_match,1812.0
red,red,True,1,1,11,11,0,0,0.9097341895103455,exact_match,1813.0
6s,6s,True,1,1,11,11,0,0,0.7273789644241333,exact_match,1814.0
3s,3s,True,1,1,11,11,0,0,0.6208093166351318,exact_match,1815.0
red,red,True,1,1,11,11,0,0,0.9182343482971191,exact_match,1816.0
6m,8m,False,1,1,11,11,0,0,0.532002866268158,equivalent,1817.0
8m,south,False,1,1,11,11,0,0,0.6954642534255981,equivalent,1818.0
1p,green,False,4,3,85,28,1,57,0.5075690746307373,better_shanten,1819.0
green,green,True,3,3,36,36,0,0,0.7814345359802246,exact_match,1820.0
south,west,False,3,3,34,34,0,0,0.6663708686828613,equivalent,1821.0
2s,west,False,3,3,37,37,0,0,0.48924028873443604,equivalent,1822.0
west,west,True,2,2,30,30,0,0,0.6327844858169556,exact_match,1823.0
4s,6p,False,2,2,24,28,0,-4,0.46782389283180237,better_ukeire,1824.0
6p,6p,True,1,1,18,18,0,0,0.83026522397995,exact_match,1825.0
4m,4m,True,0,0,6,6,0,0,0.9926014542579651,exact_match,1826.0
8s,8s,True,0,0,6,6,0,0,0.9955125451087952,exact_match,1827.0
north,north,True,0,0,6,6,0,0,0.9949072003364563,exact_match,1828.0
6s,6s,True,0,0,6,6,0,0,0.969200849533081,exact_match,1829.0
1s,west,False,4,4,27,27,0,0,0.39339056611061096,equivalent,1830.0
8s,9p,False,4,4,43,27,0,16,0.19180482625961304,ukeire_loss,1831.0
3p,7m,False,3,3,13,13,0,0,0.2806779444217682,equivalent,1832.0
4s,4s,True,3,3,13,13,0,0,0.6459136009216309,exact_match,1833.0
7m,7m,True,3,3,25,25,0,0,0.3582727909088135,exact_match,1834.0
2m,2m,True,3,3,23,23,0,0,0.8337092995643616,exact_match,1835.0
6s,east,False,2,3,9,20,-1,-11,0.25215286016464233,shanten_loss,1836.0
6s,6s,True,2,2,8,8,0,0,0.6198268532752991,exact_match,1837.0
9s,1s,False,1,2,6,6,-1,0,0.7143245339393616,shanten_loss,1838.0
7p,7p,True,1,1,5,5,0,0,0.7357398271560669,exact_match,1839.0
south,7s,False,1,1,5,5,0,0,0.3829985558986664,equivalent,1840.0
south,3s,False,2,1,6,5,1,1,0.2947390079498291,better_shanten,1841.0
9s,5p,False,3,2,7,6,1,1,0.6182460188865662,better_shanten,1842.0
9p,9p,True,4,4,7,7,0,0,0.7436237931251526,exact_match,1843.0
red,white,False,3,3,73,73,0,0,0.47324198484420776,equivalent,1844.0
1s,1s,True,2,2,46,46,0,0,0.7406174540519714,exact_match,1845.0
south,3p,False,2,2,44,31,0,13,0.49274301528930664,ukeire_loss,1846.0
3p,3p,True,1,1,14,14,0,0,0.6068092584609985,exact_match,1847.0
white,white,True,0,0,5,5,0,0,0.9841209053993225,exact_match,1848.0
6p,6p,True,0,0,5,5,0,0,0.9974374771118164,exact_match,1849.0
9p,9p,True,0,0,5,5,0,0,0.9983957409858704,exact_match,1850.0
north,north,True,3,3,31,31,0,0,0.9530482888221741,exact_match,1851.0
2m,2m,True,2,2,24,24,0,0,0.8263298273086548,exact_match,1852.0
1s,7s,False,3,2,75,24,1,51,0.48477691411972046,better_shanten,1853.0
2s,2s,True,2,2,37,37,0,0,0.9163433909416199,exact_match,1854.0
red,red,True,2,2,35,35,0,0,0.9759650826454163,exact_match,1855.0
8p,3s,False,2,2,29,33,0,-4,0.922057569026947,better_ukeire,1856.0
6p,1s,False,2,2,28,28,0,0,0.6435720324516296,equivalent,1857.0
6m,6m,True,1,1,10,10,0,0,0.47537925839424133,exact_match,1858.0
1s,1s,True,1,1,13,13,0,0,0.5092775821685791,exact_match,1859.0
4p,4m,False,1,1,13,13,0,0,0.6563138961791992,equivalent,1860.0
9s,5m,False,1,1,13,8,0,5,0.4104171097278595,ukeire_loss,1861.0
9s,9s,True,1,1,13,13,0,0,0.7776948809623718,exact_match,1862.0
9s,9s,True,1,1,13,13,0,0,0.8680953979492188,exact_match,1863.0
8p,8p,True,1,1,13,13,0,0,0.8468196392059326,exact_match,1864.0
8p,8p,True,1,1,13,13,0,0,0.9721176028251648,exact_match,1865.0
5m,5m,True,0,0,3,3,0,0,0.7247910499572754,exact_match,1866.0
green,green,True,0,0,3,3,0,0,0.8926469087600708,exact_match,1867.0
6s,6s,True,3,3,47,47,0,0,0.6935509443283081,exact_match,1868.0
south,2p,False,2,2,15,15,0,0,0.31621113419532776,equivalent,1869.0
south,south,True,2,2,14,14,0,0,0.6210028529167175,exact_match,1870.0
red,red,True,2,2,26,26,0,0,0.7652044892311096,exact_match,1871.0
6s,6s,True,2,2,26,26,0,0,0.9565148949623108,exact_match,1872.0
red,red,True,2,2,26,26,0,0,0.8188830614089966,exact_match,1873.0
4s,4s,True,2,2,26,26,0,0,0.9478033185005188,exact_match,1874.0
9s,9s,True,2,2,26,26,0,0,0.9489143490791321,exact_match,1875.0
3p,3m,False,1,1,8,20,0,-12,0.7651979327201843,better_ukeire,1876.0
2p,9p,False,1,1,6,6,0,0,0.6613777279853821,equivalent,1877.0
8s,8s,True,1,1,6,6,0,0,0.7881367206573486,exact_match,1878.0
9p,9p,True,1,1,9,9,0,0,0.500200092792511,exact_match,1879.0
2p,2p,True,1,1,9,9,0,0,0.922534167766571,exact_match,1880.0
west,west,True,1,1,8,8,0,0,0.9060219526290894,exact_match,1881.0
2p,2p,True,1,1,8,8,0,0,0.8964549899101257,exact_match,1882.0
6p,6p,True,1,1,8,8,0,0,0.6674962639808655,exact_match,1883.0
3m,8m,False,0,1,3,16,-1,-13,0.8035997152328491,shanten_loss,1884.0
7s,7s,True,0,0,3,3,0,0,0.6697474122047424,exact_match,1885.0
south,south,True,3,3,40,40,0,0,0.9650188684463501,exact_match,1886.0
west,west,True,2,2,23,23,0,0,0.6127773523330688,exact_match,1887.0
red,red,True,2,2,14,14,0,0,0.918881893157959,exact_match,1888.0
south,south,True,2,2,23,23,0,0,0.9446726441383362,exact_match,1889.0
3s,3s,True,2,2,14,14,0,0,0.4914077818393707,exact_match,1890.0
3p,9p,False,2,2,18,23,0,-5,0.32303372025489807,better_ukeire,1891.0
9s,9s,True,2,2,14,14,0,0,0.6739163994789124,exact_match,1892.0
green,green,True,2,2,18,18,0,0,0.9837746620178223,exact_match,1893.0
1p,5m,False,2,2,22,22,0,0,0.516171932220459,equivalent,1894.0
9m,9m,True,1,1,10,10,0,0,0.335760235786438,exact_match,1895.0
1p,1p,True,2,2,25,25,0,0,0.924318790435791,exact_match,1896.0
7m,2m,False,1,1,9,9,0,0,0.8926007151603699,equivalent,1897.0
1s,1s,True,2,2,23,23,0,0,0.9080811738967896,exact_match,1898.0
2m,2m,True,1,1,9,9,0,0,0.41558849811553955,exact_match,1899.0
8m,8m,True,2,2,23,23,0,0,0.9502891302108765,exact_match,1900.0
red,red,True,2,2,22,22,0,0,0.7726847529411316,exact_match,1901.0
6m,9s,False,2,2,18,21,0,-3,0.6561934947967529,better_ukeire,1902.0
north,north,True,2,2,18,18,0,0,0.9255251288414001,exact_match,1903.0
2m,9s,False,2,1,16,11,1,5,0.40274739265441895,better_shanten,1904.0
1m,1m,True,3,3,57,57,0,0,0.696221113204956,exact_match,1905.0
green,green,True,3,3,51,51,0,0,0.8050259351730347,exact_match,1906.0
red,red,True,2,2,46,46,0,0,0.7693318128585815,exact_match,1907.0
east,2p,False,2,2,48,44,0,4,0.6356831789016724,ukeire_loss,1908.0
2p,2p,True,1,1,40,40,0,0,0.769278347492218,exact_match,1909.0
2s,2s,True,1,1,38,38,0,0,0.7578405737876892,exact_match,1910.0
north,5s,False,1,0,18,2,1,16,0.6339252591133118,better_shanten,1911.0
north,north,True,0,0,7,7,0,0,0.988657534122467,exact_match,1912.0
red,red,True,0,0,7,7,0,0,0.9872370958328247,exact_match,1913.0
9p,9p,True,0,0,7,7,0,0,0.9696851968765259,exact_match,1914.0
5m,5m,True,0,0,7,7,0,0,0.8733429908752441,exact_match,1915.0
1m,1m,True,0,0,7,7,0,0,0.9954225420951843,exact_match,1916.0
8p,8p,True,0,0,7,7,0,0,0.6091875433921814,exact_match,1917.0
green,green,True,0,0,7,7,0,0,0.9660704731941223,exact_match,1918.0
green,green,True,0,0,7,7,0,0,0.9803901314735413,exact_match,1919.0
1m,1m,True,0,0,7,7,0,0,0.9852489829063416,exact_match,1920.0
9s,9s,True,0,0,7,7,0,0,0.9849373698234558,exact_match,1921.0
7m,7m,True,0,0,7,7,0,0,0.8155980110168457,exact_match,1922.0
6p,6p,True,0,0,7,7,0,0,0.8155611157417297,exact_match,1923.0
green,1p,False,3,3,28,28,0,0,0.5057977437973022,equivalent,1924.0
west,west,True,3,3,55,55,0,0,0.6492685675621033,exact_match,1925.0
east,1p,False,3,3,86,78,0,8,0.5565468072891235,ukeire_loss,1926.0
east,east,True,2,2,10,10,0,0,0.8234015107154846,exact_match,1927.0
1p,1p,True,2,2,60,60,0,0,0.9341160655021667,exact_match,1928.0
4s,4s,True,1,1,8,8,0,0,0.6246646642684937,exact_match,1929.0
3m,3m,True,1,1,16,16,0,0,0.7296134233474731,exact_match,1930.0
1m,5p,False,1,2,8,47,-1,-39,0.5525460243225098,shanten_loss,1931.0
5p,7s,False,1,1,16,12,0,4,0.49139493703842163,ukeire_loss,1932.0
west,west,True,1,1,8,8,0,0,0.593604326248169,exact_match,1933.0
7s,7s,True,0,0,4,4,0,0,0.8191707730293274,exact_match,1934.0
7m,5p,False,0,1,4,39,-1,-35,0.6761415600776672,shanten_loss,1935.0
5p,5p,True,0,0,4,4,0,0,0.8781331181526184,exact_match,1936.0
south,south,True,3,3,17,17,0,0,0.6108811497688293,exact_match,1937.0
west,west,True,2,2,16,16,0,0,0.8655401468276978,exact_match,1938.0
west,1s,False,3,3,68,59,0,9,0.42649608850479126,ukeire_loss,1939.0
red,red,True,2,2,16,16,0,0,0.9381006956100464,exact_match,1940.0
1s,1s,True,2,2,44,44,0,0,0.7646601796150208,exact_match,1941.0
1p,1p,True,1,1,10,10,0,0,0.5160360932350159,exact_match,1942.0
1s,1s,True,2,2,43,43,0,0,0.8021302819252014,exact_match,1943.0
6m,3p,False,0,1,4,32,-1,-28,0.5511631369590759,shanten_loss,1944.0
west,west,True,3,3,31,31,0,0,0.8715196847915649,exact_match,1945.0
green,south,False,5,5,90,90,0,0,0.585787296295166,equivalent,1946.0
7s,7s,True,2,2,27,27,0,0,0.9844949841499329,exact_match,1947.0
south,9p,False,5,5,93,89,0,4,0.3387495279312134,ukeire_loss,1948.0
2p,2p,True,2,2,27,27,0,0,0.9919486045837402,exact_match,1949.0
9p,1m,False,4,4,84,84,0,0,0.3861565589904785,equivalent,1950.0
9s,9s,True,2,2,26,26,0,0,0.996387243270874,exact_match,1951.0
9m,1m,False,3,3,74,74,0,0,0.5501098036766052,equivalent,1952.0
white,9p,False,1,1,15,15,0,0,0.6721861958503723,equivalent,1953.0
1m,1m,True,2,2,55,55,0,0,0.6384132504463196,exact_match,1954.0
white,white,True,1,1,15,15,0,0,0.6299909353256226,exact_match,1955.0
1p,1p,True,2,2,62,62,0,0,0.5816375613212585,exact_match,1956.0
white,white,True,0,0,7,7,0,0,0.9853867292404175,exact_match,1957.0
2m,2m,True,2,2,61,61,0,0,0.9324713945388794,exact_match,1958.0
7p,7p,True,0,0,7,7,0,0,0.9060807824134827,exact_match,1959.0
7p,7p,True,1,1,16,16,0,0,0.5074996948242188,exact_match,1960.0
5p,south,False,2,2,15,15,0,0,0.5347751379013062,equivalent,1961.0
3m,south,False,2,2,14,14,0,0,0.40266159176826477,equivalent,1962.0
5p,1m,False,2,2,15,14,0,1,0.5644525289535522,near_equivalent,1963.0
6s,6p,False,2,2,13,13,0,0,0.7341407537460327,equivalent,1964.0
4p,1m,False,2,2,11,12,0,-1,0.2854176461696625,near_equivalent,1965.0
6p,3p,False,2,2,8,10,0,-2,0.32521384954452515,near_equivalent,1966.0
4s,4s,True,2,2,8,8,0,0,0.4506300389766693,exact_match,1967.0
3p,3p,True,2,2,15,15,0,0,0.45635828375816345,exact_match,1968.0
green,green,True,2,2,14,14,0,0,0.42660951614379883,exact_match,1969.0
2p,2p,True,2,2,12,12,0,0,0.597796618938446,exact_match,1970.0
south,south,True,2,2,25,25,0,0,0.40293756127357483,exact_match,1971.0
red,red,True,2,2,32,32,0,0,0.6795939803123474,exact_match,1972.0
3s,9m,False,1,1,5,4,0,1,0.606130063533783,near_equivalent,1973.0
south,south,True,2,2,8,8,0,0,0.524474561214447,exact_match,1974.0
1m,east,False,3,2,60,8,1,52,0.6153308749198914,better_shanten,1975.0
east,east,True,3,3,69,69,0,0,0.7116727828979492,exact_match,1976.0
7p,3p,False,3,3,63,66,0,-3,0.3518037796020508,better_ukeire,1977.0
3p,3p,True,2,2,33,33,0,0,0.752346396446228,exact_match,1978.0
west,west,True,2,2,31,31,0,0,0.7115036249160767,exact_match,1979.0
8p,8p,True,2,2,31,31,0,0,0.9220682382583618,exact_match,1980.0
8m,8m,True,1,1,13,13,0,0,0.3893820345401764,exact_match,1981.0
7p,7p,True,1,1,12,12,0,0,0.8698716163635254,exact_match,1982.0
4m,4m,True,0,0,3,3,0,0,0.8993062376976013,exact_match,1983.0
red,red,True,0,0,3,3,0,0,0.9893246293067932,exact_match,1984.0
3m,3m,True,0,0,3,3,0,0,0.9669457077980042,exact_match,1985.0
4m,4m,True,0,0,3,3,0,0,0.9831495881080627,exact_match,1986.0
red,west,False,2,2,26,26,0,0,0.5203433632850647,equivalent,1987.0
west,west,True,2,2,45,45,0,0,0.7594495415687561,exact_match,1988.0
north,north,True,2,2,45,45,0,0,0.7871987819671631,exact_match,1989.0
east,east,True,1,1,31,31,0,0,0.9266225099563599,exact_match,1990.0
8s,8s,True,1,1,30,30,0,0,0.953203558921814,exact_match,1991.0
5s,2m,False,1,1,29,18,0,11,0.5435617566108704,ukeire_loss,1992.0
2m,2m,True,1,1,30,30,0,0,0.5676511526107788,exact_match,1993.0
7s,7s,True,1,1,28,28,0,0,0.9557244181632996,exact_match,1994.0
1p,1p,True,0,0,3,3,0,0,0.5829676985740662,exact_match,1995.0
4s,4s,True,0,0,3,3,0,0,0.9591497778892517,exact_match,1996.0
4m,7m,False,0,0,5,3,0,2,0.5046366453170776,near_equivalent,1997.0
south,south,True,2,2,16,16,0,0,0.9397372603416443,exact_match,1998.0
east,east,True,2,2,20,20,0,0,0.7766168713569641,exact_match,1999.0
1p,1p,True,1,1,8,8,0,0,0.5038474202156067,exact_match,2000.0
8p,8p,True,1,1,7,7,0,0,0.7675754427909851,exact_match,2001.0
2p,3s,False,2,1,58,7,1,51,0.6868685483932495,better_shanten,2002.0
7m,3s,False,2,2,59,50,0,9,0.4636145234107971,ukeire_loss,2003.0
7p,7p,True,2,2,56,56,0,0,0.7825379371643066,exact_match,2004.0
3s,3s,True,1,1,12,12,0,0,0.48742416501045227,exact_match,2005.0
5p,2m,False,1,1,13,12,0,1,0.45046499371528625,near_equivalent,2006.0
green,green,True,1,1,12,12,0,0,0.9354400038719177,exact_match,2007.0
green,green,True,1,1,9,9,0,0,0.9111667275428772,exact_match,2008.0
1m,2s,False,1,1,7,9,0,-2,0.46044453978538513,near_equivalent,2009.0
red,red,True,2,2,15,15,0,0,0.4864884614944458,exact_match,2010.0
red,red,True,2,2,27,27,0,0,0.8905553817749023,exact_match,2011.0
1s,2s,False,1,1,6,6,0,0,0.45333778858184814,equivalent,2012.0
2s,7p,False,1,1,6,6,0,0,0.7984157204627991,equivalent,2013.0
west,north,False,3,3,27,27,0,0,0.463441401720047,equivalent,2014.0
south,1p,False,3,3,36,20,0,16,0.38788679242134094,ukeire_loss,2015.0
north,north,True,3,3,27,27,0,0,0.6496191024780273,exact_match,2016.0
1p,north,False,3,3,19,37,0,-18,0.5037224888801575,better_ukeire,2017.0
white,white,True,3,3,47,47,0,0,0.8222790360450745,exact_match,2018.0
1m,1m,True,3,3,19,19,0,0,0.7989767789840698,exact_match,2019.0
2s,2s,True,3,3,52,52,0,0,0.5284803509712219,exact_match,2020.0
red,north,False,3,3,39,41,0,-2,0.4262418746948242,near_equivalent,2021.0
1m,8p,False,2,3,12,50,-1,-38,0.30922240018844604,shanten_loss,2022.0
2m,2m,True,1,1,8,8,0,0,0.7337010502815247,exact_match,2023.0
north,north,True,2,2,13,13,0,0,0.5830710530281067,exact_match,2024.0
7p,3m,False,1,1,11,7,0,4,0.32163986563682556,ukeire_loss,2025.0
7p,7p,True,2,2,12,12,0,0,0.7418209910392761,exact_match,2026.0
7p,7p,True,1,1,11,11,0,0,0.54343181848526,exact_match,2027.0
2p,3s,False,2,2,35,40,0,-5,0.2794455587863922,better_ukeire,2028.0
south,2p,False,1,2,11,35,-1,-24,0.5210331082344055,shanten_loss,2029.0
2p,8m,False,3,2,53,35,1,18,0.37095847725868225,better_shanten,2030.0
north,north,True,4,4,69,69,0,0,0.7508002519607544,exact_match,2031.0
south,north,False,3,3,42,43,0,-1,0.6929157972335815,near_equivalent,2032.0
east,east,True,3,3,38,38,0,0,0.4431079626083374,exact_match,2033.0
green,north,False,2,2,13,13,0,0,0.7557757496833801,equivalent,2034.0
1p,1p,True,3,3,62,62,0,0,0.5583954453468323,exact_match,2035.0
north,north,True,2,2,13,13,0,0,0.7745673060417175,exact_match,2036.0
white,white,True,2,2,58,58,0,0,0.9618809223175049,exact_match,2037.0
2p,2p,True,2,2,12,12,0,0,0.8846800327301025,exact_match,2038.0
1m,1m,True,2,2,58,58,0,0,0.9884824156761169,exact_match,2039.0
1m,1m,True,2,2,24,24,0,0,0.3215946853160858,exact_match,2040.0
4m,4m,True,1,1,15,15,0,0,0.8854353427886963,exact_match,2041.0
1s,4s,False,2,2,12,26,0,-14,0.49974268674850464,better_ukeire,2042.0
2m,1s,False,3,2,46,20,1,26,0.7453765869140625,better_shanten,2043.0
2m,2m,True,2,2,19,19,0,0,0.784771740436554,exact_match,2044.0
1s,south,False,3,2,37,19,1,18,0.7307842373847961,better_shanten,2045.0
1s,1s,True,3,3,55,55,0,0,0.7033102512359619,exact_match,2046.0
8m,south,False,3,2,57,44,1,13,0.5309730172157288,better_shanten,2047.0
8s,8s,True,2,2,11,11,0,0,0.3899901211261749,exact_match,2048.0
south,south,True,2,2,27,27,0,0,0.9531123042106628,exact_match,2049.0
9p,9p,True,2,2,22,22,0,0,0.9322394728660583,exact_match,2050.0
9s,9s,True,2,2,9,9,0,0,0.4078420102596283,exact_match,2051.0
east,north,False,5,5,86,86,0,0,0.3508763313293457,equivalent,2052.0
north,north,True,4,4,81,81,0,0,0.34027236700057983,exact_match,2053.0
green,green,True,3,3,43,43,0,0,0.7495792508125305,exact_match,2054.0
east,east,True,4,4,80,80,0,0,0.4213332235813141,exact_match,2055.0
7m,1p,False,2,2,20,12,0,8,0.6502814292907715,ukeire_loss,2056.0
1p,south,False,3,3,66,71,0,-5,0.42894595861434937,better_ukeire,2057.0
4s,4s,True,2,2,24,24,0,0,0.5695562362670898,exact_match,2058.0
south,1m,False,2,2,23,20,0,3,0.3935268223285675,ukeire_loss,2059.0
4m,1p,False,1,2,12,52,-1,-40,0.49163633584976196,shanten_loss,2060.0
5p,5p,True,1,1,23,23,0,0,0.7337903380393982,exact_match,2061.0
5p,1m,False,1,2,8,44,-1,-36,0.3923304080963135,shanten_loss,2062.0
2m,2m,True,0,0,8,8,0,0,0.4288184344768524,exact_match,2063.0
4m,5s,False,2,1,39,10,1,29,0.38640889525413513,better_shanten,2064.0
green,green,True,0,0,8,8,0,0,0.9616419076919556,exact_match,2065.0
9s,1m,False,1,1,11,14,0,-3,0.5161212682723999,better_ukeire,2066.0
7m,7m,True,0,0,8,8,0,0,0.9944382905960083,exact_match,2067.0
2p,2p,True,1,1,10,10,0,0,0.8597569465637207,exact_match,2068.0
north,north,True,0,0,8,8,0,0,0.981038510799408,exact_match,2069.0
1m,9p,False,1,1,10,10,0,0,0.815689206123352,equivalent,2070.0
3p,3p,True,0,0,8,8,0,0,0.9941725134849548,exact_match,2071.0
9s,8m,False,2,1,38,10,1,28,0.846952497959137,better_shanten,2072.0
7s,7s,True,0,0,8,8,0,0,0.8400770425796509,exact_match,2073.0
9s,8m,False,2,1,35,9,1,26,0.4515767991542816,better_shanten,2074.0
8p,north,False,4,4,78,87,0,-9,0.8641253113746643,better_ukeire,2075.0
5m,north,False,3,3,52,69,0,-17,0.5504587292671204,better_ukeire,2076.0
north,north,True,2,2,19,19,0,0,0.5944749712944031,exact_match,2077.0
8m,5s,False,2,2,14,34,0,-20,0.4861297309398651,better_ukeire,2078.0
8m,8m,True,2,2,39,39,0,0,0.8883907794952393,exact_match,2079.0
8p,8p,True,2,2,39,39,0,0,0.964657187461853,exact_match,2080.0
white,white,True,2,2,39,39,0,0,0.8324141502380371,exact_match,2081.0
4p,2s,False,2,1,42,18,1,24,0.3177374005317688,better_shanten,2082.0
5p,5p,True,2,2,25,25,0,0,0.680525541305542,exact_match,2083.0
north,north,True,1,1,24,24,0,0,0.9307298064231873,exact_match,2084.0
2s,2s,True,0,0,5,5,0,0,0.4067516326904297,exact_match,2085.0
west,east,False,5,5,94,94,0,0,0.39818525314331055,equivalent,2086.0
east,west,False,5,5,91,91,0,0,0.3405226469039917,equivalent,2087.0
west,1m,False,4,4,74,69,0,5,0.40685680508613586,ukeire_loss,2088.0
1m,1m,True,4,4,81,81,0,0,0.5449159145355225,exact_match,2089.0
1p,east,False,4,4,73,79,0,-6,0.5654661059379578,better_ukeire,2090.0
2p,2p,True,4,4,71,71,0,0,0.4247117340564728,exact_match,2091.0
9m,8s,False,3,3,50,47,0,3,0.26059240102767944,ukeire_loss,2092.0
green,green,True,3,3,49,49,0,0,0.45574671030044556,exact_match,2093.0
east,east,True,2,2,14,14,0,0,0.3248339891433716,exact_match,2094.0
8s,8s,True,1,1,10,10,0,0,0.5363607406616211,exact_match,2095.0
8s,8s,True,1,1,9,9,0,0,0.9003986120223999,exact_match,2096.0
1p,1p,True,1,1,8,8,0,0,0.7705501914024353,exact_match,2097.0
9s,9s,True,3,3,55,55,0,0,0.6009806394577026,exact_match,2098.0
1m,1m,True,4,4,26,26,0,0,0.6491451859474182,exact_match,2099.0
8p,2m,False,2,2,11,11,0,0,0.3358710706233978,equivalent,2100.0
white,south,False,4,4,67,68,0,-1,0.677720844745636,near_equivalent,2101.0
2m,2m,True,1,1,7,7,0,0,0.5067152380943298,exact_match,2102.0
green,south,False,4,4,65,66,0,-1,0.49186500906944275,near_equivalent,2103.0
south,south,True,4,4,77,77,0,0,0.46700024604797363,exact_match,2104.0
north,north,True,1,1,7,7,0,0,0.582818329334259,exact_match,2105.0
red,red,True,3,3,66,66,0,0,0.4749405086040497,exact_match,2106.0
8p,8p,True,1,1,7,7,0,0,0.8571047782897949,exact_match,2107.0
4m,8m,False,3,3,64,62,0,2,0.323047012090683,near_equivalent,2108.0
east,east,True,1,1,11,11,0,0,0.2718757688999176,exact_match,2109.0
8s,east,False,3,3,54,67,0,-13,0.3986281156539917,better_ukeire,2110.0
2p,9m,False,1,1,14,13,0,1,0.49189579486846924,near_equivalent,2111.0
8m,east,False,2,2,19,19,0,0,0.3606615960597992,equivalent,2112.0
white,white,True,2,2,18,18,0,0,0.702396035194397,exact_match,2113.0
east,3p,False,2,3,17,48,-1,-31,0.32477957010269165,shanten_loss,2114.0
3p,3p,True,2,2,33,33,0,0,0.4441520869731903,exact_match,2115.0
red,red,True,2,2,31,31,0,0,0.7822942137718201,exact_match,2116.0
9p,1p,False,2,1,25,8,1,17,0.4109131693840027,better_shanten,2117.0
9p,9p,True,2,2,30,30,0,0,0.937214732170105,exact_match,2118.0
7s,1p,False,1,1,11,13,0,-2,0.4571169912815094,near_equivalent,2119.0
7s,8s,False,1,2,8,23,-1,-15,0.47645673155784607,shanten_loss,2120.0
7s,8s,False,2,2,8,9,0,-1,0.4047545790672302,near_equivalent,2121.0
5m,2m,False,2,2,14,14,0,0,0.7057911157608032,equivalent,2122.0
2m,2m,True,1,1,12,12,0,0,0.9124922752380371,exact_match,2123.0
south,south,True,0,0,8,8,0,0,0.9939834475517273,exact_match,2124.0
9s,9s,True,0,0,8,8,0,0,0.9899858832359314,exact_match,2125.0
1p,1p,True,1,1,9,9,0,0,0.9518296718597412,exact_match,2126.0
1s,1s,True,3,3,19,19,0,0,0.6058250665664673,exact_match,2127.0
4s,4s,True,0,0,3,3,0,0,0.7964611649513245,exact_match,2128.0
east,east,True,2,2,12,12,0,0,0.925756573677063,exact_match,2129.0
4s,8p,False,1,1,8,8,0,0,0.4598968029022217,equivalent,2130.0
7s,3s,False,2,1,45,8,1,37,0.6085622906684875,better_shanten,2131.0
9s,9s,True,1,1,8,8,0,0,0.7470783591270447,exact_match,2132.0
9s,9s,True,3,3,46,46,0,0,0.6350884437561035,exact_match,2133.0
south,south,True,2,2,17,17,0,0,0.6476417183876038,exact_match,2134.0
2m,8p,False,2,2,17,17,0,0,0.3986353874206543,equivalent,2135.0
3m,3m,True,2,2,17,17,0,0,0.7588136792182922,exact_match,2136.0
west,west,True,2,2,17,17,0,0,0.7663121223449707,exact_match,2137.0
8p,9m,False,2,2,30,31,0,-1,0.46096912026405334,near_equivalent,2138.0
5s,9m,False,2,1,29,8,1,21,0.5260749459266663,better_shanten,2139.0
9m,9m,True,2,2,24,24,0,0,0.943175196647644,exact_match,2140.0
red,6m,False,1,2,13,22,-1,-9,0.49806666374206543,shanten_loss,2141.0
8s,8s,True,1,1,13,13,0,0,0.6958228349685669,exact_match,2142.0
4m,red,False,1,1,13,13,0,0,0.5369523763656616,equivalent,2143.0
red,west,False,1,1,13,13,0,0,0.7088690400123596,equivalent,2144.0
white,white,True,1,1,13,13,0,0,0.6016358733177185,exact_match,2145.0
1s,1s,True,1,1,13,13,0,0,0.7634775042533875,exact_match,2146.0
1m,1m,True,1,1,13,13,0,0,0.6249876618385315,exact_match,2147.0
west,west,True,0,0,6,6,0,0,0.9910112619400024,exact_match,2148.0
3p,3p,True,0,0,6,6,0,0,0.9962441921234131,exact_match,2149.0
west,west,True,3,3,62,62,0,0,0.8296032547950745,exact_match,2150.0
green,green,True,2,2,37,37,0,0,0.49398189783096313,exact_match,2151.0
white,white,True,1,1,8,8,0,0,0.989087700843811,exact_match,2152.0
1m,1m,True,1,1,8,8,0,0,0.6192166805267334,exact_match,2153.0
6p,6p,True,1,1,10,10,0,0,0.5358491539955139,exact_match,2154.0
4p,4p,True,0,0,3,3,0,0,0.9646080732345581,exact_match,2155.0
white,white,True,0,0,3,3,0,0,0.9980278611183167,exact_match,2156.0
south,south,True,2,2,25,25,0,0,0.9590839743614197,exact_match,2157.0
3p,green,False,3,3,51,67,0,-16,0.6517744064331055,better_ukeire,2158.0
8s,9p,False,1,2,11,55,-1,-44,0.3542340397834778,shanten_loss,2159.0
4m,4m,True,2,2,27,27,0,0,0.4976181089878082,exact_match,2160.0
7p,7p,True,2,2,30,30,0,0,0.5128901600837708,exact_match,2161.0
5s,5s,True,1,1,9,9,0,0,0.557966411113739,exact_match,2162.0
9p,9p,True,1,1,8,8,0,0,0.8230164051055908,exact_match,2163.0
2p,2p,True,1,1,8,8,0,0,0.7473806738853455,exact_match,2164.0
9p,9p,True,1,1,7,7,0,0,0.8080419898033142,exact_match,2165.0
8p,4m,False,1,1,12,8,0,4,0.31587129831314087,ukeire_loss,2166.0
1m,1m,True,1,1,7,7,0,0,0.647921085357666,exact_match,2167.0
9p,8p,False,1,1,12,12,0,0,0.939628541469574,equivalent,2168.0
red,red,True,0,0,3,3,0,0,0.9911893606185913,exact_match,2169.0
1m,1m,True,1,1,12,12,0,0,0.4961045980453491,exact_match,2170.0
south,south,True,0,0,3,3,0,0,0.9948384165763855,exact_match,2171.0
1s,1s,True,4,4,78,78,0,0,0.3906683027744293,exact_match,2172.0
east,2m,False,4,4,66,54,0,12,0.33135655522346497,ukeire_loss,2173.0
1m,1p,False,4,4,83,76,0,7,0.42072269320487976,ukeire_loss,2174.0
west,2m,False,3,3,46,34,0,12,0.46028319001197815,ukeire_loss,2175.0
3s,1p,False,4,4,75,75,0,0,0.5596446990966797,equivalent,2176.0
south,2p,False,3,3,56,45,0,11,0.6385767459869385,ukeire_loss,2177.0
1p,green,False,3,3,62,70,0,-8,0.47891345620155334,better_ukeire,2178.0
red,2m,False,3,3,63,60,0,3,0.5178990960121155,ukeire_loss,2179.0
green,green,True,2,2,59,59,0,0,0.6026073098182678,exact_match,2180.0
5m,2p,False,2,2,22,22,0,0,0.7295010089874268,equivalent,2181.0
6s,6s,True,1,1,13,13,0,0,0.8463466763496399,exact_match,2182.0
9s,2p,False,1,1,13,13,0,0,0.8712308406829834,equivalent,2183.0
east,4p,False,2,1,33,12,1,21,0.925493597984314,better_shanten,2184.0
5s,2p,False,2,1,44,17,1,27,0.6786848306655884,better_shanten,2185.0
east,3s,False,2,2,48,33,0,15,0.778326690196991,ukeire_loss,2186.0
8s,1s,False,3,2,55,43,1,12,0.690369725227356,better_shanten,2187.0
8p,9m,False,2,2,44,43,0,1,0.7135871648788452,near_equivalent,2188.0
8p,8s,False,2,3,13,55,-1,-42,0.287382036447525,shanten_loss,2189.0
3s,3s,True,1,1,10,10,0,0,0.6252453327178955,exact_match,2190.0
8s,west,False,3,2,14,13,1,1,0.6986945867538452,better_shanten,2191.0
north,north,True,4,4,68,68,0,0,0.36893415451049805,exact_match,2192.0
green,1s,False,2,2,21,21,0,0,0.4461861252784729,equivalent,2193.0
9s,9s,True,4,4,67,67,0,0,0.42936891317367554,exact_match,2194.0
1s,1s,True,2,2,41,41,0,0,0.6173140406608582,exact_match,2195.0
west,west,True,3,3,55,55,0,0,0.37083515524864197,exact_match,2196.0
9m,9m,True,2,2,40,40,0,0,0.9390419125556946,exact_match,2197.0
south,green,False,3,3,76,77,0,-1,0.4592098295688629,near_equivalent,2198.0
2p,1m,False,2,2,37,31,0,6,0.6282803416252136,ukeire_loss,2199.0
red,green,False,2,2,22,23,0,-1,0.5076314210891724,near_equivalent,2200.0
1m,1m,True,2,2,32,32,0,0,0.4774479568004608,exact_match,2201.0
7m,green,False,2,2,22,23,0,-1,0.5426881909370422,near_equivalent,2202.0
4s,4s,True,2,2,42,42,0,0,0.9167903661727905,exact_match,2203.0
3s,green,False,1,1,9,9,0,0,0.6345228552818298,equivalent,2204.0
white,white,True,2,2,42,42,0,0,0.929749071598053,exact_match,2205.0
green,9m,False,1,1,9,9,0,0,0.7462223768234253,equivalent,2206.0
south,south,True,2,2,41,41,0,0,0.9234055876731873,exact_match,2207.0
6p,9m,False,2,1,56,12,1,44,0.5630692839622498,better_shanten,2208.0
3p,3p,True,1,1,24,24,0,0,0.9148898720741272,exact_match,2209.0
red,red,True,2,2,53,53,0,0,0.6651800274848938,exact_match,2210.0
6p,6p,True,1,1,23,23,0,0,0.9908513426780701,exact_match,2211.0
3p,9m,False,2,1,16,13,1,3,0.4059610962867737,better_shanten,2212.0
4m,8m,False,1,1,7,22,0,-15,0.9870267510414124,better_ukeire,2213.0
2p,north,False,3,2,45,16,1,29,0.6884079575538635,better_shanten,2214.0
east,east,True,1,1,7,7,0,0,0.6185709238052368,exact_match,2215.0
1m,1m,True,2,2,14,14,0,0,0.43102994561195374,exact_match,2216.0
9p,red,False,4,3,81,21,1,60,0.3860724866390228,better_shanten,2217.0
1s,1s,True,2,2,13,13,0,0,0.7781703472137451,exact_match,2218.0
white,white,True,3,3,67,67,0,0,0.7169784307479858,exact_match,2219.0
1p,north,False,2,2,12,12,0,0,0.7411139607429504,equivalent,2220.0
1m,1m,True,3,3,65,65,0,0,0.8584069609642029,exact_match,2221.0
south,south,True,2,2,13,13,0,0,0.36804771423339844,exact_match,2222.0
red,south,False,3,3,63,65,0,-2,0.8397765159606934,near_equivalent,2223.0
3m,3m,True,2,2,12,12,0,0,0.773627519607544,exact_match,2224.0
9p,south,False,3,2,62,20,1,42,0.48964202404022217,better_shanten,2225.0
6m,north,False,1,1,7,9,0,-2,0.6727156043052673,near_equivalent,2226.0
9p,south,False,3,2,60,20,1,40,0.3661530315876007,better_shanten,2227.0
north,north,True,0,0,3,3,0,0,0.6867005228996277,exact_match,2228.0
west,west,True,3,3,59,59,0,0,0.6065805554389954,exact_match,2229.0
9s,9s,True,0,0,3,3,0,0,0.8871555924415588,exact_match,2230.0
1s,south,False,3,2,56,44,1,12,0.5522670745849609,better_shanten,2231.0
2s,2s,True,0,0,3,3,0,0,0.5942181348800659,exact_match,2232.0
2s,2s,True,3,3,53,53,0,0,0.4258476793766022,exact_match,2233.0
6s,6s,True,0,0,3,3,0,0,0.8575074672698975,exact_match,2234.0
green,green,True,2,2,33,33,0,0,0.6352189779281616,exact_match,2235.0
1m,1m,True,3,3,20,20,0,0,0.6458864212036133,exact_match,2236.0
west,8p,False,2,2,12,12,0,0,0.5687739253044128,equivalent,2237.0
8p,8p,True,2,2,16,16,0,0,0.8113828301429749,exact_match,2238.0
north,north,True,2,2,16,16,0,0,0.6947385668754578,exact_match,2239.0
green,green,True,1,1,8,8,0,0,0.4552996754646301,exact_match,2240.0
3p,3p,True,1,1,8,8,0,0,0.9776032567024231,exact_match,2241.0
4m,6m,False,1,1,11,11,0,0,0.5355292558670044,equivalent,2242.0
6m,6m,True,0,0,7,7,0,0,0.9826382994651794,exact_match,2243.0
1p,1p,True,0,0,7,7,0,0,0.9976009726524353,exact_match,2244.0
west,west,True,3,3,19,19,0,0,0.8987143635749817,exact_match,2245.0
red,red,True,2,2,14,14,0,0,0.9151575565338135,exact_match,2246.0
4m,4m,True,2,2,22,22,0,0,0.6679916381835938,exact_match,2247.0
9p,6p,False,2,2,21,21,0,0,0.41700419783592224,equivalent,2248.0
6p,9s,False,2,2,21,22,0,-1,0.5584054589271545,near_equivalent,2249.0
7s,8p,False,1,1,14,14,0,0,0.6492012739181519,equivalent,2250.0
2p,2p,True,1,1,12,12,0,0,0.7375974059104919,exact_match,2251.0
8p,north,False,1,1,10,10,0,0,0.7514516711235046,equivalent,2252.0
2p,2p,True,1,1,10,10,0,0,0.8139994740486145,exact_match,2253.0
9p,south,False,3,3,16,16,0,0,0.83339524269104,equivalent,2254.0
white,white,True,1,1,12,12,0,0,0.9978450536727905,exact_match,2255.0
south,white,False,3,3,15,15,0,0,0.33035939931869507,equivalent,2256.0
2s,3p,False,1,1,11,10,0,1,0.5177633762359619,near_equivalent,2257.0
8p,green,False,3,3,34,46,0,-12,0.49596962332725525,better_ukeire,2258.0
9m,9m,True,1,1,11,11,0,0,0.9923656582832336,exact_match,2259.0
white,green,False,2,2,20,20,0,0,0.4883769154548645,equivalent,2260.0
3s,3s,True,1,1,21,21,0,0,0.7508211135864258,exact_match,2261.0
9s,green,False,2,2,22,22,0,0,0.5196852087974548,equivalent,2262.0
3p,6s,False,1,1,21,16,0,5,0.35601291060447693,ukeire_loss,2263.0
1m,1m,True,2,2,21,21,0,0,0.8312584161758423,exact_match,2264.0
8s,6s,False,0,0,7,4,0,3,0.5160624980926514,ukeire_loss,2265.0
9s,9s,True,4,4,68,68,0,0,0.38096141815185547,exact_match,2266.0
1s,1s,True,4,4,64,64,0,0,0.6417914628982544,exact_match,2267.0
9m,9m,True,4,4,75,75,0,0,0.37422505021095276,exact_match,2268.0
red,red,True,3,3,27,27,0,0,0.4304788410663605,exact_match,2269.0
north,north,True,3,3,49,49,0,0,0.7928536534309387,exact_match,2270.0
west,west,True,2,2,18,18,0,0,0.3084748387336731,exact_match,2271.0
9p,9p,True,2,2,18,18,0,0,0.7140661478042603,exact_match,2272.0
west,east,False,2,2,18,18,0,0,0.5865031480789185,equivalent,2273.0
green,green,True,2,2,18,18,0,0,0.5411502718925476,exact_match,2274.0
east,east,True,2,2,37,37,0,0,0.5779873728752136,exact_match,2275.0
1s,1s,True,2,2,37,37,0,0,0.8672434091567993,exact_match,2276.0
2s,2s,True,2,2,36,36,0,0,0.9144158959388733,exact_match,2277.0
1m,1m,True,1,1,8,8,0,0,0.8124550580978394,exact_match,2278.0
5s,5s,True,1,1,12,12,0,0,0.25742608308792114,exact_match,2279.0
7s,7s,True,1,1,9,9,0,0,0.801057755947113,exact_match,2280.0
white,white,True,0,0,4,4,0,0,0.9374799132347107,exact_match,2281.0
9s,9s,True,0,0,4,4,0,0,0.9851675629615784,exact_match,2282.0
2m,2m,True,0,0,4,4,0,0,0.8468626141548157,exact_match,2283.0
9s,9m,False,4,4,68,65,0,3,0.3964938223361969,ukeire_loss,2284.0
east,east,True,4,4,71,71,0,0,0.8412069082260132,exact_match,2285.0
9p,9p,True,4,4,75,75,0,0,0.5726673007011414,exact_match,2286.0
north,north,True,3,3,19,19,0,0,0.5619794130325317,exact_match,2287.0
1s,6p,False,3,3,20,36,0,-16,0.3080441951751709,better_ukeire,2288.0
white,white,True,3,3,33,33,0,0,0.7447724938392639,exact_match,2289.0
2s,2s,True,3,3,57,57,0,0,0.5491786003112793,exact_match,2290.0
2s,2s,True,3,3,55,55,0,0,0.6637541055679321,exact_match,2291.0
6p,north,False,3,3,40,56,0,-16,0.4874354898929596,better_ukeire,2292.0
1m,7p,False,3,2,64,26,1,38,0.5070164203643799,better_shanten,2293.0
5s,5s,True,2,2,20,20,0,0,0.5388935208320618,exact_match,2294.0
9s,3m,False,2,2,19,22,0,-3,0.5158804655075073,better_ukeire,2295.0
north,east,False,2,2,19,20,0,-1,0.6513882875442505,near_equivalent,2296.0
3m,3m,True,1,1,8,8,0,0,0.7550823092460632,exact_match,2297.0
4s,4s,True,2,2,18,18,0,0,0.6373190879821777,exact_match,2298.0
8m,8m,True,0,0,0,0,0,0,0.5036705136299133,exact_match,2299.0
east,east,True,1,1,7,7,0,0,0.58423912525177,exact_match,2300.0
6m,6m,True,0,0,0,0,0,0,0.7747049331665039,exact_match,2301.0
5s,6m,False,1,2,7,35,-1,-28,0.44690263271331787,shanten_loss,2302.0
7p,7p,True,1,1,21,21,0,0,0.6620944738388062,exact_match,2303.0
5s,5s,True,1,1,7,7,0,0,0.8464467525482178,exact_match,2304.0
5s,5s,True,0,0,4,4,0,0,0.9484897255897522,exact_match,2305.0
7p,7p,True,1,1,7,7,0,0,0.8065809607505798,exact_match,2306.0
white,white,True,0,0,4,4,0,0,0.9889107942581177,exact_match,2307.0
red,red,True,0,0,4,4,0,0,0.9358420968055725,exact_match,2308.0
west,west,True,0,0,4,4,0,0,0.9878437519073486,exact_match,2309.0
9m,2m,False,1,0,11,4,1,7,0.5129709243774414,better_shanten,2310.0
8p,8p,True,0,0,4,4,0,0,0.9934374690055847,exact_match,2311.0
9m,9m,True,1,1,10,10,0,0,0.6306790113449097,exact_match,2312.0
1m,1m,True,0,0,4,4,0,0,0.9973577857017517,exact_match,2313.0
6s,6s,True,0,0,3,3,0,0,0.8565317988395691,exact_match,2314.0
8m,8m,True,0,0,4,4,0,0,0.9755921959877014,exact_match,2315.0
9m,9m,True,0,0,3,3,0,0,0.9423987865447998,exact_match,2316.0
3s,3s,True,0,0,4,4,0,0,0.9967656135559082,exact_match,2317.0
9s,9s,True,0,0,3,3,0,0,0.6337277293205261,exact_match,2318.0
9p,9p,True,0,0,4,4,0,0,0.9973644614219666,exact_match,2319.0
north,north,True,3,3,46,46,0,0,0.9460229873657227,exact_match,2320.0
red,green,False,3,3,66,66,0,0,0.5233646631240845,equivalent,2321.0
9m,8p,False,3,3,46,46,0,0,0.49071529507637024,equivalent,2322.0
8m,green,False,2,2,56,60,0,-4,0.7320901155471802,better_ukeire,2323.0
1m,1m,True,3,3,45,45,0,0,0.94583660364151,exact_match,2324.0
4m,4m,True,1,1,36,36,0,0,0.5667882561683655,exact_match,2325.0
8p,green,False,3,3,43,43,0,0,0.7367734909057617,equivalent,2326.0
3m,3m,True,1,1,36,36,0,0,0.7470653057098389,exact_match,2327.0
green,green,True,2,2,14,14,0,0,0.5561040639877319,exact_match,2328.0
5p,5p,True,0,0,10,10,0,0,0.9303320646286011,exact_match,2329.0
9s,9s,True,2,2,36,36,0,0,0.8223814964294434,exact_match,2330.0
1m,1m,True,2,2,40,40,0,0,0.9764531254768372,exact_match,2331.0
4s,4s,True,2,2,44,44,0,0,0.9378682971000671,exact_match,2332.0
9p,9p,True,1,1,15,15,0,0,0.8074137568473816,exact_match,2333.0
8p,1s,False,1,1,15,15,0,0,0.9693906903266907,equivalent,2334.0
4s,1s,False,1,1,14,14,0,0,0.6203902363777161,equivalent,2335.0
2m,2m,True,1,1,14,14,0,0,0.7538997530937195,exact_match,2336.0
1m,north,False,4,4,41,41,0,0,0.5495471358299255,equivalent,2337.0
1p,north,False,4,4,69,68,0,1,0.38577207922935486,near_equivalent,2338.0
9s,9s,True,3,3,20,20,0,0,0.5126917958259583,exact_match,2339.0
white,white,True,3,3,55,55,0,0,0.5809226036071777,exact_match,2340.0
north,north,True,2,2,18,18,0,0,0.6771315336227417,exact_match,2341.0
8p,1s,False,2,2,27,39,0,-12,0.345521479845047,better_ukeire,2342.0
7p,7p,True,1,1,11,11,0,0,0.8021553754806519,exact_match,2343.0
6m,4p,False,1,1,14,11,0,3,0.797389805316925,ukeire_loss,2344.0
9p,9p,True,1,1,13,13,0,0,0.6214892864227295,exact_match,2345.0
green,green,True,1,1,13,13,0,0,0.5875275731086731,exact_match,2346.0
4p,4p,True,0,0,6,6,0,0,0.7348549962043762,exact_match,2347.0
east,west,False,3,3,58,58,0,0,0.4630259573459625,equivalent,2348.0
red,red,True,3,3,58,58,0,0,0.45654863119125366,exact_match,2349.0
west,west,True,2,2,15,15,0,0,0.6632077693939209,exact_match,2350.0
9m,1s,False,2,2,18,18,0,0,0.485561728477478,equivalent,2351.0
9p,1s,False,2,2,18,18,0,0,0.48615124821662903,equivalent,2352.0
2p,2p,True,2,2,18,18,0,0,0.5372181534767151,exact_match,2353.0
8p,1s,False,2,2,17,17,0,0,0.42047253251075745,equivalent,2354.0
2p,2p,True,2,2,16,16,0,0,0.5297583937644958,exact_match,2355.0
1s,9p,False,2,2,16,16,0,0,0.6511582732200623,equivalent,2356.0
9p,9p,True,2,2,22,22,0,0,0.8161295652389526,exact_match,2357.0
6s,6s,True,1,1,12,12,0,0,0.2875795364379883,exact_match,2358.0
north,north,True,4,4,27,27,0,0,0.32253748178482056,exact_match,2359.0
north,1s,False,2,2,28,26,0,2,0.5714784264564514,near_equivalent,2360.0
1s,9m,False,3,3,20,20,0,0,0.3823530972003937,equivalent,2361.0
1s,1s,True,2,2,28,28,0,0,0.5616944432258606,exact_match,2362.0
east,east,True,3,3,19,19,0,0,0.3296806514263153,exact_match,2363.0
west,west,True,2,2,55,55,0,0,0.6740447878837585,exact_match,2364.0
red,4p,False,2,2,14,14,0,0,0.3895742893218994,equivalent,2365.0
1p,1p,True,2,2,54,54,0,0,0.9573282599449158,exact_match,2366.0
red,red,True,2,2,25,25,0,0,0.6900140643119812,exact_match,2367.0
2m,2m,True,2,2,38,38,0,0,0.954670250415802,exact_match,2368.0
1m,1m,True,2,2,37,37,0,0,0.9914253950119019,exact_match,2369.0
7p,7p,True,1,1,16,16,0,0,0.5480266809463501,exact_match,2370.0
2m,2m,True,1,1,16,16,0,0,0.992165207862854,exact_match,2371.0
south,south,True,4,4,91,91,0,0,0.597777247428894,exact_match,2372.0
9p,9p,True,2,2,16,16,0,0,0.7784010767936707,exact_match,2373.0
west,west,True,4,4,89,89,0,0,0.5991834402084351,exact_match,2374.0
1m,1m,True,2,2,20,20,0,0,0.4968259930610657,exact_match,2375.0
1s,1s,True,3,3,68,68,0,0,0.4949312210083008,exact_match,2376.0
9s,9s,True,2,2,20,20,0,0,0.7783166170120239,exact_match,2377.0
8m,red,False,2,2,21,21,0,0,0.8828250169754028,equivalent,2378.0
white,white,True,2,2,19,19,0,0,0.8783336281776428,exact_match,2379.0
9m,9m,True,2,2,21,21,0,0,0.8464217185974121,exact_match,2380.0
4s,9m,False,2,2,19,27,0,-8,0.7631746530532837,better_ukeire,2381.0
red,north,False,2,2,19,19,0,0,0.7450157403945923,equivalent,2382.0
9m,9m,True,1,1,12,12,0,0,0.8054131865501404,exact_match,2383.0
2s,2s,True,2,2,19,19,0,0,0.8068313598632812,exact_match,2384.0
7s,7s,True,1,1,10,10,0,0,0.8333003520965576,exact_match,2385.0
5s,7p,False,1,2,10,45,-1,-35,0.4717269539833069,shanten_loss,2386.0
8s,8s,True,1,1,9,9,0,0,0.9046230316162109,exact_match,2387.0
north,red,False,1,1,10,10,0,0,0.655485212802887,equivalent,2388.0
3p,1p,False,1,1,17,9,0,8,0.38067156076431274,ukeire_loss,2389.0
5m,red,False,1,1,10,10,0,0,0.5429502725601196,equivalent,2390.0
3p,3p,True,1,1,15,15,0,0,0.7120189070701599,exact_match,2391.0
red,red,True,0,0,5,5,0,0,0.9914785027503967,exact_match,2392.0
3p,3p,True,1,1,14,14,0,0,0.7883122563362122,exact_match,2393.0
east,east,True,4,4,45,45,0,0,0.33214282989501953,exact_match,2394.0
1p,north,False,4,4,43,45,0,-2,0.46538296341896057,near_equivalent,2395.0
1p,1p,True,4,4,43,43,0,0,0.7918093800544739,exact_match,2396.0
north,9s,False,4,4,48,40,0,8,0.27815088629722595,ukeire_loss,2397.0
south,south,True,3,3,36,36,0,0,0.5150595307350159,exact_match,2398.0
9s,9s,True,3,3,76,76,0,0,0.3408277630805969,exact_match,2399.0
west,4m,False,2,2,22,22,0,0,0.33003029227256775,equivalent,2400.0
7p,4m,False,1,1,18,18,0,0,0.5756043195724487,equivalent,2401.0
west,west,True,4,4,59,59,0,0,0.31315878033638,exact_match,2402.0
north,north,True,3,3,54,54,0,0,0.5165489315986633,exact_match,2403.0
east,east,True,2,2,14,14,0,0,0.6606622338294983,exact_match,2404.0
west,west,True,2,2,14,14,0,0,0.9062033295631409,exact_match,2405.0
1s,1s,True,2,2,18,18,0,0,0.5613538026809692,exact_match,2406.0
9s,9s,True,2,2,23,23,0,0,0.4847993850708008,exact_match,2407.0
1p,1p,True,1,1,11,11,0,0,0.7751032710075378,exact_match,2408.0
6s,8p,False,1,1,13,11,0,2,0.609035849571228,near_equivalent,2409.0
9s,9s,True,3,3,39,39,0,0,0.8988896608352661,exact_match,2410.0
green,green,True,2,2,42,42,0,0,0.5611816048622131,exact_match,2411.0
east,east,True,3,3,41,41,0,0,0.6067623496055603,exact_match,2412.0
9s,9s,True,2,2,42,42,0,0,0.5946052670478821,exact_match,2413.0
2p,9m,False,3,3,40,69,0,-29,0.4918687343597412,better_ukeire,2414.0
7s,white,False,2,2,41,47,0,-6,0.7292867302894592,better_ukeire,2415.0
6p,9p,False,3,3,39,40,0,-1,0.9061488509178162,near_equivalent,2416.0
2p,white,False,2,2,56,66,0,-10,0.5963169932365417,better_ukeire,2417.0
1s,9p,False,2,2,22,22,0,0,0.6452702879905701,equivalent,2418.0
white,white,True,1,1,17,17,0,0,0.8841177225112915,exact_match,2419.0
6s,9p,False,2,2,22,26,0,-4,0.9357808232307434,better_ukeire,2420.0
4s,north,False,1,1,17,17,0,0,0.944140613079071,equivalent,2421.0
6s,west,False,2,2,22,22,0,0,0.6756212115287781,equivalent,2422.0
1m,1m,True,1,1,16,16,0,0,0.8523394465446472,exact_match,2423.0
north,north,True,1,1,27,27,0,0,0.6546048521995544,exact_match,2424.0
white,white,True,1,1,25,25,0,0,0.9439854621887207,exact_match,2425.0
east,east,True,1,1,25,25,0,0,0.9087868332862854,exact_match,2426.0
south,south,True,1,1,24,24,0,0,0.9562139511108398,exact_match,2427.0
8m,8s,False,1,1,15,23,0,-8,0.39456069469451904,better_ukeire,2428.0
east,east,True,3,3,50,50,0,0,0.7912096977233887,exact_match,2429.0
green,red,False,2,2,39,39,0,0,0.5700814127922058,equivalent,2430.0
red,red,True,2,2,56,56,0,0,0.891487181186676,exact_match,2431.0
red,red,True,2,2,55,55,0,0,0.9220092296600342,exact_match,2432.0
9m,9m,True,1,1,41,41,0,0,0.5689823627471924,exact_match,2433.0
2s,7p,False,1,0,39,3,1,36,0.6657117605209351,better_shanten,2434.0
6m,6m,True,1,1,39,39,0,0,0.559298574924469,exact_match,2435.0
2p,4s,False,1,0,40,4,1,36,0.8614529967308044,better_shanten,2436.0
west,west,True,4,4,89,89,0,0,0.4992738664150238,exact_match,2437.0
north,north,True,3,3,62,62,0,0,0.6264863610267639,exact_match,2438.0
9m,9m,True,2,2,19,19,0,0,0.871377170085907,exact_match,2439.0
1s,1s,True,2,2,19,19,0,0,0.9511005282402039,exact_match,2440.0
8s,8s,True,2,2,19,19,0,0,0.576620876789093,exact_match,2441.0
8s,8s,True,2,2,19,19,0,0,0.930155873298645,exact_match,2442.0
5m,5m,True,1,1,11,11,0,0,0.46400031447410583,exact_match,2443.0
5m,5m,True,1,1,10,10,0,0,0.8490920066833496,exact_match,2444.0
9p,2m,False,1,1,11,10,0,1,0.49298515915870667,near_equivalent,2445.0
3m,3m,True,0,0,4,4,0,0,0.8680850863456726,exact_match,2446.0
9m,9m,True,0,0,4,4,0,0,0.9976319074630737,exact_match,2447.0
south,south,True,3,3,50,50,0,0,0.6135631203651428,exact_match,2448.0
9s,9s,True,3,3,57,57,0,0,0.843769371509552,exact_match,2449.0
1p,white,False,3,3,68,67,0,1,0.6663007736206055,near_equivalent,2450.0
white,south,False,3,3,65,67,0,-2,0.6864410042762756,near_equivalent,2451.0
east,east,True,3,3,64,64,0,0,0.7989099025726318,exact_match,2452.0
1s,1s,True,3,3,62,62,0,0,0.8655358552932739,exact_match,2453.0
9m,south,False,2,2,12,19,0,-7,0.7566201686859131,better_ukeire,2454.0
west,west,True,2,2,12,12,0,0,0.6701255440711975,exact_match,2455.0
6s,south,False,2,2,27,44,0,-17,0.7457651495933533,better_ukeire,2456.0
1p,south,False,2,2,27,39,0,-12,0.6163062453269958,better_ukeire,2457.0
7m,south,False,1,1,12,12,0,0,0.7818721532821655,equivalent,2458.0
east,east,True,1,1,12,12,0,0,0.5270341038703918,exact_match,2459.0
south,south,True,0,0,4,4,0,0,0.9851637482643127,exact_match,2460.0
9s,9s,True,0,0,4,4,0,0,0.9922575950622559,exact_match,2461.0
6m,6m,True,0,0,4,4,0,0,0.9792050719261169,exact_match,2462.0
1m,1m,True,0,0,4,4,0,0,0.9354466199874878,exact_match,2463.0
9p,9p,True,0,0,4,4,0,0,0.8587589263916016,exact_match,2464.0
9p,9p,True,2,2,31,31,0,0,0.5577753782272339,exact_match,2465.0
east,1p,False,2,2,16,16,0,0,0.5597360134124756,equivalent,2466.0
white,white,True,2,2,39,39,0,0,0.9847179055213928,exact_match,2467.0
1p,1p,True,2,2,20,20,0,0,0.917670726776123,exact_match,2468.0
4p,4p,True,1,1,19,19,0,0,0.6240178346633911,exact_match,2469.0
1p,1p,True,2,2,19,19,0,0,0.9670625329017639,exact_match,2470.0
2s,3s,False,1,1,19,19,0,0,0.6327887177467346,equivalent,2471.0
1s,2s,False,2,2,27,28,0,-1,0.23582793772220612,near_equivalent,2472.0
south,south,True,1,1,18,18,0,0,0.9624443054199219,exact_match,2473.0
2s,2s,True,1,1,13,13,0,0,0.8857952952384949,exact_match,2474.0
1p,1p,True,1,1,17,17,0,0,0.9637659192085266,exact_match,2475.0
8m,8m,True,1,1,13,13,0,0,0.9342286586761475,exact_match,2476.0
3s,3s,True,1,1,35,35,0,0,0.8951604962348938,exact_match,2477.0
6m,6m,True,1,1,12,12,0,0,0.9167575240135193,exact_match,2478.0
4p,4p,True,1,1,19,19,0,0,0.5230990648269653,exact_match,2479.0
south,south,True,1,1,18,18,0,0,0.9462580680847168,exact_match,2480.0
3m,3m,True,1,1,18,18,0,0,0.9644347429275513,exact_match,2481.0
7p,7p,True,1,1,18,18,0,0,0.9419953227043152,exact_match,2482.0
4p,9s,False,1,1,11,16,0,-5,0.23823072016239166,better_ukeire,2483.0
9p,7m,False,2,1,12,10,1,2,0.32894736528396606,better_shanten,2484.0
1s,1s,True,4,4,37,37,0,0,0.5714134573936462,exact_match,2485.0
red,north,False,3,3,38,38,0,0,0.5355052351951599,equivalent,2486.0
9p,red,False,4,4,35,37,0,-2,0.41841891407966614,near_equivalent,2487.0
9p,white,False,3,3,59,58,0,1,0.5110476016998291,near_equivalent,2488.0
green,red,False,3,3,31,33,0,-2,0.5098569393157959,near_equivalent,2489.0
1m,1m,True,3,3,59,59,0,0,0.868313729763031,exact_match,2490.0
white,red,False,2,2,18,18,0,0,0.5840356349945068,equivalent,2491.0
white,white,True,3,3,67,67,0,0,0.8073334693908691,exact_match,2492.0
red,red,True,1,1,17,17,0,0,0.9240440726280212,exact_match,2493.0
1m,1m,True,3,3,65,65,0,0,0.9428436160087585,exact_match,2494.0
4p,4p,True,1,1,17,17,0,0,0.5561051964759827,exact_match,2495.0
2p,2p,True,3,3,63,63,0,0,0.7986348271369934,exact_match,2496.0
4p,4p,True,1,1,17,17,0,0,0.8847578763961792,exact_match,2497.0
west,west,True,3,3,61,61,0,0,0.7770300507545471,exact_match,2498.0
8s,3p,False,1,1,17,17,0,0,0.9496399164199829,equivalent,2499.0
8s,8s,True,2,2,11,11,0,0,0.49281445145606995,exact_match,2500.0
3p,green,False,1,1,16,16,0,0,0.5337759852409363,equivalent,2501.0
1s,north,False,2,2,10,13,0,-3,0.36417439579963684,better_ukeire,2502.0
east,east,True,1,1,16,16,0,0,0.649200975894928,exact_match,2503.0
north,north,True,1,1,7,7,0,0,0.5106920003890991,exact_match,2504.0
3p,3p,True,1,1,16,16,0,0,0.8439534902572632,exact_match,2505.0
2m,4p,False,1,1,10,7,0,3,0.25670120120048523,ukeire_loss,2506.0
1p,1p,True,1,1,12,12,0,0,0.7265980243682861,exact_match,2507.0
8s,8s,True,1,1,10,10,0,0,0.6709335446357727,exact_match,2508.0
green,green,True,1,1,13,13,0,0,0.8199902772903442,exact_match,2509.0
9p,9p,True,1,1,10,10,0,0,0.9484689831733704,exact_match,2510.0
5s,5s,True,0,0,6,6,0,0,0.7693513035774231,exact_match,2511.0
east,east,True,1,1,10,10,0,0,0.9213439226150513,exact_match,2512.0
south,south,True,0,0,6,6,0,0,0.9827762842178345,exact_match,2513.0
4s,6m,False,1,2,10,32,-1,-22,0.21406517922878265,shanten_loss,2514.0
green,1p,False,4,4,79,75,0,4,0.7781795859336853,ukeire_loss,2515.0
south,east,False,2,2,53,53,0,0,0.6114956736564636,equivalent,2516.0
1p,1p,True,3,3,20,20,0,0,0.5747078657150269,exact_match,2517.0
east,east,True,1,1,42,42,0,0,0.9932758808135986,exact_match,2518.0
red,white,False,3,3,77,77,0,0,0.49154916405677795,equivalent,2519.0
2p,2p,True,1,1,41,41,0,0,0.5778226256370544,exact_match,2520.0
white,white,True,2,2,65,65,0,0,0.8352677226066589,exact_match,2521.0
2m,7s,False,1,1,41,42,0,-1,0.5688049793243408,near_equivalent,2522.0
7s,3m,False,1,1,13,23,0,-10,0.922152578830719,better_ukeire,2523.0
3s,3s,True,1,1,39,39,0,0,0.5509709715843201,exact_match,2524.0
2s,2s,True,1,1,12,12,0,0,0.7145285606384277,exact_match,2525.0
7s,7s,True,0,0,3,3,0,0,0.5657060146331787,exact_match,2526.0
white,3m,False,1,1,11,11,0,0,0.4651615619659424,equivalent,2527.0
south,south,True,0,0,3,3,0,0,0.9556396007537842,exact_match,2528.0
5s,5s,True,1,1,21,21,0,0,0.930769145488739,exact_match,2529.0
9p,9p,True,0,0,3,3,0,0,0.9679285287857056,exact_match,2530.0
3m,3m,True,0,0,3,3,0,0,0.6689478158950806,exact_match,2531.0
7m,7m,True,0,0,4,4,0,0,0.6977447271347046,exact_match,2532.0
green,green,True,2,2,26,26,0,0,0.8038548231124878,exact_match,2533.0
south,red,False,2,2,27,26,0,1,0.5682604312896729,near_equivalent,2534.0
1m,red,False,2,1,55,13,1,42,0.9776345491409302,better_shanten,2535.0
2m,white,False,2,2,45,55,0,-10,0.5774663686752319,better_ukeire,2536.0
red,red,True,1,1,40,40,0,0,0.5439324378967285,exact_match,2537.0
9s,7m,False,1,1,38,38,0,0,0.48734113574028015,equivalent,2538.0
green,green,True,1,1,38,38,0,0,0.7549788951873779,exact_match,2539.0
5m,5m,True,1,1,36,36,0,0,0.5407153964042664,exact_match,2540.0
7p,7m,False,1,1,35,25,0,10,0.584915816783905,ukeire_loss,2541.0
7s,7m,False,1,1,32,31,0,1,0.5732458233833313,near_equivalent,2542.0
2s,7m,False,1,1,30,33,0,-3,0.5403172373771667,better_ukeire,2543.0
west,west,True,3,3,51,51,0,0,0.7664051651954651,exact_match,2544.0
north,north,True,4,4,86,86,0,0,0.6327139735221863,exact_match,2545.0
white,white,True,3,3,60,60,0,0,0.5996624231338501,exact_match,2546.0
green,1m,False,3,3,69,61,0,8,0.6117141246795654,ukeire_loss,2547.0
9m,9m,True,3,3,71,71,0,0,0.8473865389823914,exact_match,2548.0
1m,1m,True,2,2,50,50,0,0,0.8628146052360535,exact_match,2549.0
9s,2s,False,2,2,57,48,0,9,0.4381955862045288,ukeire_loss,2550.0
5m,1p,False,2,2,53,57,0,-4,0.4566342532634735,better_ukeire,2551.0
3m,3m,True,2,2,50,50,0,0,0.5452864170074463,exact_match,2552.0
2s,2s,True,1,1,9,9,0,0,0.601126492023468,exact_match,2553.0
green,green,True,2,2,47,47,0,0,0.6866244673728943,exact_match,2554.0
1p,south,False,1,1,9,9,0,0,0.8135702610015869,equivalent,2555.0
2p,2p,True,1,1,11,11,0,0,0.6704632639884949,exact_match,2556.0
white,north,False,2,1,30,10,1,20,0.8433283567428589,better_shanten,2557.0
white,9p,False,2,2,33,30,0,3,0.4525541365146637,ukeire_loss,2558.0
north,north,True,1,1,30,30,0,0,0.6268818974494934,exact_match,2559.0
6m,7m,False,2,1,43,28,1,15,0.49730509519577026,better_shanten,2560.0
5m,2m,False,2,2,41,41,0,0,0.7972347140312195,equivalent,2561.0
7m,2m,False,2,1,31,5,1,26,0.48524540662765503,better_shanten,2562.0
7m,1p,False,2,2,32,29,0,3,0.45284202694892883,ukeire_loss,2563.0
4s,4s,True,2,2,16,16,0,0,0.36742958426475525,exact_match,2564.0
1m,1m,True,3,3,57,57,0,0,0.45424574613571167,exact_match,2565.0
3p,8p,False,1,1,12,8,0,4,0.47105109691619873,ukeire_loss,2566.0
north,north,True,3,3,57,57,0,0,0.5466573238372803,exact_match,2567.0
3s,3s,True,1,1,12,12,0,0,0.5197792053222656,exact_match,2568.0
south,green,False,3,3,76,77,0,-1,0.6823300719261169,near_equivalent,2569.0
3s,green,False,3,2,64,19,1,45,0.8061977028846741,better_shanten,2570.0
1s,1s,True,2,2,44,44,0,0,0.686322808265686,exact_match,2571.0
north,north,True,2,2,44,44,0,0,0.7511866092681885,exact_match,2572.0
3p,green,False,1,1,12,12,0,0,0.8656120300292969,equivalent,2573.0
east,west,False,3,3,62,59,0,3,0.5663438439369202,ukeire_loss,2574.0
west,west,True,3,3,61,61,0,0,0.6550666689872742,exact_match,2575.0
green,green,True,2,2,50,50,0,0,0.5993655323982239,exact_match,2576.0
2s,2s,True,1,1,6,6,0,0,0.35413768887519836,exact_match,2577.0
green,green,True,1,1,5,5,0,0,0.8580162525177002,exact_match,2578.0
7m,7m,True,0,0,2,2,0,0,0.8272671699523926,exact_match,2579.0
2p,2p,True,0,0,2,2,0,0,0.9586819410324097,exact_match,2580.0
5p,5p,True,0,0,2,2,0,0,0.9545384645462036,exact_match,2581.0
north,north,True,4,4,77,77,0,0,0.7570227980613708,exact_match,2582.0
1p,1p,True,3,3,51,51,0,0,0.7481482028961182,exact_match,2583.0
1p,1p,True,3,3,28,28,0,0,0.5321797728538513,exact_match,2584.0
red,white,False,2,2,47,47,0,0,0.47049373388290405,equivalent,2585.0
9s,9s,True,3,3,51,51,0,0,0.851489782333374,exact_match,2586.0
8m,white,False,1,1,15,15,0,0,0.6483809351921082,equivalent,2587.0
8m,8m,True,2,2,27,27,0,0,0.6555304527282715,exact_match,2588.0
white,white,True,0,0,7,7,0,0,0.986352801322937,exact_match,2589.0
1s,1s,True,4,4,27,27,0,0,0.47575536370277405,exact_match,2590.0
east,east,True,4,4,26,26,0,0,0.39560359716415405,exact_match,2591.0
east,east,True,3,3,19,19,0,0,0.5592226982116699,exact_match,2592.0
1s,1s,True,4,4,25,25,0,0,0.7441613674163818,exact_match,2593.0
1m,2s,False,2,2,15,15,0,0,0.5818846225738525,equivalent,2594.0
north,north,True,4,4,24,24,0,0,0.40095046162605286,exact_match,2595.0
2s,2s,True,2,2,15,15,0,0,0.3389109671115875,exact_match,2596.0
green,1p,False,4,4,81,73,0,8,0.5018349289894104,ukeire_loss,2597.0
4s,4s,True,2,2,15,15,0,0,0.7538297176361084,exact_match,2598.0
north,north,True,4,4,79,79,0,0,0.6247026920318604,exact_match,2599.0
8p,4p,False,2,2,19,15,0,4,0.5410637855529785,ukeire_loss,2600.0
white,4s,False,3,3,63,54,0,9,0.3464552164077759,ukeire_loss,2601.0
west,west,True,2,2,22,22,0,0,0.40434786677360535,exact_match,2602.0
8s,8s,True,2,2,47,47,0,0,0.3046993911266327,exact_match,2603.0
green,green,True,2,2,22,22,0,0,0.7676094770431519,exact_match,2604.0
east,east,True,2,2,45,45,0,0,0.6560609340667725,exact_match,2605.0
8s,6m,False,2,2,18,22,0,-4,0.756554365158081,better_ukeire,2606.0
4s,4s,True,1,1,8,8,0,0,0.4091073274612427,exact_match,2607.0
9s,9s,True,1,1,15,15,0,0,0.8222799897193909,exact_match,2608.0
7p,7p,True,0,0,4,4,0,0,0.8575496077537537,exact_match,2609.0
3m,4s,False,1,1,11,14,0,-3,0.8915420174598694,better_ukeire,2610.0
7p,7p,True,0,0,3,3,0,0,0.8932009339332581,exact_match,2611.0
4s,4s,True,0,0,3,3,0,0,0.9086063504219055,exact_match,2612.0
1s,1s,True,0,0,3,3,0,0,0.8981622457504272,exact_match,2613.0
7s,7s,True,0,0,3,3,0,0,0.9296252131462097,exact_match,2614.0
8m,6s,False,1,0,22,2,1,20,0.6808070540428162,better_shanten,2615.0
green,green,True,0,0,3,3,0,0,0.9707277417182922,exact_match,2616.0
2s,2s,True,1,1,22,22,0,0,0.7951265573501587,exact_match,2617.0
5s,5s,True,0,0,3,3,0,0,0.951793372631073,exact_match,2618.0
west,west,True,1,1,20,20,0,0,0.5464901924133301,exact_match,2619.0
2s,2s,True,2,2,15,15,0,0,0.31155499815940857,exact_match,2620.0
north,south,False,4,4,62,61,0,1,0.6643903255462646,near_equivalent,2621.0
6m,red,False,2,2,15,15,0,0,0.37151867151260376,equivalent,2622.0
west,west,True,4,4,61,61,0,0,0.647919237613678,exact_match,2623.0
3p,south,False,2,2,15,15,0,0,0.30471548438072205,equivalent,2624.0
south,2s,False,3,3,57,54,0,3,0.4286397099494934,ukeire_loss,2625.0
6m,6m,True,2,2,14,14,0,0,0.7619534730911255,exact_match,2626.0
5s,8m,False,2,2,18,18,0,0,0.6208272576332092,equivalent,2627.0
1m,1m,True,2,2,13,13,0,0,0.32047635316848755,exact_match,2628.0
4p,4p,True,2,2,17,17,0,0,0.5844754576683044,exact_match,2629.0
7s,south,False,2,2,12,13,0,-1,0.43188098073005676,near_equivalent,2630.0
8m,8m,True,2,2,15,15,0,0,0.35550111532211304,exact_match,2631.0
east,east,True,2,2,12,12,0,0,0.6764991879463196,exact_match,2632.0
north,north,True,2,2,15,15,0,0,0.634996771812439,exact_match,2633.0
8m,8m,True,2,2,12,12,0,0,0.8271855115890503,exact_match,2634.0
8p,2m,False,3,2,35,16,1,19,0.3935306966304779,better_shanten,2635.0
9s,6m,False,3,2,13,12,1,1,0.7651752233505249,better_shanten,2636.0
9p,9p,True,2,2,13,13,0,0,0.3688605725765228,exact_match,2637.0
9s,9s,True,3,3,14,14,0,0,0.6777828335762024,exact_match,2638.0
white,white,True,2,2,15,15,0,0,0.7570523619651794,exact_match,2639.0
6m,2p,False,2,2,18,20,0,-2,0.30864810943603516,near_equivalent,2640.0
4m,7s,False,2,2,18,18,0,0,0.3919263780117035,equivalent,2641.0
green,white,False,3,3,53,54,0,-1,0.47354599833488464,near_equivalent,2642.0
7s,7s,True,1,1,8,8,0,0,0.5990129113197327,exact_match,2643.0
1s,white,False,2,2,12,16,0,-4,0.6176131367683411,better_ukeire,2644.0
7p,3p,False,2,1,42,8,1,34,0.47382596135139465,better_shanten,2645.0
8m,9s,False,2,2,16,12,0,4,0.4287000596523285,ukeire_loss,2646.0
3p,8s,False,1,1,25,27,0,-2,0.4545603096485138,near_equivalent,2647.0
white,9p,False,2,2,19,16,0,3,0.7859855890274048,ukeire_loss,2648.0
8s,8s,True,1,1,14,14,0,0,0.4683399796485901,exact_match,2649.0
8s,5p,False,2,2,12,17,0,-5,0.33788928389549255,better_ukeire,2650.0
west,9p,False,1,1,14,8,0,6,0.7282536029815674,ukeire_loss,2651.0
9p,1s,False,2,2,13,12,0,1,0.531798243522644,near_equivalent,2652.0
9p,green,False,1,1,6,13,0,-7,0.5274124145507812,better_ukeire,2653.0
1s,5m,False,2,2,9,13,0,-4,0.6421814560890198,better_ukeire,2654.0
1s,1s,True,1,1,6,6,0,0,0.8106749057769775,exact_match,2655.0
9s,9s,True,2,2,25,25,0,0,0.7608883380889893,exact_match,2656.0
green,5s,False,1,1,17,5,0,12,0.611348032951355,ukeire_loss,2657.0
1p,1p,True,3,3,65,65,0,0,0.6174408197402954,exact_match,2658.0
9m,9m,True,3,3,63,63,0,0,0.7470577359199524,exact_match,2659.0
green,green,True,2,2,57,57,0,0,0.890319287776947,exact_match,2660.0
2s,2s,True,1,1,15,15,0,0,0.7323499321937561,exact_match,2661.0
east,east,True,1,1,15,15,0,0,0.9373115301132202,exact_match,2662.0
3s,3s,True,1,1,15,15,0,0,0.7777763605117798,exact_match,2663.0
9s,9s,True,1,1,16,16,0,0,0.45475149154663086,exact_match,2664.0
8s,8s,True,1,1,39,39,0,0,0.9433543682098389,exact_match,2665.0
7p,7p,True,1,1,39,39,0,0,0.2966136634349823,exact_match,2666.0
south,south,True,1,1,35,35,0,0,0.9191663265228271,exact_match,2667.0
9s,9s,True,5,5,81,81,0,0,0.5424836874008179,exact_match,2668.0
south,east,False,3,3,61,61,0,0,0.5452974438667297,equivalent,2669.0
north,north,True,4,4,60,60,0,0,0.4677084982395172,exact_match,2670.0
east,east,True,2,2,18,18,0,0,0.8068701028823853,exact_match,2671.0
9m,white,False,4,4,62,62,0,0,0.3977223038673401,equivalent,2672.0
9s,9s,True,2,2,18,18,0,0,0.8404509425163269,exact_match,2673.0
white,east,False,3,3,26,26,0,0,0.4215528666973114,equivalent,2674.0
2p,2p,True,2,2,18,18,0,0,0.4154590964317322,exact_match,2675.0
2s,2s,True,3,3,26,26,0,0,0.4709096848964691,exact_match,2676.0
2s,7s,False,1,1,14,14,0,0,0.555607795715332,equivalent,2677.0
2p,east,False,3,3,24,24,0,0,0.348582923412323,equivalent,2678.0
south,south,True,2,2,12,12,0,0,0.6280969381332397,exact_match,2679.0
2s,2s,True,1,1,10,10,0,0,0.8358699679374695,exact_match,2680.0
9m,9m,True,2,2,12,12,0,0,0.6317422986030579,exact_match,2681.0
1p,1p,True,1,1,9,9,0,0,0.8918787240982056,exact_match,2682.0
3m,1p,False,2,2,12,12,0,0,0.893125593662262,equivalent,2683.0
7s,7s,True,0,0,6,6,0,0,0.664020299911499,exact_match,2684.0
3s,3s,True,2,2,12,12,0,0,0.5003426671028137,exact_match,2685.0
5m,5m,True,0,0,6,6,0,0,0.9451615214347839,exact_match,2686.0
1p,1p,True,2,2,26,26,0,0,0.7332149147987366,exact_match,2687.0
1s,1s,True,0,0,6,6,0,0,0.9559298157691956,exact_match,2688.0
north,north,True,2,2,22,22,0,0,0.9295676350593567,exact_match,2689.0
red,red,True,2,2,22,22,0,0,0.8501837849617004,exact_match,2690.0
6p,6p,True,2,2,22,22,0,0,0.6881571412086487,exact_match,2691.0
green,green,True,2,2,22,22,0,0,0.987558126449585,exact_match,2692.0
7s,6m,False,2,2,28,28,0,0,0.7124009728431702,equivalent,2693.0
9s,6m,False,2,2,28,28,0,0,0.43345150351524353,equivalent,2694.0
east,east,True,2,2,27,27,0,0,0.7782871723175049,exact_match,2695.0
7s,7s,True,1,1,20,20,0,0,0.7917028665542603,exact_match,2696.0
2p,2p,True,1,1,19,19,0,0,0.8974170684814453,exact_match,2697.0
green,9m,False,4,4,90,90,0,0,0.553619384765625,equivalent,2698.0
white,9m,False,4,4,89,89,0,0,0.33163881301879883,equivalent,2699.0
9m,1p,False,3,3,84,78,0,6,0.4043046236038208,ukeire_loss,2700.0
1p,1p,True,2,2,24,24,0,0,0.9072667360305786,exact_match,2701.0
7p,6m,False,1,1,12,12,0,0,0.4427211582660675,equivalent,2702.0
9p,9p,True,1,1,12,12,0,0,0.930037796497345,exact_match,2703.0
6m,6m,True,1,1,21,21,0,0,0.9206947088241577,exact_match,2704.0
7m,7m,True,1,1,21,21,0,0,0.920350193977356,exact_match,2705.0
south,south,True,1,1,11,11,0,0,0.6259596943855286,exact_match,2706.0
5m,5m,True,1,1,19,19,0,0,0.5754285454750061,exact_match,2707.0
west,west,True,1,1,11,11,0,0,0.5113642811775208,exact_match,2708.0
west,west,True,1,1,18,18,0,0,0.9305163621902466,exact_match,2709.0
5p,white,False,1,1,11,11,0,0,0.6006159782409668,equivalent,2710.0
2p,2p,True,1,1,18,18,0,0,0.916602611541748,exact_match,2711.0
white,white,True,1,1,14,14,0,0,0.5062272548675537,exact_match,2712.0
3m,1m,False,1,1,13,15,0,-2,0.3185544013977051,near_equivalent,2713.0
3p,7s,False,1,2,14,42,-1,-28,0.400430291891098,shanten_loss,2714.0
1m,1m,True,0,0,8,8,0,0,0.750867486000061,exact_match,2715.0
2s,south,False,3,3,38,38,0,0,0.5133193731307983,equivalent,2716.0
2m,1m,False,3,3,20,38,0,-18,0.6685870289802551,better_ukeire,2717.0
4m,1m,False,2,2,14,15,0,-1,0.6049127578735352,near_equivalent,2718.0
7p,1m,False,1,1,8,9,0,-1,0.7130228281021118,near_equivalent,2719.0
1p,1p,True,1,1,7,7,0,0,0.7558154463768005,exact_match,2720.0
9p,red,False,3,3,53,53,0,0,0.8150866627693176,equivalent,2721.0
red,red,True,3,3,20,20,0,0,0.6358508467674255,exact_match,2722.0
1m,red,False,3,3,53,54,0,-1,0.9069804549217224,near_equivalent,2723.0
2p,north,False,3,3,20,24,0,-4,0.5826451778411865,better_ukeire,2724.0
4s,4s,True,2,2,22,22,0,0,0.6658763885498047,exact_match,2725.0
north,north,True,2,2,16,16,0,0,0.5708220601081848,exact_match,2726.0
1p,9s,False,2,2,39,34,0,5,0.33094456791877747,ukeire_loss,2727.0
8m,8m,True,2,2,24,24,0,0,0.6812818646430969,exact_match,2728.0
3p,west,False,2,2,38,37,0,1,0.7101201415061951,near_equivalent,2729.0
1s,8s,False,1,1,12,12,0,0,0.43380671739578247,equivalent,2730.0
2p,2p,True,2,2,38,38,0,0,0.9324125647544861,exact_match,2731.0
1s,1s,True,1,1,8,8,0,0,0.34098491072654724,exact_match,2732.0
west,west,True,1,1,11,11,0,0,0.5188873410224915,exact_match,2733.0
east,east,True,1,1,8,8,0,0,0.8540040850639343,exact_match,2734.0
6p,6p,True,1,1,11,11,0,0,0.9173755645751953,exact_match,2735.0
8m,8m,True,1,1,7,7,0,0,0.6894124746322632,exact_match,2736.0
9s,9s,True,0,0,2,2,0,0,0.5083767175674438,exact_match,2737.0
7p,8s,False,1,1,14,13,0,1,0.7414082288742065,near_equivalent,2738.0
9m,9m,True,0,0,7,7,0,0,0.9275873899459839,exact_match,2739.0
5p,8s,False,1,1,13,13,0,0,0.8396390676498413,equivalent,2740.0
1m,1m,True,0,0,7,7,0,0,0.9516457915306091,exact_match,2741.0
5p,5p,True,0,0,4,4,0,0,0.865841805934906,exact_match,2742.0
8p,8p,True,0,0,7,7,0,0,0.969819188117981,exact_match,2743.0
1p,1p,True,0,0,4,4,0,0,0.9886289834976196,exact_match,2744.0
8p,8p,True,0,0,7,7,0,0,0.9854996204376221,exact_match,2745.0
south,south,True,0,0,4,4,0,0,0.9392909407615662,exact_match,2746.0
south,south,True,3,3,59,59,0,0,0.8447661399841309,exact_match,2747.0
red,green,False,2,2,23,23,0,0,0.6558263301849365,equivalent,2748.0
green,green,True,1,1,15,15,0,0,0.9886998534202576,exact_match,2749.0
9p,9p,True,1,1,19,19,0,0,0.6590920090675354,exact_match,2750.0
1p,1p,True,1,1,19,19,0,0,0.9945025444030762,exact_match,2751.0
8p,8p,True,0,0,8,8,0,0,0.870417058467865,exact_match,2752.0
9p,9p,True,0,0,8,8,0,0,0.9977201819419861,exact_match,2753.0
8s,8s,True,0,0,8,8,0,0,0.7398056387901306,exact_match,2754.0
north,west,False,3,3,68,69,0,-1,0.45928382873535156,near_equivalent,2755.0
9m,9m,True,4,4,62,62,0,0,0.4883789122104645,exact_match,2756.0
west,green,False,2,2,49,48,0,1,0.5600562691688538,near_equivalent,2757.0
west,west,True,3,3,43,43,0,0,0.7713165879249573,exact_match,2758.0
green,north,False,2,2,47,48,0,-1,0.7731866240501404,near_equivalent,2759.0
2p,2p,True,3,3,49,49,0,0,0.5310177206993103,exact_match,2760.0
north,north,True,2,2,58,58,0,0,0.8792700171470642,exact_match,2761.0
red,red,True,3,3,48,48,0,0,0.5582159161567688,exact_match,2762.0
7m,7m,True,1,1,10,10,0,0,0.61737060546875,exact_match,2763.0
6m,9p,False,2,2,21,21,0,0,0.7179980874061584,equivalent,2764.0
7m,7m,True,1,1,10,10,0,0,0.9624302983283997,exact_match,2765.0
4m,green,False,2,2,20,20,0,0,0.7985726594924927,equivalent,2766.0
5m,5m,True,1,1,10,10,0,0,0.4063018262386322,exact_match,2767.0
green,green,True,1,1,16,16,0,0,0.90556401014328,exact_match,2768.0
4m,4m,True,1,1,10,10,0,0,0.8576798439025879,exact_match,2769.0
6m,6m,True,1,1,16,16,0,0,0.9592790007591248,exact_match,2770.0
9s,2p,False,1,0,36,4,1,32,0.7295496463775635,better_shanten,2771.0
2m,2m,True,1,1,15,15,0,0,0.9259322285652161,exact_match,2772.0
2s,2s,True,1,1,36,36,0,0,0.9634192585945129,exact_match,2773.0
9m,9m,True,1,1,15,15,0,0,0.9313526749610901,exact_match,2774.0
7s,7s,True,0,0,5,5,0,0,0.6468148231506348,exact_match,2775.0
red,red,True,0,0,5,5,0,0,0.9976944327354431,exact_match,2776.0
6m,6m,True,1,1,15,15,0,0,0.9046410322189331,exact_match,2777.0
4s,4s,True,0,0,5,5,0,0,0.9538192749023438,exact_match,2778.0
9p,white,False,1,1,11,15,0,-4,0.8401679396629333,better_ukeire,2779.0
green,west,False,3,3,59,60,0,-1,0.5075148940086365,near_equivalent,2780.0
white,white,True,2,2,23,23,0,0,0.6815252304077148,exact_match,2781.0
west,west,True,2,2,23,23,0,0,0.7619193196296692,exact_match,2782.0
5m,8s,False,1,2,11,49,-1,-38,0.38944992423057556,shanten_loss,2783.0
east,east,True,1,1,11,11,0,0,0.9299913048744202,exact_match,2784.0
6m,6m,True,1,1,11,11,0,0,0.750837504863739,exact_match,2785.0
8s,8s,True,1,1,15,15,0,0,0.452867329120636,exact_match,2786.0
south,east,False,4,4,58,57,0,1,0.5158396363258362,near_equivalent,2787.0
1p,1p,True,3,3,61,61,0,0,0.7084641456604004,exact_match,2788.0
west,west,True,4,4,57,57,0,0,0.6335426568984985,exact_match,2789.0
green,green,True,2,2,57,57,0,0,0.7413923144340515,exact_match,2790.0
green,green,True,3,3,24,24,0,0,0.46368321776390076,exact_match,2791.0
3m,3s,False,1,1,16,16,0,0,0.8595725297927856,equivalent,2792.0
8p,white,False,3,3,20,24,0,-4,0.36292529106140137,better_ukeire,2793.0
3s,south,False,1,1,16,16,0,0,0.9409059882164001,equivalent,2794.0
east,white,False,3,3,27,27,0,0,0.5148308277130127,equivalent,2795.0
2p,2p,True,1,1,16,16,0,0,0.8531084656715393,exact_match,2796.0
1m,white,False,2,2,19,19,0,0,0.5491911172866821,equivalent,2797.0
9m,white,False,3,3,55,63,0,-8,0.38688772916793823,better_ukeire,2798.0
white,white,True,3,3,75,75,0,0,0.5480635166168213,exact_match,2799.0
green,green,True,3,3,74,74,0,0,0.7538694143295288,exact_match,2800.0
north,north,True,2,2,63,63,0,0,0.8832393288612366,exact_match,2801.0
4m,9p,False,1,1,15,11,0,4,0.31720486283302307,ukeire_loss,2802.0
east,east,True,4,4,66,66,0,0,0.5460670590400696,exact_match,2803.0
north,north,True,3,3,74,74,0,0,0.6192644238471985,exact_match,2804.0
west,1p,False,4,4,70,66,0,4,0.2984474301338196,ukeire_loss,2805.0
8s,8s,True,3,3,76,76,0,0,0.8783931732177734,exact_match,2806.0
9s,9s,True,3,3,53,53,0,0,0.41838422417640686,exact_match,2807.0
white,white,True,3,3,76,76,0,0,0.9103071689605713,exact_match,2808.0
5s,5s,True,2,2,24,24,0,0,0.5432115197181702,exact_match,2809.0
south,9m,False,2,2,41,35,0,6,0.34760573506355286,ukeire_loss,2810.0
8m,9p,False,2,1,39,10,1,29,0.5874354839324951,better_shanten,2811.0
7p,6m,False,1,1,12,12,0,0,0.5658381581306458,equivalent,2812.0
9m,east,False,2,2,31,37,0,-6,0.5008081197738647,better_ukeire,2813.0
9p,9p,True,1,1,12,12,0,0,0.7645695805549622,exact_match,2814.0
9p,9p,True,1,1,11,11,0,0,0.7091307044029236,exact_match,2815.0
9m,9m,True,1,1,8,8,0,0,0.8538273572921753,exact_match,2816.0
8m,8m,True,1,1,10,10,0,0,0.8455134034156799,exact_match,2817.0
6p,6m,False,1,1,8,8,0,0,0.5616530179977417,equivalent,2818.0
east,east,True,1,1,9,9,0,0,0.6361672282218933,exact_match,2819.0
2m,7s,False,2,1,45,8,1,37,0.7748406529426575,better_shanten,2820.0
north,north,True,3,3,75,75,0,0,0.9124472141265869,exact_match,2821.0
green,green,True,2,2,15,15,0,0,0.9525661468505859,exact_match,2822.0
4p,4p,True,1,1,11,11,0,0,0.4526219964027405,exact_match,2823.0
3p,3p,True,1,1,11,11,0,0,0.9029403328895569,exact_match,2824.0
3p,3p,True,1,1,11,11,0,0,0.9285238981246948,exact_match,2825.0
white,white,True,1,1,11,11,0,0,0.899402916431427,exact_match,2826.0
1s,1s,True,1,1,14,14,0,0,0.3444255590438843,exact_match,2827.0
1s,1p,False,1,1,14,14,0,0,0.8383569717407227,equivalent,2828.0
2p,2p,True,1,1,14,14,0,0,0.8549745082855225,exact_match,2829.0
1p,1p,True,0,0,6,6,0,0,0.9818411469459534,exact_match,2830.0
1s,1s,True,3,3,70,70,0,0,0.6891713738441467,exact_match,2831.0
north,north,True,3,3,51,51,0,0,0.5481249094009399,exact_match,2832.0
south,south,True,3,3,70,70,0,0,0.8504207134246826,exact_match,2833.0
green,green,True,2,2,14,14,0,0,0.4801225960254669,exact_match,2834.0
red,east,False,3,3,69,70,0,-1,0.6632155776023865,near_equivalent,2835.0
south,south,True,2,2,50,50,0,0,0.676541805267334,exact_match,2836.0
west,west,True,3,3,69,69,0,0,0.7190262675285339,exact_match,2837.0
8m,8m,True,1,1,16,16,0,0,0.7067338824272156,exact_match,2838.0
north,north,True,3,3,68,68,0,0,0.6499152779579163,exact_match,2839.0
east,east,True,1,1,16,16,0,0,0.7789351344108582,exact_match,2840.0
1p,east,False,3,3,65,77,0,-12,0.5717641711235046,better_ukeire,2841.0
6p,east,False,3,3,45,57,0,-12,0.43082281947135925,better_ukeire,2842.0
2p,2p,True,2,2,16,16,0,0,0.6300302147865295,exact_match,2843.0
west,7s,False,2,2,16,15,0,1,0.7769937515258789,near_equivalent,2844.0
1s,7s,False,2,2,16,16,0,0,0.5717464685440063,equivalent,2845.0
7s,7s,True,1,1,9,9,0,0,0.7193717360496521,exact_match,2846.0
2p,2p,True,1,1,9,9,0,0,0.8358749151229858,exact_match,2847.0
east,east,True,0,0,3,3,0,0,0.6961088180541992,exact_match,2848.0
north,north,True,4,4,94,94,0,0,0.5412934422492981,exact_match,2849.0
north,north,True,4,4,26,26,0,0,0.6183911561965942,exact_match,2850.0
1s,1s,True,3,3,20,20,0,0,0.6747260689735413,exact_match,2851.0
south,south,True,3,3,20,20,0,0,0.7892979979515076,exact_match,2852.0
white,white,True,3,3,51,51,0,0,0.9179330468177795,exact_match,2853.0
white,white,True,3,3,20,20,0,0,0.9231365919113159,exact_match,2854.0
9m,9m,True,2,2,24,24,0,0,0.3101249039173126,exact_match,2855.0
6p,6p,True,2,2,13,13,0,0,0.4680177569389343,exact_match,2856.0
1m,1m,True,2,2,23,23,0,0,0.5579345226287842,exact_match,2857.0
8s,8s,True,2,2,19,19,0,0,0.2316669374704361,exact_match,2858.0
4s,4s,True,2,2,25,25,0,0,0.8056210875511169,exact_match,2859.0
white,white,True,2,2,18,18,0,0,0.7910652756690979,exact_match,2860.0
3m,3m,True,1,1,13,13,0,0,0.4390545189380646,exact_match,2861.0
5m,5m,True,0,0,5,5,0,0,0.935620129108429,exact_match,2862.0
west,east,False,3,3,20,20,0,0,0.8741634488105774,equivalent,2863.0
east,east,True,2,2,11,11,0,0,0.962611734867096,exact_match,2864.0
9m,9m,True,2,2,11,11,0,0,0.7252947092056274,exact_match,2865.0
2p,2p,True,1,1,7,7,0,0,0.9271485209465027,exact_match,2866.0
3m,3m,True,1,1,12,12,0,0,0.40652644634246826,exact_match,2867.0
9p,9p,True,1,1,12,12,0,0,0.8113956451416016,exact_match,2868.0
8m,8m,True,1,1,16,16,0,0,0.8129324913024902,exact_match,2869.0
5s,white,False,1,1,13,15,0,-2,0.9346156120300293,near_equivalent,2870.0
9s,6s,False,1,1,12,12,0,0,0.6762739419937134,equivalent,2871.0
9s,9s,True,1,1,11,11,0,0,0.4272054433822632,exact_match,2872.0
2s,2s,True,1,1,11,11,0,0,0.7100479602813721,exact_match,2873.0
north,north,True,2,2,15,15,0,0,0.9202423095703125,exact_match,2874.0
1m,1m,True,3,3,45,45,0,0,0.5564945936203003,exact_match,2875.0
west,west,True,2,2,15,15,0,0,0.875952959060669,exact_match,2876.0
red,red,True,3,3,61,61,0,0,0.5328426361083984,exact_match,2877.0
south,south,True,2,2,15,15,0,0,0.5589054226875305,exact_match,2878.0
north,north,True,3,3,61,61,0,0,0.5567587018013,exact_match,2879.0
2s,2s,True,2,2,14,14,0,0,0.6362853050231934,exact_match,2880.0
white,white,True,3,3,80,80,0,0,0.9448094367980957,exact_match,2881.0
2m,green,False,2,2,14,14,0,0,0.9215255975723267,equivalent,2882.0
8p,8p,True,2,2,19,19,0,0,0.7774788737297058,exact_match,2883.0
1m,south,False,2,2,14,14,0,0,0.5113121867179871,equivalent,2884.0
9m,9m,True,2,2,27,27,0,0,0.4195661246776581,exact_match,2885.0
7m,green,False,1,1,8,8,0,0,0.3936586380004883,equivalent,2886.0
7s,7s,True,1,1,15,15,0,0,0.8152925968170166,exact_match,2887.0
5s,8s,False,1,1,8,9,0,-1,0.5936468243598938,near_equivalent,2888.0
3m,3m,True,1,1,14,14,0,0,0.5351361632347107,exact_match,2889.0
3m,3m,True,1,1,8,8,0,0,0.8782405853271484,exact_match,2890.0
6m,6m,True,1,1,13,13,0,0,0.7637943029403687,exact_match,2891.0
8s,7m,False,1,1,8,8,0,0,0.7732881307601929,equivalent,2892.0
5p,east,False,1,1,13,13,0,0,0.8757359385490417,equivalent,2893.0
5p,south,False,1,2,8,19,-1,-11,0.26432743668556213,shanten_loss,2894.0
south,3p,False,2,1,18,8,1,10,0.3199861943721771,better_shanten,2895.0
south,south,True,2,2,20,20,0,0,0.7693690657615662,exact_match,2896.0
1s,1s,True,2,2,20,20,0,0,0.8985828757286072,exact_match,2897.0
1m,1m,True,5,5,90,90,0,0,0.44350215792655945,exact_match,2898.0
9s,north,False,2,2,43,43,0,0,0.31719210743904114,equivalent,2899.0
1s,1s,True,4,4,66,66,0,0,0.5873839259147644,exact_match,2900.0
green,green,True,2,2,41,41,0,0,0.43473848700523376,exact_match,2901.0
green,green,True,3,3,58,58,0,0,0.6266233325004578,exact_match,2902.0
white,white,True,1,1,8,8,0,0,0.45994988083839417,exact_match,2903.0
white,white,True,3,3,66,66,0,0,0.810459315776825,exact_match,2904.0
9p,9p,True,1,1,10,10,0,0,0.40395107865333557,exact_match,2905.0
1s,1s,True,3,3,63,63,0,0,0.8672466278076172,exact_match,2906.0
8s,north,False,1,1,14,18,0,-4,0.38765037059783936,better_ukeire,2907.0
7s,7s,True,2,2,17,17,0,0,0.7260531187057495,exact_match,2908.0
2p,8p,False,1,1,13,12,0,1,0.7546902298927307,near_equivalent,2909.0
1p,south,False,3,2,58,16,1,42,0.8097611665725708,better_shanten,2910.0
north,8p,False,1,1,15,15,0,0,0.38432833552360535,equivalent,2911.0
1s,1s,True,3,3,57,57,0,0,0.7505278587341309,exact_match,2912.0
9p,9p,True,1,1,14,14,0,0,0.47920143604278564,exact_match,2913.0
west,west,True,4,4,70,70,0,0,0.34508323669433594,exact_match,2914.0
9p,9p,True,3,3,65,65,0,0,0.4788822531700134,exact_match,2915.0
9s,9s,True,2,2,20,20,0,0,0.5908945798873901,exact_match,2916.0
green,green,True,2,2,17,17,0,0,0.7575517296791077,exact_match,2917.0
white,white,True,2,2,24,24,0,0,0.9599694013595581,exact_match,2918.0
east,east,True,2,2,24,24,0,0,0.9590100049972534,exact_match,2919.0
north,north,True,2,2,16,16,0,0,0.8420678377151489,exact_match,2920.0
4m,3m,False,2,3,24,33,-1,-9,0.3292025625705719,shanten_loss,2921.0
1p,1p,True,2,2,15,15,0,0,0.6497936248779297,exact_match,2922.0
1s,1s,True,2,2,23,23,0,0,0.29953572154045105,exact_match,2923.0
8m,8s,False,2,2,14,14,0,0,0.6444794535636902,equivalent,2924.0
3s,3s,True,1,1,11,11,0,0,0.7967527508735657,exact_match,2925.0
2s,2s,True,2,2,14,14,0,0,0.6829387545585632,exact_match,2926.0
8s,8s,True,2,2,28,28,0,0,0.42849376797676086,exact_match,2927.0
3p,2p,False,1,1,18,11,0,7,0.4946537911891937,ukeire_loss,2928.0
1m,1m,True,2,2,27,27,0,0,0.8841021656990051,exact_match,2929.0
6p,6p,True,1,1,18,18,0,0,0.5919597148895264,exact_match,2930.0
9m,9m,True,2,2,26,26,0,0,0.8979414105415344,exact_match,2931.0
9s,9s,True,1,1,18,18,0,0,0.956182599067688,exact_match,2932.0
4m,east,False,2,3,16,53,-1,-37,0.2482738047838211,shanten_loss,2933.0
2m,2m,True,1,1,18,18,0,0,0.8329985737800598,exact_match,2934.0
west,west,True,2,2,16,16,0,0,0.5837991833686829,exact_match,2935.0
5s,6s,False,0,0,7,3,0,4,0.7998107671737671,ukeire_loss,2936.0
north,north,True,3,3,35,35,0,0,0.6037048101425171,exact_match,2937.0
1p,east,False,4,4,61,79,0,-18,0.5512912273406982,better_ukeire,2938.0
1p,1p,True,3,3,53,53,0,0,0.7367305755615234,exact_match,2939.0
east,east,True,3,3,54,54,0,0,0.4873473644256592,exact_match,2940.0
green,white,False,2,2,20,20,0,0,0.45181944966316223,equivalent,2941.0
north,north,True,3,3,72,72,0,0,0.36858394742012024,exact_match,2942.0
1p,1p,True,2,2,20,20,0,0,0.9042888879776001,exact_match,2943.0
east,east,True,3,3,71,71,0,0,0.8315539956092834,exact_match,2944.0
8m,8m,True,2,2,20,20,0,0,0.7819333076477051,exact_match,2945.0
south,south,True,2,2,28,28,0,0,0.5288694500923157,exact_match,2946.0
white,white,True,1,1,12,12,0,0,0.8132838606834412,exact_match,2947.0
west,west,True,1,1,17,17,0,0,0.5043945908546448,exact_match,2948.0
8s,8s,True,1,1,12,12,0,0,0.26651468873023987,exact_match,2949.0
1m,1m,True,1,1,17,17,0,0,0.9630085825920105,exact_match,2950.0
1s,1s,True,1,1,11,11,0,0,0.8511457443237305,exact_match,2951.0
2s,2s,True,1,1,17,17,0,0,0.8745107650756836,exact_match,2952.0
9m,9m,True,1,1,11,11,0,0,0.5581371188163757,exact_match,2953.0
8m,8m,True,1,1,17,17,0,0,0.4862833619117737,exact_match,2954.0
5s,5s,True,1,1,11,11,0,0,0.498084157705307,exact_match,2955.0
north,north,True,1,1,17,17,0,0,0.7638379335403442,exact_match,2956.0
9s,9s,True,1,1,25,25,0,0,0.7860971689224243,exact_match,2957.0
7m,2p,False,1,1,23,11,0,12,0.5135207176208496,ukeire_loss,2958.0
8m,8m,True,1,1,23,23,0,0,0.9653630256652832,exact_match,2959.0
1m,1s,False,3,3,69,61,0,8,0.48794904351234436,ukeire_loss,2960.0
red,1s,False,3,3,77,77,0,0,0.8798123002052307,equivalent,2961.0
green,1s,False,3,2,61,24,1,37,0.9852413535118103,better_shanten,2962.0
green,north,False,3,3,58,60,0,-2,0.5588072538375854,near_equivalent,2963.0
4m,1s,False,2,2,16,16,0,0,0.6939947009086609,equivalent,2964.0
white,white,True,2,2,15,15,0,0,0.6257606148719788,exact_match,2965.0
north,east,False,2,2,14,14,0,0,0.5423501133918762,equivalent,2966.0
4s,1s,False,3,2,41,23,1,18,0.5128453373908997,better_shanten,2967.0
east,4p,False,3,3,53,39,0,14,0.29077279567718506,ukeire_loss,2968.0
4s,1s,False,2,2,16,23,0,-7,0.45717424154281616,better_ukeire,2969.0
9s,9s,True,2,2,18,18,0,0,0.9933439493179321,exact_match,2970.0
1s,east,False,4,4,70,70,0,0,0.518465518951416,equivalent,2971.0
6s,6s,True,1,1,14,14,0,0,0.9252622723579407,exact_match,2972.0
east,east,True,3,3,58,58,0,0,0.5288754105567932,exact_match,2973.0
7p,7p,True,0,0,4,4,0,0,0.6680816411972046,exact_match,2974.0
green,north,False,3,3,53,53,0,0,0.7727369070053101,equivalent,2975.0
5p,5p,True,1,1,41,41,0,0,0.5805190205574036,exact_match,2976.0
south,south,True,3,3,51,51,0,0,0.7978905439376831,exact_match,2977.0
3p,3p,True,0,0,4,4,0,0,0.9836534857749939,exact_match,2978.0
3p,white,False,3,2,53,22,1,31,0.36320993304252625,better_shanten,2979.0
9s,9s,True,0,0,4,4,0,0,0.990157425403595,exact_match,2980.0
6s,1p,False,4,3,62,52,1,10,0.5600383877754211,better_shanten,2981.0
1m,1m,True,0,0,4,4,0,0,0.9837709665298462,exact_match,2982.0
1p,north,False,3,3,47,48,0,-1,0.18854007124900818,near_equivalent,2983.0
9m,9m,True,0,0,5,5,0,0,0.892570972442627,exact_match,2984.0
3p,3p,True,3,3,44,44,0,0,0.6524884700775146,exact_match,2985.0
7s,7s,True,0,0,5,5,0,0,0.9851470589637756,exact_match,2986.0
8m,8m,True,4,4,50,50,0,0,0.42177554965019226,exact_match,2987.0
9p,9p,True,0,0,5,5,0,0,0.9421825408935547,exact_match,2988.0
5p,5p,True,4,4,50,50,0,0,0.6846578121185303,exact_match,2989.0
2s,2s,True,0,0,5,5,0,0,0.955117404460907,exact_match,2990.0
white,white,True,4,4,51,51,0,0,0.8465130925178528,exact_match,2991.0
south,south,True,0,0,5,5,0,0,0.9682897925376892,exact_match,2992.0
2p,green,False,3,3,14,43,0,-29,0.4247681200504303,better_ukeire,2993.0
8p,8p,True,0,0,5,5,0,0,0.9713432788848877,exact_match,2994.0
9p,9p,True,3,3,14,14,0,0,0.717973530292511,exact_match,2995.0
7s,7s,True,0,0,5,5,0,0,0.982810378074646,exact_match,2996.0
2p,green,False,3,3,13,13,0,0,0.296343594789505,equivalent,2997.0
9s,9s,True,3,3,47,47,0,0,0.5194703340530396,exact_match,2998.0
east,east,True,3,3,50,50,0,0,0.8942607641220093,exact_match,2999.0
red,green,False,2,2,11,11,0,0,0.4316761791706085,equivalent,3000.0
white,white,True,2,2,22,22,0,0,0.6583092212677002,exact_match,3001.0
green,green,True,2,2,10,10,0,0,0.6082854866981506,exact_match,3002.0
8p,green,False,1,1,5,6,0,-1,0.7913076281547546,near_equivalent,3003.0
white,white,True,2,2,10,10,0,0,0.8970324397087097,exact_match,3004.0
east,east,True,3,3,45,45,0,0,0.7979018092155457,exact_match,3005.0
south,white,False,2,2,16,16,0,0,0.6579293608665466,equivalent,3006.0
white,white,True,2,2,20,20,0,0,0.9463617205619812,exact_match,3007.0
8p,1s,False,2,2,24,20,0,4,0.24902765452861786,ukeire_loss,3008.0
9p,9p,True,2,2,24,24,0,0,0.9121264219284058,exact_match,3009.0
6p,6p,True,1,1,19,19,0,0,0.8188878893852234,exact_match,3010.0
2m,2m,True,1,1,18,18,0,0,0.8629404902458191,exact_match,3011.0
1s,8s,False,0,0,4,4,0,0,0.37670907378196716,equivalent,3012.0
south,south,True,3,3,55,55,0,0,0.6110227704048157,exact_match,3013.0
green,1s,False,2,2,23,23,0,0,0.4368007779121399,equivalent,3014.0
1s,1s,True,2,2,23,23,0,0,0.7552942037582397,exact_match,3015.0
1s,1s,True,2,2,23,23,0,0,0.8767387270927429,exact_match,3016.0
7s,north,False,1,1,12,12,0,0,0.7022943496704102,equivalent,3017.0
north,2p,False,1,1,11,11,0,0,0.726998507976532,equivalent,3018.0
6s,2p,False,1,1,11,11,0,0,0.7437996864318848,equivalent,3019.0
8m,8m,True,1,1,13,13,0,0,0.5360135436058044,exact_match,3020.0
4m,4m,True,1,1,39,39,0,0,0.5576175451278687,exact_match,3021.0
south,south,True,3,3,65,65,0,0,0.7536842823028564,exact_match,3022.0
red,green,False,2,2,24,24,0,0,0.5255539417266846,equivalent,3023.0
green,green,True,2,2,44,44,0,0,0.5962134599685669,exact_match,3024.0
1s,1s,True,2,2,43,43,0,0,0.8362641930580139,exact_match,3025.0
2m,2m,True,1,1,30,30,0,0,0.972537100315094,exact_match,3026.0
7s,south,False,2,1,16,6,1,10,0.45115169882774353,better_shanten,3027.0
south,south,True,2,2,18,18,0,0,0.558255672454834,exact_match,3028.0
east,south,False,4,4,66,66,0,0,0.8987972736358643,equivalent,3029.0
south,south,True,3,3,52,52,0,0,0.7678979635238647,exact_match,3030.0
white,white,True,2,2,22,22,0,0,0.7337868809700012,exact_match,3031.0
red,red,True,2,2,38,38,0,0,0.9270395040512085,exact_match,3032.0
8m,8m,True,1,1,11,11,0,0,0.5398910641670227,exact_match,3033.0
9p,8s,False,1,1,15,15,0,0,0.8691129684448242,equivalent,3034.0
3p,3p,True,1,1,15,15,0,0,0.8817434906959534,exact_match,3035.0
1s,1s,True,2,2,12,12,0,0,0.7471093535423279,exact_match,3036.0
north,north,True,4,4,89,89,0,0,0.8793371915817261,exact_match,3037.0
white,white,True,2,2,24,24,0,0,0.906564474105835,exact_match,3038.0
8s,red,False,3,3,45,45,0,0,0.7941797971725464,equivalent,3039.0
2p,2p,True,2,2,24,24,0,0,0.5390982627868652,exact_match,3040.0
6p,6p,True,2,2,13,13,0,0,0.5876768827438354,exact_match,3041.0
2p,2p,True,2,2,23,23,0,0,0.8811035752296448,exact_match,3042.0
5s,2m,False,2,2,13,13,0,0,0.25988805294036865,equivalent,3043.0
3m,6s,False,1,1,11,13,0,-2,0.5694708824157715,near_equivalent,3044.0
4m,4m,True,2,2,19,19,0,0,0.6031239032745361,exact_match,3045.0
6s,4m,False,1,2,10,49,-1,-39,0.5030999183654785,shanten_loss,3046.0
south,south,True,2,2,19,19,0,0,0.7745533585548401,exact_match,3047.0
5p,5p,True,1,1,10,10,0,0,0.584261417388916,exact_match,3048.0
4p,4p,True,1,1,12,12,0,0,0.8717079758644104,exact_match,3049.0
2s,east,False,1,1,8,8,0,0,0.6636604070663452,equivalent,3050.0
west,west,True,5,5,70,70,0,0,0.4191187024116516,exact_match,3051.0
south,1p,False,4,4,26,26,0,0,0.6003226041793823,equivalent,3052.0
east,east,True,4,4,78,78,0,0,0.42454713582992554,exact_match,3053.0
green,white,False,3,3,73,74,0,-1,0.6377921104431152,near_equivalent,3054.0
white,white,True,2,2,64,64,0,0,0.89517742395401,exact_match,3055.0
3m,3m,True,2,2,62,62,0,0,0.5544347167015076,exact_match,3056.0
1p,9m,False,1,2,7,59,-1,-52,0.5537313222885132,shanten_loss,3057.0
4s,4s,True,1,1,5,5,0,0,0.6257829070091248,exact_match,3058.0
7s,2p,False,1,2,9,53,-1,-44,0.6287640929222107,shanten_loss,3059.0
2p,2p,True,1,1,12,12,0,0,0.7507236003875732,exact_match,3060.0
6s,6s,True,1,1,12,12,0,0,0.9558553695678711,exact_match,3061.0
west,west,True,4,4,43,43,0,0,0.47182708978652954,exact_match,3062.0
red,south,False,4,4,63,63,0,0,0.47839781641960144,equivalent,3063.0
south,green,False,4,4,61,63,0,-2,0.5576658248901367,near_equivalent,3064.0
1s,green,False,3,3,18,18,0,0,0.5385487079620361,equivalent,3065.0
green,green,True,2,2,14,14,0,0,0.6672958731651306,exact_match,3066.0
east,east,True,2,2,14,14,0,0,0.8356549143791199,exact_match,3067.0
2m,1m,False,2,2,17,17,0,0,0.46613290905952454,equivalent,3068.0
9p,8s,False,1,1,13,13,0,0,0.807797908782959,equivalent,3069.0
8p,8p,True,1,1,12,12,0,0,0.63652503490448,exact_match,3070.0
5m,5s,False,2,1,45,11,1,34,0.5721820592880249,better_shanten,3071.0
1s,1p,False,3,3,67,75,0,-8,0.6740143895149231,better_ukeire,3072.0
east,south,False,2,2,16,16,0,0,0.495449960231781,equivalent,3073.0
north,north,True,3,3,67,67,0,0,0.48779988288879395,exact_match,3074.0
green,south,False,2,2,16,16,0,0,0.7135801911354065,equivalent,3075.0
1p,1p,True,2,2,42,42,0,0,0.6315225958824158,exact_match,3076.0
south,9s,False,2,2,16,16,0,0,0.8478265404701233,equivalent,3077.0
green,green,True,1,1,12,12,0,0,0.9022926688194275,exact_match,3078.0
9s,9s,True,2,2,22,22,0,0,0.904373824596405,exact_match,3079.0
9s,9s,True,1,1,12,12,0,0,0.981748640537262,exact_match,3080.0
6m,2s,False,2,2,25,25,0,0,0.4142354726791382,equivalent,3081.0
1m,1m,True,1,1,12,12,0,0,0.2821020781993866,exact_match,3082.0
8s,8s,True,2,2,25,25,0,0,0.5232172012329102,exact_match,3083.0
red,red,True,2,2,23,23,0,0,0.4971696436405182,exact_match,3084.0
8m,8m,True,2,2,26,26,0,0,0.7752947807312012,exact_match,3085.0
2s,2s,True,1,1,19,19,0,0,0.41259482502937317,exact_match,3086.0
east,east,True,1,1,18,18,0,0,0.9525641798973083,exact_match,3087.0
2s,2s,True,1,1,17,17,0,0,0.9089967012405396,exact_match,3088.0
1m,1m,True,1,1,17,17,0,0,0.9578374028205872,exact_match,3089.0
6s,6s,True,0,0,4,4,0,0,0.884375274181366,exact_match,3090.0
north,north,True,0,0,4,4,0,0,0.9668902158737183,exact_match,3091.0
3p,3p,True,0,0,4,4,0,0,0.7861055135726929,exact_match,3092.0
2s,2s,True,0,0,4,4,0,0,0.869771420955658,exact_match,3093.0
1p,1p,True,0,0,4,4,0,0,0.9327963590621948,exact_match,3094.0
8m,8m,True,0,0,4,4,0,0,0.9620315432548523,exact_match,3095.0
9m,west,False,3,3,24,24,0,0,0.5637925267219543,equivalent,3096.0
north,north,True,3,3,24,24,0,0,0.45681232213974,exact_match,3097.0
1p,1p,True,3,3,54,54,0,0,0.7597722411155701,exact_match,3098.0
green,green,True,2,2,41,41,0,0,0.7003456354141235,exact_match,3099.0
4m,4m,True,2,2,40,40,0,0,0.709087073802948,exact_match,3100.0
east,east,True,2,2,39,39,0,0,0.8873759508132935,exact_match,3101.0
4s,3s,False,1,2,14,38,-1,-24,0.6541931629180908,shanten_loss,3102.0
west,8p,False,1,1,14,14,0,0,0.48563188314437866,equivalent,3103.0
green,1p,False,3,3,65,55,0,10,0.6252109408378601,ukeire_loss,3104.0
west,west,True,5,5,93,93,0,0,0.5270565152168274,exact_match,3105.0
red,east,False,3,3,64,65,0,-1,0.4256342351436615,near_equivalent,3106.0
white,white,True,4,4,77,77,0,0,0.5371796488761902,exact_match,3107.0
east,1p,False,2,2,24,24,0,0,0.5979219079017639,equivalent,3108.0
north,south,False,3,3,30,30,0,0,0.6118325591087341,equivalent,3109.0
green,green,True,2,2,24,24,0,0,0.6071186065673828,exact_match,3110.0
north,north,True,3,3,29,29,0,0,0.7721865773200989,exact_match,3111.0
1p,1p,True,2,2,23,23,0,0,0.629297137260437,exact_match,3112.0
south,south,True,2,2,23,23,0,0,0.8225509524345398,exact_match,3113.0
green,green,True,2,2,23,23,0,0,0.9074823260307312,exact_match,3114.0
3m,4s,False,2,2,56,49,0,7,0.4145841598510742,ukeire_loss,3115.0
3s,3s,True,1,1,14,14,0,0,0.7602381706237793,exact_match,3116.0
3p,3p,True,2,2,54,54,0,0,0.48145797848701477,exact_match,3117.0
1p,1p,True,1,1,14,14,0,0,0.9791537523269653,exact_match,3118.0
4s,4s,True,1,1,13,13,0,0,0.3630601465702057,exact_match,3119.0
3s,3s,True,1,1,14,14,0,0,0.9637916088104248,exact_match,3120.0
8m,2m,False,1,2,13,35,-1,-22,0.48898032307624817,shanten_loss,3121.0
7s,east,False,2,1,36,13,1,23,0.776494026184082,better_shanten,3122.0
8p,east,False,2,2,30,43,0,-13,0.5557535290718079,better_ukeire,3123.0
8p,4s,False,3,2,50,29,1,21,0.4434613585472107,better_shanten,3124.0
9m,red,False,4,4,71,74,0,-3,0.49356964230537415,better_ukeire,3125.0
south,9m,False,4,4,92,93,0,-1,0.7963807582855225,near_equivalent,3126.0
red,red,True,3,3,64,64,0,0,0.931714653968811,exact_match,3127.0
2m,9m,False,3,3,76,84,0,-8,0.8474410772323608,better_ukeire,3128.0
east,east,True,2,2,47,47,0,0,0.6788976192474365,exact_match,3129.0
4p,9m,False,2,2,20,20,0,0,0.929041862487793,equivalent,3130.0
red,red,True,2,2,46,46,0,0,0.9245331287384033,exact_match,3131.0
2p,2p,True,2,2,20,20,0,0,0.6121887564659119,exact_match,3132.0
south,south,True,2,2,45,45,0,0,0.8928020000457764,exact_match,3133.0
3s,9m,False,1,1,12,12,0,0,0.8541285395622253,equivalent,3134.0
2s,2s,True,1,1,23,23,0,0,0.48206523060798645,exact_match,3135.0
4s,9m,False,1,1,12,12,0,0,0.6647956967353821,equivalent,3136.0
9m,east,False,4,4,73,81,0,-8,0.3872796893119812,better_ukeire,3137.0
1m,green,False,4,4,63,71,0,-8,0.31848594546318054,better_ukeire,3138.0
east,1p,False,3,3,57,53,0,4,0.4818042516708374,ukeire_loss,3139.0
green,1p,False,2,2,47,43,0,4,0.5853469967842102,ukeire_loss,3140.0
8p,1p,False,2,2,39,44,0,-5,0.45489510893821716,better_ukeire,3141.0
1p,1p,True,1,1,10,10,0,0,0.7996319532394409,exact_match,3142.0
7m,7m,True,1,1,10,10,0,0,0.7825005650520325,exact_match,3143.0
5s,5s,True,0,0,2,2,0,0,0.9053630828857422,exact_match,3144.0
west,west,True,4,4,75,75,0,0,0.37646427750587463,exact_match,3145.0
9m,9m,True,1,1,29,29,0,0,0.9253900647163391,exact_match,3146.0
south,south,True,4,4,61,61,0,0,0.6141161322593689,exact_match,3147.0
1p,1p,True,3,3,21,21,0,0,0.5936881303787231,exact_match,3148.0
white,green,False,3,3,23,23,0,0,0.4299217760562897,equivalent,3149.0
9m,east,False,3,3,59,67,0,-8,0.6587516665458679,better_ukeire,3150.0
9s,9s,True,3,3,27,27,0,0,0.7671768069267273,exact_match,3151.0
east,8p,False,2,2,15,15,0,0,0.5178896188735962,equivalent,3152.0
red,green,False,2,2,18,18,0,0,0.5939199328422546,equivalent,3153.0
8p,8p,True,2,2,19,19,0,0,0.9462958574295044,exact_match,3154.0
2p,2p,True,2,2,17,17,0,0,0.6384203433990479,exact_match,3155.0
white,white,True,2,2,19,19,0,0,0.9693427681922913,exact_match,3156.0
green,green,True,2,2,17,17,0,0,0.5169005393981934,exact_match,3157.0
south,7p,False,2,2,16,19,0,-3,0.3666042685508728,better_ukeire,3158.0
8m,8m,True,2,2,17,17,0,0,0.8264361619949341,exact_match,3159.0
7p,south,False,1,1,8,8,0,0,0.6003859639167786,equivalent,3160.0
4m,8p,False,1,2,6,43,-1,-37,0.31732508540153503,shanten_loss,3161.0
9p,red,False,2,2,30,35,0,-5,0.7411192655563354,better_ukeire,3162.0
red,red,True,1,1,19,19,0,0,0.9593915343284607,exact_match,3163.0
8p,8p,True,0,0,7,7,0,0,0.6079316139221191,exact_match,3164.0
green,green,True,3,3,21,21,0,0,0.5546696782112122,exact_match,3165.0
1s,north,False,3,3,46,54,0,-8,0.4757234752178192,better_ukeire,3166.0
6s,east,False,3,3,46,47,0,-1,0.8907333612442017,near_equivalent,3167.0
north,north,True,2,2,19,19,0,0,0.6101968288421631,exact_match,3168.0
7s,east,False,1,1,15,15,0,0,0.8056977987289429,equivalent,3169.0
7p,east,False,3,3,45,46,0,-1,0.44286346435546875,near_equivalent,3170.0
1m,1m,True,1,1,14,14,0,0,0.8584221601486206,exact_match,3171.0
8p,8p,True,3,3,45,45,0,0,0.8833528757095337,exact_match,3172.0
3m,east,False,1,1,14,14,0,0,0.9329599738121033,equivalent,3173.0
white,white,True,2,2,24,24,0,0,0.47508057951927185,exact_match,3174.0
6m,east,False,1,1,15,15,0,0,0.6164977550506592,equivalent,3175.0
east,east,True,0,0,7,7,0,0,0.988640308380127,exact_match,3176.0
9s,9s,True,4,4,75,75,0,0,0.4587059020996094,exact_match,3177.0
2m,east,False,3,3,20,20,0,0,0.8252080082893372,equivalent,3178.0
red,red,True,3,3,58,58,0,0,0.4514613151550293,exact_match,3179.0
east,east,True,3,3,22,22,0,0,0.867018461227417,exact_match,3180.0
white,white,True,2,2,19,19,0,0,0.6057366132736206,exact_match,3181.0
1p,1p,True,3,3,25,25,0,0,0.5118546485900879,exact_match,3182.0
6s,6s,True,2,2,34,34,0,0,0.673790693283081,exact_match,3183.0
2p,2p,True,3,3,51,51,0,0,0.7859585285186768,exact_match,3184.0
2s,2s,True,1,1,23,23,0,0,0.8977978229522705,exact_match,3185.0
2s,2s,True,3,3,48,48,0,0,0.27081090211868286,exact_match,3186.0
6p,6p,True,0,0,3,3,0,0,0.5345572233200073,exact_match,3187.0
4s,7s,False,2,2,17,17,0,0,0.6682751774787903,equivalent,3188.0
7p,7p,True,0,0,3,3,0,0,0.9993942975997925,exact_match,3189.0
7s,7p,False,2,2,17,20,0,-3,0.4307011663913727,better_ukeire,3190.0
1p,1p,True,0,0,3,3,0,0,0.9071677923202515,exact_match,3191.0
7p,9s,False,1,1,9,9,0,0,0.8401716947555542,equivalent,3192.0
green,green,True,0,0,3,3,0,0,0.528348445892334,exact_match,3193.0
9s,9s,True,1,1,9,9,0,0,0.7705237865447998,exact_match,3194.0
8s,8s,True,0,0,3,3,0,0,0.8332947492599487,exact_match,3195.0
south,south,True,2,2,11,11,0,0,0.5017682313919067,exact_match,3196.0
9p,9p,True,4,4,68,68,0,0,0.4359044134616852,exact_match,3197.0
1p,1p,True,2,2,10,10,0,0,0.5992950201034546,exact_match,3198.0
1p,1p,True,4,4,69,69,0,0,0.4131021797657013,exact_match,3199.0
red,red,True,2,2,30,30,0,0,0.9612760543823242,exact_match,3200.0
east,east,True,3,3,63,63,0,0,0.4335283935070038,exact_match,3201.0
5s,1s,False,1,1,8,11,0,-3,0.3671652376651764,better_ukeire,3202.0
7s,7s,True,0,0,4,4,0,0,0.49152836203575134,exact_match,3203.0
9s,9s,True,2,2,13,13,0,0,0.6721552610397339,exact_match,3204.0
east,9p,False,4,4,69,68,0,1,0.5139618515968323,near_equivalent,3205.0
south,south,True,1,1,9,9,0,0,0.92908775806427,exact_match,3206.0
9p,1m,False,4,4,76,68,0,8,0.3843148648738861,ukeire_loss,3207.0
2s,1p,False,1,1,12,9,0,3,0.32383352518081665,ukeire_loss,3208.0
west,west,True,4,4,75,75,0,0,0.5667730569839478,exact_match,3209.0
6s,2m,False,1,1,18,13,0,5,0.30882206559181213,ukeire_loss,3210.0
green,red,False,3,3,52,52,0,0,0.5145122408866882,equivalent,3211.0
1p,2m,False,1,1,22,20,0,2,0.41787686944007874,near_equivalent,3212.0
1m,1m,True,2,2,24,24,0,0,0.5921924710273743,exact_match,3213.0
2m,2m,True,1,1,29,29,0,0,0.6141234636306763,exact_match,3214.0
8s,8s,True,1,1,16,16,0,0,0.603630542755127,exact_match,3215.0
red,7s,False,1,1,16,16,0,0,0.8304294347763062,equivalent,3216.0
north,north,True,1,1,15,15,0,0,0.8485292196273804,exact_match,3217.0
7s,7s,True,0,0,6,6,0,0,0.9760406613349915,exact_match,3218.0
3m,3m,True,0,0,6,6,0,0,0.9953330159187317,exact_match,3219.0
south,south,True,0,0,6,6,0,0,0.9967948794364929,exact_match,3220.0
3s,3s,True,0,0,6,6,0,0,0.9882043600082397,exact_match,3221.0
1s,1s,True,0,0,6,6,0,0,0.9505261182785034,exact_match,3222.0
9m,9m,True,4,4,78,78,0,0,0.7205892205238342,exact_match,3223.0
south,south,True,2,2,24,24,0,0,0.9543529748916626,exact_match,3224.0
red,red,True,4,4,89,89,0,0,0.32857900857925415,exact_match,3225.0
9s,9s,True,2,2,24,24,0,0,0.7696599364280701,exact_match,3226.0
1m,west,False,3,3,62,77,0,-15,0.6055301427841187,better_ukeire,3227.0
south,south,True,2,2,24,24,0,0,0.937416672706604,exact_match,3228.0
south,south,True,3,3,61,61,0,0,0.7973341345787048,exact_match,3229.0
7m,7m,True,1,1,16,16,0,0,0.8315324783325195,exact_match,3230.0
9s,9s,True,3,3,60,60,0,0,0.6572937965393066,exact_match,3231.0
3s,8p,False,3,3,64,61,0,3,0.43741506338119507,ukeire_loss,3232.0
west,west,True,2,2,20,20,0,0,0.5519766211509705,exact_match,3233.0
9m,9m,True,2,2,20,20,0,0,0.8659391403198242,exact_match,3234.0
south,south,True,2,2,20,20,0,0,0.8560518622398376,exact_match,3235.0
8s,green,False,2,1,25,8,1,17,0.5554875135421753,better_shanten,3236.0
3m,9s,False,2,2,34,48,0,-14,0.38138315081596375,better_ukeire,3237.0
8s,8s,True,2,2,29,29,0,0,0.9133433103561401,exact_match,3238.0
8p,8p,True,2,2,31,31,0,0,0.7245913147926331,exact_match,3239.0
1s,1s,True,2,2,27,27,0,0,0.9053782224655151,exact_match,3240.0
8m,8m,True,2,2,31,31,0,0,0.9163707494735718,exact_match,3241.0
1m,1m,True,2,2,26,26,0,0,0.912653386592865,exact_match,3242.0
green,green,True,2,2,31,31,0,0,0.5905123353004456,exact_match,3243.0
green,green,True,1,1,17,17,0,0,0.5972355604171753,exact_match,3244.0
8s,8s,True,1,1,27,27,0,0,0.5342345833778381,exact_match,3245.0
8p,8p,True,0,0,3,3,0,0,0.6047443151473999,exact_match,3246.0
1s,1s,True,1,1,27,27,0,0,0.9652796387672424,exact_match,3247.0
red,red,True,0,0,3,3,0,0,0.6266303658485413,exact_match,3248.0
2m,2m,True,1,1,27,27,0,0,0.9785595536231995,exact_match,3249.0
6s,6s,True,0,0,3,3,0,0,0.5922109484672546,exact_match,3250.0
north,north,True,3,3,54,54,0,0,0.6878790259361267,exact_match,3251.0
south,south,True,2,2,12,12,0,0,0.7485654354095459,exact_match,3252.0
west,west,True,2,2,33,33,0,0,0.8349172472953796,exact_match,3253.0
4s,4s,True,1,1,20,20,0,0,0.800765335559845,exact_match,3254.0
2s,2s,True,1,1,20,20,0,0,0.9842446446418762,exact_match,3255.0
2m,2m,True,1,1,19,19,0,0,0.6033164262771606,exact_match,3256.0
6m,4m,False,0,0,3,3,0,0,0.7261950969696045,equivalent,3257.0
1s,1s,True,3,3,55,55,0,0,0.4624141454696655,exact_match,3258.0
red,9m,False,2,2,46,39,0,7,0.5838067531585693,ukeire_loss,3259.0
south,south,True,2,2,44,44,0,0,0.7026554942131042,exact_match,3260.0
9m,9m,True,1,1,15,15,0,0,0.6974112391471863,exact_match,3261.0
9p,east,False,1,1,15,15,0,0,0.7306502461433411,equivalent,3262.0
6m,east,False,1,1,15,15,0,0,0.4914018511772156,equivalent,3263.0
3m,east,False,1,1,15,15,0,0,0.8447948098182678,equivalent,3264.0
south,9m,False,3,3,57,57,0,0,0.5469567179679871,equivalent,3265.0
9m,9m,True,3,3,56,56,0,0,0.8581092357635498,exact_match,3266.0
white,white,True,2,2,47,47,0,0,0.7479553818702698,exact_match,3267.0
east,2p,False,2,2,54,46,0,8,0.5646379590034485,ukeire_loss,3268.0
6p,6m,False,1,1,15,15,0,0,0.4784857928752899,equivalent,3269.0
6m,3s,False,1,1,14,11,0,3,0.3888509273529053,ukeire_loss,3270.0
south,south,True,2,2,21,21,0,0,0.49057987332344055,exact_match,3271.0
9p,9p,True,4,4,75,75,0,0,0.6817941665649414,exact_match,3272.0
9p,9p,True,1,1,6,6,0,0,0.8525884747505188,exact_match,3273.0
1m,1m,True,4,4,73,73,0,0,0.760140061378479,exact_match,3274.0
6m,9m,False,1,1,6,6,0,0,0.45250409841537476,equivalent,3275.0
green,green,True,4,4,71,71,0,0,0.807449221611023,exact_match,3276.0
5p,5p,True,1,1,11,11,0,0,0.5938326716423035,exact_match,3277.0
red,red,True,4,4,82,82,0,0,0.6397855281829834,exact_match,3278.0
west,west,True,1,1,11,11,0,0,0.9263072609901428,exact_match,3279.0
9m,white,False,3,3,20,24,0,-4,0.5123708248138428,better_ukeire,3280.0
7p,7p,True,1,1,10,10,0,0,0.9242092370986938,exact_match,3281.0
2s,white,False,3,3,23,23,0,0,0.34941333532333374,equivalent,3282.0
2m,2m,True,1,1,9,9,0,0,0.9042893052101135,exact_match,3283.0
1s,1s,True,2,2,20,20,0,0,0.6620803475379944,exact_match,3284.0
7m,8m,False,1,0,8,3,1,5,0.8285016417503357,better_shanten,3285.0
1m,1m,True,2,2,20,20,0,0,0.9092041850090027,exact_match,3286.0
9m,9m,True,0,0,3,3,0,0,0.8946489691734314,exact_match,3287.0
south,south,True,2,2,20,20,0,0,0.8156623840332031,exact_match,3288.0
9m,9s,False,4,4,83,85,0,-2,0.6259832978248596,near_equivalent,3289.0
north,north,True,4,4,74,74,0,0,0.7463961839675903,exact_match,3290.0
9s,9s,True,3,3,27,27,0,0,0.8138086795806885,exact_match,3291.0
1m,1m,True,3,3,66,66,0,0,0.5328575372695923,exact_match,3292.0
1p,1p,True,2,2,18,18,0,0,0.6803463697433472,exact_match,3293.0
9m,9m,True,2,2,16,16,0,0,0.6219158172607422,exact_match,3294.0
3m,1s,False,2,2,21,17,0,4,0.48559409379959106,ukeire_loss,3295.0
1s,1s,True,2,2,15,15,0,0,0.9264413714408875,exact_match,3296.0
white,white,True,2,2,20,20,0,0,0.954976499080658,exact_match,3297.0
4s,green,False,1,1,11,11,0,0,0.7835291624069214,equivalent,3298.0
west,west,True,2,2,18,18,0,0,0.9451620578765869,exact_match,3299.0
9m,9m,True,1,1,11,11,0,0,0.9360451102256775,exact_match,3300.0
2s,7m,False,2,2,19,18,0,1,0.6541022658348083,near_equivalent,3301.0
1p,green,False,1,1,15,14,0,1,0.45897042751312256,near_equivalent,3302.0
1s,1s,True,2,2,21,21,0,0,0.6494984030723572,exact_match,3303.0
8s,8s,True,1,1,14,14,0,0,0.4805738031864166,exact_match,3304.0
7m,2p,False,1,1,13,12,0,1,0.3677501976490021,near_equivalent,3305.0
9p,9p,True,1,1,14,14,0,0,0.8726823925971985,exact_match,3306.0
green,green,True,0,0,5,5,0,0,0.9953906536102295,exact_match,3307.0
4m,4m,True,0,0,5,5,0,0,0.9818887114524841,exact_match,3308.0
1m,west,False,4,4,67,75,0,-8,0.3854655623435974,better_ukeire,3309.0
west,4p,False,3,3,49,33,0,16,0.34865429997444153,ukeire_loss,3310.0
9s,4p,False,3,3,48,45,0,3,0.26550358533859253,ukeire_loss,3311.0
south,south,True,2,2,20,20,0,0,0.3360610008239746,exact_match,3312.0
9p,9p,True,2,2,18,18,0,0,0.6915289163589478,exact_match,3313.0
1s,1s,True,1,1,8,8,0,0,0.6466353535652161,exact_match,3314.0
4p,4p,True,1,1,10,10,0,0,0.45650678873062134,exact_match,3315.0
red,red,True,0,0,4,4,0,0,0.8041090369224548,exact_match,3316.0
2s,2s,True,0,0,4,4,0,0,0.9759920835494995,exact_match,3317.0
2s,2s,True,0,0,4,4,0,0,0.9884418249130249,exact_match,3318.0
8s,8s,True,0,0,8,8,0,0,0.9309948682785034,exact_match,3319.0
north,north,True,3,3,66,66,0,0,0.8271130919456482,exact_match,3320.0
white,white,True,2,2,55,55,0,0,0.5921134352684021,exact_match,3321.0
east,east,True,2,2,54,54,0,0,0.7336127161979675,exact_match,3322.0
4m,8m,False,1,1,12,13,0,-1,0.46383094787597656,near_equivalent,3323.0
4m,4m,True,1,1,12,12,0,0,0.8994424939155579,exact_match,3324.0
1s,east,False,5,5,90,98,0,-8,0.2676672041416168,better_ukeire,3325.0
north,9s,False,4,4,80,72,0,8,0.3782297670841217,ukeire_loss,3326.0
1p,1p,True,4,4,75,75,0,0,0.4443943500518799,exact_match,3327.0
9s,9s,True,4,4,71,71,0,0,0.2871008813381195,exact_match,3328.0
south,south,True,4,4,74,74,0,0,0.58575040102005,exact_match,3329.0
5m,white,False,4,4,53,70,0,-17,0.33885982632637024,better_ukeire,3330.0
east,east,True,3,3,67,67,0,0,0.468357652425766,exact_match,3331.0
south,south,True,4,4,51,51,0,0,0.6614066362380981,exact_match,3332.0
green,green,True,3,3,66,66,0,0,0.8253799676895142,exact_match,3333.0
8p,8p,True,4,4,50,50,0,0,0.7080062627792358,exact_match,3334.0
white,3s,False,3,3,80,63,0,17,0.3711167573928833,ukeire_loss,3335.0
1s,white,False,3,3,18,18,0,0,0.3218480944633484,equivalent,3336.0
7m,red,False,2,2,23,23,0,0,0.537624716758728,equivalent,3337.0
8s,white,False,3,3,18,19,0,-1,0.41924795508384705,near_equivalent,3338.0
red,red,True,1,1,9,9,0,0,0.6796563267707825,exact_match,3339.0
6s,red,False,2,2,11,12,0,-1,0.5121836066246033,near_equivalent,3340.0
3s,6p,False,1,1,12,8,0,4,0.8264150619506836,ukeire_loss,3341.0
5s,red,False,2,2,9,10,0,-1,0.524073600769043,near_equivalent,3342.0
2s,2s,True,1,1,15,15,0,0,0.8251433968544006,exact_match,3343.0
8s,8s,True,2,2,7,7,0,0,0.6575667262077332,exact_match,3344.0
red,red,True,1,1,5,5,0,0,0.8517815470695496,exact_match,3345.0
9s,9s,True,3,3,21,21,0,0,0.3914509415626526,exact_match,3346.0
7m,1p,False,2,2,15,15,0,0,0.739273190498352,equivalent,3347.0
east,1p,False,2,2,15,15,0,0,0.7222367525100708,equivalent,3348.0
9s,9s,True,2,2,15,15,0,0,0.7723190188407898,exact_match,3349.0
1m,1m,True,2,2,14,14,0,0,0.4182697832584381,exact_match,3350.0
west,west,True,2,2,14,14,0,0,0.4789661169052124,exact_match,3351.0
5s,2s,False,1,1,8,9,0,-1,0.41060569882392883,near_equivalent,3352.0
1m,1m,True,1,1,7,7,0,0,0.5176399350166321,exact_match,3353.0
8m,8m,True,1,1,7,7,0,0,0.6016731858253479,exact_match,3354.0
5s,1p,False,1,1,7,7,0,0,0.7358038425445557,equivalent,3355.0
white,2m,False,1,2,7,7,-1,0,0.3753688335418701,shanten_loss,3356.0
west,west,True,3,3,54,54,0,0,0.5394570827484131,exact_match,3357.0
south,east,False,4,4,74,74,0,0,0.5436629056930542,equivalent,3358.0
north,north,True,2,2,16,16,0,0,0.8797727227210999,exact_match,3359.0
east,east,True,4,4,72,72,0,0,0.4689844846725464,exact_match,3360.0
red,red,True,1,1,12,12,0,0,0.7795144319534302,exact_match,3361.0
1s,1s,True,3,3,52,52,0,0,0.5047271847724915,exact_match,3362.0
2p,6p,False,1,1,12,12,0,0,0.8089746236801147,equivalent,3363.0
green,green,True,2,2,15,15,0,0,0.7979071140289307,exact_match,3364.0
red,red,True,1,1,11,11,0,0,0.9284198880195618,exact_match,3365.0
8s,3s,False,2,2,13,13,0,0,0.32747575640678406,equivalent,3366.0
6p,6p,True,0,0,8,8,0,0,0.9616342782974243,exact_match,3367.0
1m,1m,True,2,2,27,27,0,0,0.5996569991111755,exact_match,3368.0
9p,1p,False,3,3,46,47,0,-1,0.670061469078064,near_equivalent,3369.0
2m,2m,True,3,3,33,33,0,0,0.6424893140792847,exact_match,3370.0
green,1p,False,3,3,45,46,0,-1,0.8168491721153259,near_equivalent,3371.0
white,white,True,2,2,10,10,0,0,0.6687412261962891,exact_match,3372.0
1p,1p,True,2,2,19,19,0,0,0.9789172410964966,exact_match,3373.0
2m,2m,True,2,2,9,9,0,0,0.9723798036575317,exact_match,3374.0
4m,4s,False,1,1,8,8,0,0,0.3708508610725403,equivalent,3375.0
7s,7s,True,2,2,20,20,0,0,0.7709469199180603,exact_match,3376.0
east,east,True,1,1,7,7,0,0,0.9526675343513489,exact_match,3377.0
8m,8m,True,2,2,20,20,0,0,0.9768729209899902,exact_match,3378.0
4s,4s,True,1,1,9,9,0,0,0.3081029951572418,exact_match,3379.0
1m,1m,True,2,2,20,20,0,0,0.9800922870635986,exact_match,3380.0
east,east,True,1,1,9,9,0,0,0.8620515465736389,exact_match,3381.0
9m,9m,True,2,2,19,19,0,0,0.9620755314826965,exact_match,3382.0
7m,7m,True,1,1,9,9,0,0,0.934298574924469,exact_match,3383.0
8s,8s,True,2,2,18,18,0,0,0.9499121904373169,exact_match,3384.0
1m,1m,True,1,1,7,7,0,0,0.6367828249931335,exact_match,3385.0
3s,3s,True,2,2,23,23,0,0,0.5606533288955688,exact_match,3386.0
7s,8p,False,1,1,9,8,0,1,0.35470420122146606,near_equivalent,3387.0
west,west,True,1,1,14,14,0,0,0.612424910068512,exact_match,3388.0
7m,7m,True,1,1,9,9,0,0,0.8463922739028931,exact_match,3389.0
7m,7m,True,1,1,14,14,0,0,0.920644998550415,exact_match,3390.0
9m,9m,True,2,2,16,16,0,0,0.9954279661178589,exact_match,3391.0
1p,1p,True,2,2,68,68,0,0,0.8732389211654663,exact_match,3392.0
1s,1s,True,2,2,67,67,0,0,0.9874301552772522,exact_match,3393.0
south,south,True,2,2,65,65,0,0,0.9294822812080383,exact_match,3394.0
5s,6m,False,1,1,11,11,0,0,0.6429268717765808,equivalent,3395.0
4s,4s,True,1,1,10,10,0,0,0.7797822952270508,exact_match,3396.0
green,2p,False,1,1,11,11,0,0,0.4626479744911194,equivalent,3397.0
9s,9s,True,1,1,11,11,0,0,0.5053116083145142,exact_match,3398.0
green,south,False,1,1,11,11,0,0,0.7243735194206238,equivalent,3399.0
green,green,True,1,1,11,11,0,0,0.8086985945701599,exact_match,3400.0
8s,8s,True,1,1,11,11,0,0,0.5425845384597778,exact_match,3401.0
south,south,True,0,0,6,6,0,0,0.9986446499824524,exact_match,3402.0
9p,9p,True,0,0,6,6,0,0,0.9244603514671326,exact_match,3403.0
white,white,True,0,0,6,6,0,0,0.9959256649017334,exact_match,3404.0
7p,3p,False,2,2,15,15,0,0,0.3160771429538727,equivalent,3405.0
1s,5p,False,1,1,9,9,0,0,0.5243690609931946,equivalent,3406.0
5p,green,False,1,1,9,9,0,0,0.5639699697494507,equivalent,3407.0
6s,6s,True,1,1,9,9,0,0,0.8814616799354553,exact_match,3408.0
4m,7m,False,1,1,8,9,0,-1,0.27899467945098877,near_equivalent,3409.0
8s,8s,True,1,1,8,8,0,0,0.9153328537940979,exact_match,3410.0
4p,4p,True,1,1,8,8,0,0,0.8337275385856628,exact_match,3411.0
north,6p,False,2,1,10,8,1,2,0.6876839399337769,better_shanten,3412.0
8m,north,False,2,2,8,18,0,-10,0.48688867688179016,better_ukeire,3413.0
north,north,True,2,2,8,8,0,0,0.6194148063659668,exact_match,3414.0
east,2m,False,2,2,8,8,0,0,0.3968493640422821,equivalent,3415.0
8p,8p,True,3,3,42,42,0,0,0.21382440626621246,exact_match,3416.0
1s,1s,True,3,3,51,51,0,0,0.49571773409843445,exact_match,3417.0
8s,north,False,2,2,25,36,0,-11,0.3668729066848755,better_ukeire,3418.0
north,2m,False,2,2,31,20,0,11,0.38717585802078247,ukeire_loss,3419.0
2s,2s,True,2,2,30,30,0,0,0.7296717166900635,exact_match,3420.0
green,green,True,2,2,30,30,0,0,0.4798429012298584,exact_match,3421.0
7s,7s,True,2,2,30,30,0,0,0.7607661485671997,exact_match,3422.0
west,5m,False,2,2,30,29,0,1,0.5297556519508362,near_equivalent,3423.0
5m,5m,True,1,1,10,10,0,0,0.8055545091629028,exact_match,3424.0
2s,5m,False,1,1,16,14,0,2,0.4823801815509796,near_equivalent,3425.0
green,green,True,2,2,43,43,0,0,0.7105687856674194,exact_match,3426.0
red,red,True,1,1,15,15,0,0,0.9473546743392944,exact_match,3427.0
6m,2m,False,1,2,15,40,-1,-25,0.7396127581596375,shanten_loss,3428.0
2m,2m,True,1,1,14,14,0,0,0.514929473400116,exact_match,3429.0
2m,9s,False,1,1,14,14,0,0,0.7886999845504761,equivalent,3430.0
red,red,True,1,1,14,14,0,0,0.7328543066978455,exact_match,3431.0
9s,9s,True,1,1,17,17,0,0,0.934868335723877,exact_match,3432.0
2s,7m,False,2,1,44,17,1,27,0.8497653007507324,better_shanten,3433.0
north,north,True,2,2,19,19,0,0,0.743546187877655,exact_match,3434.0
5p,red,False,3,3,41,41,0,0,0.5628219842910767,equivalent,3435.0
green,green,True,2,2,31,31,0,0,0.9666932225227356,exact_match,3436.0
3s,3s,True,3,3,41,41,0,0,0.6369946002960205,exact_match,3437.0
5s,5s,True,1,1,22,22,0,0,0.385760098695755,exact_match,3438.0
red,red,True,2,2,19,19,0,0,0.5899413824081421,exact_match,3439.0
8s,8s,True,1,1,22,22,0,0,0.9922943115234375,exact_match,3440.0
4s,4s,True,2,2,18,18,0,0,0.9292359948158264,exact_match,3441.0
2s,2s,True,1,1,21,21,0,0,0.8845419883728027,exact_match,3442.0
red,red,True,2,2,17,17,0,0,0.816832959651947,exact_match,3443.0
red,red,True,1,1,20,20,0,0,0.9733713865280151,exact_match,3444.0
north,north,True,2,2,17,17,0,0,0.8740330934524536,exact_match,3445.0
1s,1s,True,1,1,19,19,0,0,0.9765580296516418,exact_match,3446.0
8m,1m,False,2,2,14,17,0,-3,0.44420185685157776,better_ukeire,3447.0
green,green,True,1,1,18,18,0,0,0.9164080023765564,exact_match,3448.0
5m,5m,True,2,2,14,14,0,0,0.5660417675971985,exact_match,3449.0
south,5m,False,2,2,11,14,0,-3,0.67289799451828,better_ukeire,3450.0
2s,2s,True,2,2,10,10,0,0,0.5653966069221497,exact_match,3451.0
south,south,True,2,2,9,9,0,0,0.44052353501319885,exact_match,3452.0
east,east,True,2,2,13,13,0,0,0.6499426364898682,exact_match,3453.0
7s,3m,False,2,2,14,13,0,1,0.27874690294265747,near_equivalent,3454.0
9p,east,False,4,4,58,61,0,-3,0.36698392033576965,better_ukeire,3455.0
south,east,False,4,4,65,65,0,0,0.4406500458717346,equivalent,3456.0
1s,white,False,3,3,18,19,0,-1,0.3812927007675171,near_equivalent,3457.0
red,red,True,2,2,13,13,0,0,0.4678119421005249,exact_match,3458.0
east,east,True,2,2,22,22,0,0,0.4701915383338928,exact_match,3459.0
2s,1m,False,2,2,14,22,0,-8,0.5887061357498169,better_ukeire,3460.0
2m,2m,True,2,2,49,49,0,0,0.4040345847606659,exact_match,3461.0
6m,6m,True,1,1,9,9,0,0,0.5405058860778809,exact_match,3462.0
8m,8m,True,1,1,8,8,0,0,0.8666326403617859,exact_match,3463.0
4s,8p,False,1,1,11,8,0,3,0.6733565330505371,ukeire_loss,3464.0
8s,8s,True,1,1,10,10,0,0,0.9082284569740295,exact_match,3465.0
4s,4s,True,1,1,9,9,0,0,0.5242407321929932,exact_match,3466.0
white,3p,False,1,1,5,9,0,-4,0.5734226703643799,better_ukeire,3467.0
white,white,True,0,0,1,1,0,0,0.9758843183517456,exact_match,3468.0
green,green,True,0,0,1,1,0,0,0.98834627866745,exact_match,3469.0
white,white,True,0,0,1,1,0,0,0.9932388067245483,exact_match,3470.0
7s,7s,True,0,0,1,1,0,0,0.9800642132759094,exact_match,3471.0
7m,7m,True,0,0,1,1,0,0,0.9844911694526672,exact_match,3472.0
1m,1m,True,0,0,1,1,0,0,0.6718733906745911,exact_match,3473.0
1s,1s,True,3,3,62,62,0,0,0.6087213754653931,exact_match,3474.0
1p,west,False,2,2,17,17,0,0,0.5786454081535339,equivalent,3475.0
west,west,True,2,2,17,17,0,0,0.5970447063446045,exact_match,3476.0
4s,8p,False,2,2,26,26,0,0,0.6246554851531982,equivalent,3477.0
white,white,True,2,2,25,25,0,0,0.6924805641174316,exact_match,3478.0
5p,8p,False,1,1,10,10,0,0,0.5387404561042786,equivalent,3479.0
east,east,True,1,1,9,9,0,0,0.7759232521057129,exact_match,3480.0
9s,east,False,3,3,33,33,0,0,0.5242804288864136,equivalent,3481.0
9m,white,False,3,3,48,57,0,-9,0.3919580578804016,better_ukeire,3482.0
east,white,False,2,2,18,18,0,0,0.60887211561203,equivalent,3483.0
white,white,True,1,1,10,10,0,0,0.836432158946991,exact_match,3484.0
7s,7s,True,1,1,10,10,0,0,0.7243329286575317,exact_match,3485.0
west,west,True,1,1,10,10,0,0,0.8591768741607666,exact_match,3486.0
4s,5s,False,1,2,14,33,-1,-19,0.4858509302139282,shanten_loss,3487.0
3s,3s,True,1,1,14,14,0,0,0.7146651148796082,exact_match,3488.0
9s,9s,True,3,3,32,32,0,0,0.5365440845489502,exact_match,3489.0
9p,east,False,5,5,77,81,0,-4,0.3978942632675171,better_ukeire,3490.0
1s,1s,True,3,3,31,31,0,0,0.7804874181747437,exact_match,3491.0
east,north,False,4,4,66,66,0,0,0.3915669918060303,equivalent,3492.0
east,east,True,3,3,53,53,0,0,0.6107218861579895,exact_match,3493.0
north,north,True,4,4,75,75,0,0,0.6978324055671692,exact_match,3494.0
2m,2m,True,3,3,57,57,0,0,0.929111123085022,exact_match,3495.0
9m,west,False,4,3,70,55,1,15,0.4773416221141815,better_shanten,3496.0
8s,6m,False,2,3,13,54,-1,-41,0.262954980134964,shanten_loss,3497.0
1s,2m,False,4,3,64,45,1,19,0.3425906300544739,better_shanten,3498.0
3m,3m,True,2,2,13,13,0,0,0.9188404679298401,exact_match,3499.0
8m,8p,False,4,4,71,62,0,9,0.33255627751350403,ukeire_loss,3500.0
6s,6m,False,2,3,14,52,-1,-38,0.3789047300815582,shanten_loss,3501.0
2s,east,False,4,4,64,68,0,-4,0.5009868741035461,better_ukeire,3502.0
5m,5m,True,2,2,33,33,0,0,0.4251268804073334,exact_match,3503.0
2m,5m,False,3,3,45,42,0,3,0.4220074713230133,ukeire_loss,3504.0
9s,9s,True,2,2,32,32,0,0,0.9173539876937866,exact_match,3505.0
9m,5m,False,3,3,43,36,0,7,0.41143783926963806,ukeire_loss,3506.0
1s,green,False,2,2,30,34,0,-4,0.48556649684906006,better_ukeire,3507.0
white,green,False,3,3,76,76,0,0,0.5628683567047119,equivalent,3508.0
white,white,True,2,2,45,45,0,0,0.677686870098114,exact_match,3509.0
green,1m,False,3,3,79,75,0,4,0.6391233205795288,ukeire_loss,3510.0
green,green,True,1,1,15,15,0,0,0.8720740675926208,exact_match,3511.0
1m,1m,True,3,3,75,75,0,0,0.7467274069786072,exact_match,3512.0
2s,2s,True,1,1,15,15,0,0,0.9510599970817566,exact_match,3513.0
8m,8m,True,3,3,73,73,0,0,0.5348440408706665,exact_match,3514.0
5s,5m,False,1,0,28,3,1,25,0.3508686423301697,better_shanten,3515.0
8s,white,False,1,1,18,28,0,-10,0.9476083517074585,better_ukeire,3516.0
1s,8s,False,2,2,18,18,0,0,0.4517801105976105,equivalent,3517.0
1p,1p,True,1,1,18,18,0,0,0.8970751166343689,exact_match,3518.0
8s,8s,True,1,1,9,9,0,0,0.6631296873092651,exact_match,3519.0
green,green,True,1,1,18,18,0,0,0.6763333082199097,exact_match,3520.0
south,south,True,1,1,8,8,0,0,0.8792704939842224,exact_match,3521.0
1s,1s,True,1,1,17,17,0,0,0.8475530743598938,exact_match,3522.0
2p,2p,True,1,1,12,12,0,0,0.5846586227416992,exact_match,3523.0
3p,3p,True,1,1,17,17,0,0,0.8105172514915466,exact_match,3524.0
5s,5s,True,0,0,2,2,0,0,0.7858840227127075,exact_match,3525.0
1p,1p,True,1,1,16,16,0,0,0.826457142829895,exact_match,3526.0
5p,5p,True,0,0,2,2,0,0,0.6673920154571533,exact_match,3527.0
white,south,False,1,1,15,15,0,0,0.7543158531188965,equivalent,3528.0
1m,1m,True,1,1,19,19,0,0,0.6700118780136108,exact_match,3529.0
5s,5s,True,1,1,18,18,0,0,0.6652331948280334,exact_match,3530.0
3m,south,False,1,1,15,17,0,-2,0.9306179881095886,near_equivalent,3531.0
red,red,True,1,1,15,15,0,0,0.7010704278945923,exact_match,3532.0
south,south,True,2,2,22,22,0,0,0.9307332038879395,exact_match,3533.0
9m,9s,False,4,4,52,54,0,-2,0.3169516623020172,near_equivalent,3534.0
8m,2p,False,1,1,15,11,0,4,0.7856804728507996,ukeire_loss,3535.0
9s,9s,True,3,3,26,26,0,0,0.719713032245636,exact_match,3536.0
north,east,False,4,3,61,48,1,13,0.546059787273407,better_shanten,3537.0
2m,9s,False,4,4,47,60,0,-13,0.8526073098182678,better_ukeire,3538.0
2m,9s,False,4,3,56,19,1,37,0.48645004630088806,better_shanten,3539.0
green,1m,False,3,3,31,27,0,4,0.445391982793808,ukeire_loss,3540.0
1m,1m,True,3,3,39,39,0,0,0.7068039774894714,exact_match,3541.0
7m,7m,True,3,3,37,37,0,0,0.38173508644104004,exact_match,3542.0
north,north,True,3,3,45,45,0,0,0.3214327394962311,exact_match,3543.0
east,east,True,2,2,21,21,0,0,0.6976350545883179,exact_match,3544.0
9m,9m,True,2,2,20,20,0,0,0.8861711621284485,exact_match,3545.0
west,west,True,3,3,55,55,0,0,0.545879065990448,exact_match,3546.0
south,south,True,4,4,67,67,0,0,0.7364442944526672,exact_match,3547.0
north,1m,False,3,3,58,54,0,4,0.5280833840370178,ukeire_loss,3548.0
west,west,True,3,3,23,23,0,0,0.5247029662132263,exact_match,3549.0
south,1m,False,2,2,15,15,0,0,0.6450161337852478,equivalent,3550.0
1p,green,False,4,3,72,23,1,49,0.4083743989467621,better_shanten,3551.0
1m,1m,True,2,2,15,15,0,0,0.81468266248703,exact_match,3552.0
1p,green,False,3,3,53,67,0,-14,0.3257541358470917,better_ukeire,3553.0
6p,6p,True,2,2,29,29,0,0,0.48772069811820984,exact_match,3554.0
green,white,False,2,2,20,20,0,0,0.48954734206199646,equivalent,3555.0
9m,9m,True,1,1,6,6,0,0,0.2538100481033325,exact_match,3556.0
8s,white,False,2,2,20,20,0,0,0.4430749714374542,equivalent,3557.0
7m,7m,True,1,1,11,11,0,0,0.7499178647994995,exact_match,3558.0
1m,green,False,2,2,18,18,0,0,0.6599652171134949,equivalent,3559.0
4m,4m,True,1,1,11,11,0,0,0.857444167137146,exact_match,3560.0
7p,7p,True,2,2,16,16,0,0,0.44882580637931824,exact_match,3561.0
9m,9m,True,1,1,11,11,0,0,0.9714615941047668,exact_match,3562.0
9m,9m,True,2,2,16,16,0,0,0.8528326153755188,exact_match,3563.0
6p,9p,False,2,2,16,16,0,0,0.37592247128486633,equivalent,3564.0
3s,9p,False,3,2,42,15,1,27,0.3719367980957031,better_shanten,3565.0
8p,2p,False,4,3,43,30,1,13,0.20910480618476868,better_shanten,3566.0
7p,7p,True,4,4,47,47,0,0,0.6347259879112244,exact_match,3567.0
6p,6p,True,3,3,16,16,0,0,0.4262974262237549,exact_match,3568.0
6m,6m,True,3,3,17,17,0,0,0.6488675475120544,exact_match,3569.0
green,green,True,2,2,14,14,0,0,0.8003979325294495,exact_match,3570.0
9p,white,False,2,2,14,12,0,2,0.2781923711299896,near_equivalent,3571.0
west,west,True,3,3,46,46,0,0,0.5830463767051697,exact_match,3572.0
9p,white,False,4,4,69,86,0,-17,0.5408658981323242,better_ukeire,3573.0
1m,1m,True,2,2,19,19,0,0,0.7796643972396851,exact_match,3574.0
9m,white,False,3,3,53,62,0,-9,0.35765957832336426,better_ukeire,3575.0
red,east,False,2,2,18,18,0,0,0.6289815902709961,equivalent,3576.0
red,2s,False,3,3,60,55,0,5,0.3655134439468384,ukeire_loss,3577.0
east,east,True,2,2,28,28,0,0,0.5880532264709473,exact_match,3578.0
1m,2s,False,3,3,59,55,0,4,0.37230706214904785,ukeire_loss,3579.0
east,east,True,2,2,28,28,0,0,0.9346302151679993,exact_match,3580.0
2s,2s,True,3,3,69,69,0,0,0.4365834891796112,exact_match,3581.0
8p,8p,True,1,1,10,10,0,0,0.22985799610614777,exact_match,3582.0
7m,7m,True,2,2,57,57,0,0,0.4538431465625763,exact_match,3583.0
9p,9p,True,1,1,17,17,0,0,0.7678209543228149,exact_match,3584.0
north,1m,False,3,3,44,36,0,8,0.56264728307724,ukeire_loss,3585.0
1m,1m,True,3,3,23,23,0,0,0.9278985261917114,exact_match,3586.0
west,2s,False,3,3,51,43,0,8,0.42095762491226196,ukeire_loss,3587.0
1p,8s,False,3,3,30,30,0,0,0.29052892327308655,equivalent,3588.0
south,1m,False,3,3,65,59,0,6,0.6712313294410706,ukeire_loss,3589.0
2p,red,False,3,3,30,30,0,0,0.7210216522216797,equivalent,3590.0
9m,9m,True,3,3,63,63,0,0,0.8327028751373291,exact_match,3591.0
red,red,True,3,3,32,32,0,0,0.7396891713142395,exact_match,3592.0
1m,1m,True,2,2,20,20,0,0,0.43604832887649536,exact_match,3593.0
8s,7m,False,2,3,19,55,-1,-36,0.3688347637653351,shanten_loss,3594.0
9s,9s,True,4,4,68,68,0,0,0.4504956305027008,exact_match,3595.0
9m,9m,True,3,3,20,20,0,0,0.5673108100891113,exact_match,3596.0
red,south,False,3,3,27,27,0,0,0.5656920671463013,equivalent,3597.0
8m,red,False,3,3,19,21,0,-2,0.394957572221756,near_equivalent,3598.0
south,8m,False,3,3,27,27,0,0,0.6061616539955139,equivalent,3599.0
red,8p,False,2,2,13,13,0,0,0.45480698347091675,equivalent,3600.0
8m,8m,True,3,3,46,46,0,0,0.7113165855407715,exact_match,3601.0
2s,south,False,2,2,12,13,0,-1,0.4961699843406677,near_equivalent,3602.0
8s,8s,True,2,2,22,22,0,0,0.5875974297523499,exact_match,3603.0
south,8p,False,2,2,13,14,0,-1,0.5686894655227661,near_equivalent,3604.0
9m,9m,True,2,2,22,22,0,0,0.9642716646194458,exact_match,3605.0
east,8p,False,2,2,13,15,0,-2,0.5750529766082764,near_equivalent,3606.0
1p,1p,True,2,2,22,22,0,0,0.33268946409225464,exact_match,3607.0
8p,8p,True,2,2,15,15,0,0,0.5405135750770569,exact_match,3608.0
9p,9p,True,2,2,21,21,0,0,0.3697463870048523,exact_match,3609.0
7p,7p,True,2,2,15,15,0,0,0.7926869988441467,exact_match,3610.0
1p,1p,True,2,2,18,18,0,0,0.44210121035575867,exact_match,3611.0
2s,2s,True,2,2,15,15,0,0,0.9318835735321045,exact_match,3612.0
2m,8p,False,2,2,19,17,0,2,0.4839087128639221,near_equivalent,3613.0
green,2m,False,2,2,30,27,0,3,0.7762765884399414,ukeire_loss,3614.0
white,green,False,3,3,21,20,0,1,0.35331130027770996,near_equivalent,3615.0
red,red,True,3,3,49,49,0,0,0.48451927304267883,exact_match,3616.0
2m,green,False,2,2,21,21,0,0,0.843159556388855,equivalent,3617.0
north,north,True,2,2,21,21,0,0,0.7291532754898071,exact_match,3618.0
green,green,True,2,2,36,36,0,0,0.5627582669258118,exact_match,3619.0
2s,7p,False,2,2,19,19,0,0,0.4659937024116516,equivalent,3620.0
2s,2s,True,2,2,26,26,0,0,0.860237181186676,exact_match,3621.0
7s,7s,True,1,1,16,16,0,0,0.45533668994903564,exact_match,3622.0
7p,2s,False,1,1,12,15,0,-3,0.951793909072876,better_ukeire,3623.0
2s,2s,True,1,1,12,12,0,0,0.765762209892273,exact_match,3624.0
9s,9s,True,0,0,5,5,0,0,0.9570274949073792,exact_match,3625.0
3s,3s,True,1,1,13,13,0,0,0.8110710978507996,exact_match,3626.0
1p,1p,True,1,1,12,12,0,0,0.8796343207359314,exact_match,3627.0
white,white,True,1,1,11,11,0,0,0.8480211496353149,exact_match,3628.0
green,green,True,3,3,31,31,0,0,0.622775137424469,exact_match,3629.0
red,9m,False,3,3,31,31,0,0,0.6697130799293518,equivalent,3630.0
1s,1s,True,3,3,30,30,0,0,0.7160330414772034,exact_match,3631.0
east,east,True,3,3,73,73,0,0,0.5461525321006775,exact_match,3632.0
7s,7s,True,2,2,23,23,0,0,0.4787489175796509,exact_match,3633.0
1p,3m,False,1,1,11,11,0,0,0.8008931279182434,equivalent,3634.0
west,west,True,3,3,28,28,0,0,0.3004501461982727,exact_match,3635.0
green,1p,False,2,2,14,14,0,0,0.5224402546882629,equivalent,3636.0
north,9m,False,3,3,37,37,0,0,0.48053857684135437,equivalent,3637.0
red,1p,False,2,2,14,14,0,0,0.3569185435771942,equivalent,3638.0
south,south,True,2,2,26,26,0,0,0.4765339493751526,exact_match,3639.0
west,west,True,2,2,13,13,0,0,0.40785348415374756,exact_match,3640.0
east,9m,False,2,2,44,44,0,0,0.6290298700332642,equivalent,3641.0
south,1p,False,2,2,13,13,0,0,0.4888003468513489,equivalent,3642.0
6m,9m,False,1,1,11,11,0,0,0.6998628377914429,equivalent,3643.0
south,south,True,2,2,12,12,0,0,0.72270268201828,exact_match,3644.0
5m,5m,True,1,1,11,11,0,0,0.3588826060295105,exact_match,3645.0
2s,1p,False,2,2,46,43,0,3,0.5388244390487671,ukeire_loss,3646.0
west,west,True,1,1,10,10,0,0,0.8965409994125366,exact_match,3647.0
north,north,True,2,2,45,45,0,0,0.653987467288971,exact_match,3648.0
5p,9m,False,1,1,11,10,0,1,0.4438038766384125,near_equivalent,3649.0
1s,1s,True,2,2,44,44,0,0,0.8400576114654541,exact_match,3650.0
north,north,True,1,1,11,11,0,0,0.8060926795005798,exact_match,3651.0
1p,1p,True,1,1,15,15,0,0,0.8173993825912476,exact_match,3652.0
1p,1p,True,1,1,10,10,0,0,0.7162984013557434,exact_match,3653.0
5s,6m,False,1,1,11,13,0,-2,0.37076714634895325,near_equivalent,3654.0
9m,9m,True,1,1,9,9,0,0,0.5064547657966614,exact_match,3655.0
4s,green,False,1,1,11,11,0,0,0.9475799798965454,equivalent,3656.0
red,red,True,1,1,8,8,0,0,0.7078922390937805,exact_match,3657.0
green,green,True,2,2,36,36,0,0,0.9437556266784668,exact_match,3658.0
2m,2m,True,1,1,12,12,0,0,0.9783852696418762,exact_match,3659.0
south,south,True,4,4,34,34,0,0,0.7960437536239624,exact_match,3660.0
south,south,True,3,3,57,57,0,0,0.6576840281486511,exact_match,3661.0
1p,1p,True,3,3,19,19,0,0,0.7347797155380249,exact_match,3662.0
1p,1p,True,2,2,37,37,0,0,0.4873221814632416,exact_match,3663.0
south,south,True,3,3,19,19,0,0,0.8508481383323669,exact_match,3664.0
north,north,True,1,1,7,7,0,0,0.8570269346237183,exact_match,3665.0
west,west,True,3,3,19,19,0,0,0.7340459227561951,exact_match,3666.0
4m,4m,True,1,1,15,15,0,0,0.5153504014015198,exact_match,3667.0
8m,8m,True,3,3,42,42,0,0,0.3377525508403778,exact_match,3668.0
8s,8s,True,2,2,10,10,0,0,0.490491658449173,exact_match,3669.0
white,white,True,1,1,14,14,0,0,0.7851153612136841,exact_match,3670.0
white,white,True,2,2,10,10,0,0,0.647946834564209,exact_match,3671.0
3m,3m,True,1,1,13,13,0,0,0.6094467639923096,exact_match,3672.0
red,red,True,2,2,21,21,0,0,0.4847671091556549,exact_match,3673.0
white,white,True,2,2,21,21,0,0,0.8320360779762268,exact_match,3674.0
7m,7m,True,2,2,21,21,0,0,0.6811782121658325,exact_match,3675.0
4m,4m,True,2,2,16,16,0,0,0.7060969471931458,exact_match,3676.0
9m,9m,True,2,2,16,16,0,0,0.9587428569793701,exact_match,3677.0
9p,9p,True,2,2,17,17,0,0,0.7511062026023865,exact_match,3678.0
9p,1p,False,2,2,15,17,0,-2,0.6050554513931274,near_equivalent,3679.0
1p,8s,False,2,2,15,15,0,0,0.6060530543327332,equivalent,3680.0
6m,white,False,2,1,29,8,1,21,0.5005621910095215,better_shanten,3681.0
7m,7m,True,2,2,28,28,0,0,0.638487696647644,exact_match,3682.0
4m,4m,True,2,2,21,21,0,0,0.8672158122062683,exact_match,3683.0
4m,4m,True,2,2,21,21,0,0,0.9135521650314331,exact_match,3684.0
5m,5m,True,2,2,21,21,0,0,0.9318476319313049,exact_match,3685.0
9m,9m,True,2,2,21,21,0,0,0.9146890640258789,exact_match,3686.0
red,white,False,2,2,23,22,0,1,0.4482972025871277,near_equivalent,3687.0
white,white,True,1,1,18,18,0,0,0.5993951559066772,exact_match,3688.0
5s,5s,True,0,0,4,4,0,0,0.6143688559532166,exact_match,3689.0
west,west,True,3,3,47,47,0,0,0.3548057973384857,exact_match,3690.0
8s,8s,True,2,2,19,19,0,0,0.6500340104103088,exact_match,3691.0
north,north,True,2,2,14,14,0,0,0.5679109692573547,exact_match,3692.0
9s,9s,True,2,2,19,19,0,0,0.9739465117454529,exact_match,3693.0
1s,1s,True,2,2,14,14,0,0,0.7484627962112427,exact_match,3694.0
1m,1m,True,1,1,11,11,0,0,0.9336886405944824,exact_match,3695.0
1p,1p,True,1,1,12,12,0,0,0.7131122350692749,exact_match,3696.0
7p,7p,True,1,1,11,11,0,0,0.7889979481697083,exact_match,3697.0
1p,1p,True,2,2,72,72,0,0,0.9875720739364624,exact_match,3698.0
6s,6s,True,1,1,15,15,0,0,0.6959866881370544,exact_match,3699.0
8s,8s,True,1,1,15,15,0,0,0.962754487991333,exact_match,3700.0
east,east,True,1,1,15,15,0,0,0.9629325270652771,exact_match,3701.0
south,9m,False,1,1,14,11,0,3,0.3023916184902191,ukeire_loss,3702.0
8s,8s,True,1,1,13,13,0,0,0.858238697052002,exact_match,3703.0
red,1m,False,2,2,23,23,0,0,0.5430635809898376,equivalent,3704.0
1s,1s,True,2,2,23,23,0,0,0.5087248086929321,exact_match,3705.0
9m,1m,False,2,2,47,47,0,0,0.5528545379638672,equivalent,3706.0
1m,1m,True,1,1,11,11,0,0,0.9927350282669067,exact_match,3707.0
west,west,True,3,3,64,64,0,0,0.8341193199157715,exact_match,3708.0
1m,1m,True,3,3,67,67,0,0,0.45437753200531006,exact_match,3709.0
red,red,True,2,2,24,24,0,0,0.5012696385383606,exact_match,3710.0
7p,7p,True,1,1,12,12,0,0,0.6142175197601318,exact_match,3711.0
6s,5p,False,1,1,16,12,0,4,0.4102039337158203,ukeire_loss,3712.0
1s,1s,True,1,1,16,16,0,0,0.8235375881195068,exact_match,3713.0
9p,9p,True,1,1,16,16,0,0,0.9417025446891785,exact_match,3714.0
west,west,True,1,1,16,16,0,0,0.8256723284721375,exact_match,3715.0
white,white,True,1,1,16,16,0,0,0.6609030961990356,exact_match,3716.0
2m,2m,True,1,1,19,19,0,0,0.8951879143714905,exact_match,3717.0
5p,5p,True,0,0,8,8,0,0,0.5969023108482361,exact_match,3718.0
5m,5m,True,0,0,8,8,0,0,0.9583737254142761,exact_match,3719.0
4p,4p,True,0,0,8,8,0,0,0.7552089095115662,exact_match,3720.0
1p,9p,False,5,5,78,86,0,-8,0.4633753299713135,better_ukeire,3721.0
9m,9p,False,5,5,79,83,0,-4,0.4605556130409241,better_ukeire,3722.0
9p,9p,True,5,5,80,80,0,0,0.5105754137039185,exact_match,3723.0
west,white,False,4,4,76,74,0,2,0.5353684425354004,near_equivalent,3724.0
white,white,True,3,3,52,52,0,0,0.5572289228439331,exact_match,3725.0
north,north,True,2,2,16,16,0,0,0.38931554555892944,exact_match,3726.0
3p,3p,True,1,1,6,6,0,0,0.6835951805114746,exact_match,3727.0
2p,2p,True,1,1,6,6,0,0,0.9237052798271179,exact_match,3728.0
1m,6m,False,1,1,9,6,0,3,0.4567733705043793,ukeire_loss,3729.0
4m,4m,True,1,1,8,8,0,0,0.6274605393409729,exact_match,3730.0
6p,6p,True,1,1,13,13,0,0,0.47975486516952515,exact_match,3731.0
east,east,True,3,3,69,69,0,0,0.5807228088378906,exact_match,3732.0
west,west,True,3,3,57,57,0,0,0.4859571158885956,exact_match,3733.0
1m,1m,True,2,2,57,57,0,0,0.6307272911071777,exact_match,3734.0
9s,9s,True,3,3,60,60,0,0,0.5425436496734619,exact_match,3735.0
9s,9s,True,1,1,17,17,0,0,0.5651853084564209,exact_match,3736.0
east,east,True,3,3,59,59,0,0,0.6912288069725037,exact_match,3737.0
4m,4m,True,1,1,17,17,0,0,0.5154011845588684,exact_match,3738.0
white,white,True,2,2,19,19,0,0,0.8266920447349548,exact_match,3739.0
6p,6p,True,1,1,20,20,0,0,0.6941747069358826,exact_match,3740.0
2p,2p,True,2,2,42,42,0,0,0.595224142074585,exact_match,3741.0
1p,6m,False,0,1,8,18,-1,-10,0.5710453391075134,shanten_loss,3742.0
1p,1p,True,2,2,41,41,0,0,0.9653668403625488,exact_match,3743.0
7m,7m,True,0,0,8,8,0,0,0.937231183052063,exact_match,3744.0
8p,8p,True,2,2,39,39,0,0,0.35731467604637146,exact_match,3745.0
red,red,True,0,0,8,8,0,0,0.9848254323005676,exact_match,3746.0
2p,2p,True,2,2,34,34,0,0,0.6544148921966553,exact_match,3747.0
8m,8m,True,0,0,8,8,0,0,0.9579636454582214,exact_match,3748.0
north,south,False,2,2,16,33,0,-17,0.37394213676452637,better_ukeire,3749.0
east,east,True,3,3,54,54,0,0,0.7700096964836121,exact_match,3750.0
west,1s,False,2,2,19,21,0,-2,0.5004507303237915,near_equivalent,3751.0
west,west,True,2,2,19,19,0,0,0.9101102352142334,exact_match,3752.0
1s,1s,True,2,2,23,23,0,0,0.41667890548706055,exact_match,3753.0
7p,7p,True,2,2,23,23,0,0,0.4822903871536255,exact_match,3754.0
1s,1s,True,2,2,23,23,0,0,0.917755663394928,exact_match,3755.0
2m,2m,True,2,2,21,21,0,0,0.6894675493240356,exact_match,3756.0
2s,3s,False,2,2,20,24,0,-4,0.4161823093891144,better_ukeire,3757.0
2s,3s,False,2,2,19,22,0,-3,0.5596651434898376,better_ukeire,3758.0
3s,6s,False,2,2,18,18,0,0,0.6483124494552612,equivalent,3759.0
6s,6s,True,1,1,8,8,0,0,0.7728556990623474,exact_match,3760.0
3s,4s,False,1,1,8,8,0,0,0.818899393081665,equivalent,3761.0
4s,white,False,1,1,8,8,0,0,0.7868303060531616,equivalent,3762.0
north,north,True,1,1,8,8,0,0,0.7153721451759338,exact_match,3763.0
white,white,True,0,0,4,4,0,0,0.9222713112831116,exact_match,3764.0
red,red,True,0,0,4,4,0,0,0.94500732421875,exact_match,3765.0
5s,5s,True,0,0,4,4,0,0,0.5578302145004272,exact_match,3766.0
9p,west,False,4,4,78,78,0,0,0.46096545457839966,equivalent,3767.0
east,1m,False,4,4,87,77,0,10,0.35378915071487427,ukeire_loss,3768.0
west,1m,False,3,3,76,68,0,8,0.6188617944717407,ukeire_loss,3769.0
1m,1p,False,2,3,19,75,-1,-56,0.5420724749565125,shanten_loss,3770.0
1p,1p,True,2,2,59,59,0,0,0.7892022132873535,exact_match,3771.0
2s,2s,True,1,1,12,12,0,0,0.44718530774116516,exact_match,3772.0
9s,9s,True,3,3,55,55,0,0,0.5474886894226074,exact_match,3773.0
east,east,True,2,2,19,19,0,0,0.5556170344352722,exact_match,3774.0
9m,9m,True,1,1,18,18,0,0,0.6860266923904419,exact_match,3775.0
9p,9p,True,1,1,18,18,0,0,0.979848325252533,exact_match,3776.0
east,1m,False,3,3,23,22,0,1,0.4563796818256378,near_equivalent,3777.0
south,1m,False,3,3,52,42,0,10,0.47683319449424744,ukeire_loss,3778.0
9s,9s,True,3,3,50,50,0,0,0.5806758999824524,exact_match,3779.0
1m,1m,True,2,2,15,15,0,0,0.6286596655845642,exact_match,3780.0
red,red,True,2,2,19,19,0,0,0.9078662395477295,exact_match,3781.0
7p,8m,False,1,1,10,10,0,0,0.2912691831588745,equivalent,3782.0
8m,8m,True,0,0,4,4,0,0,0.4125716984272003,exact_match,3783.0
5p,9p,False,1,0,7,4,1,3,0.953169047832489,better_shanten,3784.0
5p,5p,True,1,1,9,9,0,0,0.34749341011047363,exact_match,3785.0
6p,6p,True,1,1,9,9,0,0,0.7292517423629761,exact_match,3786.0
9p,9p,True,1,1,7,7,0,0,0.6736970543861389,exact_match,3787.0
9s,8p,False,1,1,10,7,0,3,0.6406883597373962,ukeire_loss,3788.0
2p,west,False,1,1,9,7,0,2,0.44958481192588806,near_equivalent,3789.0
8p,8p,True,0,0,4,4,0,0,0.926627516746521,exact_match,3790.0
red,north,False,2,2,25,25,0,0,0.7180497646331787,equivalent,3791.0
6p,west,False,1,1,16,16,0,0,0.9447896480560303,equivalent,3792.0
west,west,True,1,1,16,16,0,0,0.9044178128242493,exact_match,3793.0
7m,7m,True,1,1,16,16,0,0,0.4698565900325775,exact_match,3794.0
1s,1s,True,1,1,15,15,0,0,0.5262676477432251,exact_match,3795.0
west,west,True,2,2,59,59,0,0,0.9227100610733032,exact_match,3796.0
2s,2s,True,1,1,14,14,0,0,0.5663514137268066,exact_match,3797.0
white,white,True,1,1,13,13,0,0,0.8928484916687012,exact_match,3798.0
1m,red,False,3,2,73,16,1,57,0.8292098641395569,better_shanten,3799.0
8p,red,False,3,3,70,74,0,-4,0.9581615924835205,better_ukeire,3800.0
7s,red,False,2,2,22,22,0,0,0.9687935709953308,equivalent,3801.0
7m,red,False,2,2,40,43,0,-3,0.9370157122612,better_ukeire,3802.0
red,red,True,1,1,22,22,0,0,0.9214785099029541,exact_match,3803.0
4m,2m,False,0,0,3,3,0,0,0.6310946345329285,equivalent,3804.0
9s,9s,True,0,0,3,3,0,0,0.8298081755638123,exact_match,3805.0
7s,7s,True,0,0,3,3,0,0,0.6299415826797485,exact_match,3806.0
1m,1m,True,3,3,37,37,0,0,0.9022725820541382,exact_match,3807.0
green,green,True,2,2,15,15,0,0,0.8054780960083008,exact_match,3808.0
8s,8s,True,1,1,9,9,0,0,0.848691463470459,exact_match,3809.0
4m,8p,False,0,0,3,3,0,0,0.5872533917427063,equivalent,3810.0
7s,7s,True,0,0,3,3,0,0,0.8116694092750549,exact_match,3811.0
7s,7s,True,0,0,3,3,0,0,0.9210277199745178,exact_match,3812.0
2s,2s,True,0,0,3,3,0,0,0.9002404808998108,exact_match,3813.0
6s,6s,True,0,0,3,3,0,0,0.7753164172172546,exact_match,3814.0
1s,1s,True,0,0,3,3,0,0,0.9235087633132935,exact_match,3815.0
9m,south,False,3,3,56,64,0,-8,0.7133195996284485,better_ukeire,3816.0
9s,9s,True,3,3,55,55,0,0,0.8530013561248779,exact_match,3817.0
south,south,True,2,2,46,46,0,0,0.7147175669670105,exact_match,3818.0
2s,2s,True,1,1,10,10,0,0,0.8614100217819214,exact_match,3819.0
4s,4s,True,1,1,9,9,0,0,0.8763390779495239,exact_match,3820.0
7s,7s,True,1,1,9,9,0,0,0.9318073987960815,exact_match,3821.0
1p,1p,True,1,1,16,16,0,0,0.6203199625015259,exact_match,3822.0
4p,4p,True,0,0,6,6,0,0,0.9835494756698608,exact_match,3823.0
west,west,True,0,0,6,6,0,0,0.9843015074729919,exact_match,3824.0
3s,3s,True,0,0,6,6,0,0,0.9940213561058044,exact_match,3825.0
7p,7p,True,0,0,6,6,0,0,0.9910709857940674,exact_match,3826.0
south,south,True,0,0,6,6,0,0,0.9475162029266357,exact_match,3827.0
5m,5m,True,0,0,6,6,0,0,0.7889936566352844,exact_match,3828.0
east,east,True,4,4,80,80,0,0,0.9284665584564209,exact_match,3829.0
green,green,True,3,3,68,68,0,0,0.6106365919113159,exact_match,3830.0
white,white,True,2,2,56,56,0,0,0.7182909250259399,exact_match,3831.0
5p,2s,False,1,1,13,17,0,-4,0.6621179580688477,better_ukeire,3832.0
2s,2s,True,1,1,23,23,0,0,0.7652727365493774,exact_match,3833.0
6m,6m,True,0,0,3,3,0,0,0.3913901746273041,exact_match,3834.0
5p,5p,True,0,0,3,3,0,0,0.6967245936393738,exact_match,3835.0
8m,4p,False,0,0,4,3,0,1,0.5206268429756165,near_equivalent,3836.0
4p,1m,False,0,0,3,3,0,0,0.8139488101005554,equivalent,3837.0
1m,west,False,0,0,2,1,0,1,0.6392396688461304,near_equivalent,3838.0
5p,5p,True,0,0,2,2,0,0,0.6365978121757507,exact_match,3839.0
4m,west,False,0,0,2,0,0,2,0.528704047203064,near_equivalent,3840.0
west,west,True,3,3,21,21,0,0,0.3876578211784363,exact_match,3841.0
1s,1s,True,5,5,32,32,0,0,0.4274155795574188,exact_match,3842.0
1s,1p,False,3,3,67,66,0,1,0.5493570566177368,near_equivalent,3843.0
9s,9s,True,4,4,25,25,0,0,0.43928563594818115,exact_match,3844.0
south,1p,False,2,2,26,26,0,0,0.792169451713562,equivalent,3845.0
9p,9p,True,4,4,79,79,0,0,0.5656089782714844,exact_match,3846.0
1p,1p,True,1,1,6,6,0,0,0.987946093082428,exact_match,3847.0
2p,2p,True,3,3,20,20,0,0,0.5065306425094604,exact_match,3848.0
4p,4p,True,1,1,6,6,0,0,0.8581072688102722,exact_match,3849.0
5p,5p,True,3,3,48,48,0,0,0.49403131008148193,exact_match,3850.0
west,west,True,1,1,6,6,0,0,0.9696816205978394,exact_match,3851.0
green,green,True,2,2,13,13,0,0,0.6274896860122681,exact_match,3852.0
5s,5s,True,1,1,10,10,0,0,0.2477983981370926,exact_match,3853.0
5s,1m,False,2,2,15,21,0,-6,0.6135192513465881,better_ukeire,3854.0
6s,8m,False,1,1,6,10,0,-4,0.7519054412841797,better_ukeire,3855.0
6s,6s,True,2,2,14,14,0,0,0.6668975353240967,exact_match,3856.0
5s,5s,True,1,1,6,6,0,0,0.9623161554336548,exact_match,3857.0
4s,9p,False,2,2,12,13,0,-1,0.6643139123916626,near_equivalent,3858.0
3p,3p,True,1,1,6,6,0,0,0.8889840245246887,exact_match,3859.0
9p,west,False,2,2,10,10,0,0,0.6010835766792297,equivalent,3860.0
3s,3s,True,1,1,6,6,0,0,0.8736950159072876,exact_match,3861.0
west,5p,False,2,2,10,9,0,1,0.5331560969352722,near_equivalent,3862.0
1m,1m,True,1,1,6,6,0,0,0.9562128782272339,exact_match,3863.0
1m,1m,True,2,2,15,15,0,0,0.8208889365196228,exact_match,3864.0
1m,1m,True,1,1,6,6,0,0,0.9914562106132507,exact_match,3865.0
east,north,False,2,2,11,10,0,1,0.5663248300552368,near_equivalent,3866.0
8m,8m,True,0,0,4,4,0,0,0.848349928855896,exact_match,3867.0
east,white,False,1,1,9,9,0,0,0.6736858487129211,equivalent,3868.0
9p,north,False,2,2,11,11,0,0,0.8132773041725159,equivalent,3869.0
9s,9s,True,2,2,15,15,0,0,0.5686313509941101,exact_match,3870.0
8s,8s,True,2,2,18,18,0,0,0.711674153804779,exact_match,3871.0
9p,9p,True,2,2,17,17,0,0,0.9788829684257507,exact_match,3872.0
3s,3s,True,2,2,33,33,0,0,0.5057783722877502,exact_match,3873.0
9p,9p,True,2,2,32,32,0,0,0.9687899947166443,exact_match,3874.0
3s,3s,True,2,2,30,30,0,0,0.9363200068473816,exact_match,3875.0
9s,9s,True,2,2,30,30,0,0,0.9333156943321228,exact_match,3876.0
1m,6s,False,1,2,9,27,-1,-18,0.52702796459198,shanten_loss,3877.0
red,red,True,2,2,19,19,0,0,0.7011675834655762,exact_match,3878.0
6m,2m,False,2,2,19,22,0,-3,0.3124046325683594,better_ukeire,3879.0
8m,2m,False,2,2,48,45,0,3,0.635031521320343,ukeire_loss,3880.0
9s,2m,False,1,1,10,10,0,0,0.56212317943573,equivalent,3881.0
6p,6p,True,1,1,10,10,0,0,0.6406695246696472,exact_match,3882.0
7s,7s,True,1,1,10,10,0,0,0.5434577465057373,exact_match,3883.0
2m,2m,True,0,0,3,3,0,0,0.9104238748550415,exact_match,3884.0
1m,1m,True,0,0,3,3,0,0,0.97880619764328,exact_match,3885.0
2p,5m,False,1,0,22,2,1,20,0.8996691703796387,better_shanten,3886.0
1p,1p,True,1,1,18,18,0,0,0.642788290977478,exact_match,3887.0
5m,9m,False,0,0,4,3,0,1,0.7081906795501709,near_equivalent,3888.0
south,9p,False,2,2,49,39,0,10,0.6696582436561584,ukeire_loss,3889.0
9p,9p,True,2,2,53,53,0,0,0.8612301349639893,exact_match,3890.0
9p,9p,True,2,2,52,52,0,0,0.9545801877975464,exact_match,3891.0
2s,3m,False,1,1,8,8,0,0,0.5420197248458862,equivalent,3892.0
3m,3m,True,1,1,8,8,0,0,0.6079080104827881,exact_match,3893.0
north,north,True,1,1,8,8,0,0,0.9169606566429138,exact_match,3894.0
4m,4m,True,1,1,8,8,0,0,0.4959040582180023,exact_match,3895.0
8p,1s,False,1,1,15,8,0,7,0.399240106344223,ukeire_loss,3896.0
1m,1m,True,1,1,14,14,0,0,0.9425370693206787,exact_match,3897.0
east,1p,False,3,3,46,46,0,0,0.8800528049468994,equivalent,3898.0
north,north,True,3,3,57,57,0,0,0.5088406801223755,exact_match,3899.0
6s,1p,False,2,2,14,14,0,0,0.972926676273346,equivalent,3900.0
9m,9m,True,3,3,55,55,0,0,0.6284776329994202,exact_match,3901.0
9p,1p,False,2,2,22,26,0,-4,0.9478132724761963,better_ukeire,3902.0
1m,1m,True,2,2,15,15,0,0,0.8618401885032654,exact_match,3903.0
7p,1p,False,1,1,14,14,0,0,0.825657844543457,equivalent,3904.0
south,south,True,2,2,19,19,0,0,0.9476098418235779,exact_match,3905.0
3s,3s,True,1,1,13,13,0,0,0.5836111903190613,exact_match,3906.0
east,east,True,2,2,19,19,0,0,0.8943029046058655,exact_match,3907.0
8s,8s,True,1,1,12,12,0,0,0.6472436785697937,exact_match,3908.0
south,south,True,2,2,17,17,0,0,0.8717557787895203,exact_match,3909.0
1p,1p,True,0,0,4,4,0,0,0.992055356502533,exact_match,3910.0
9s,9s,True,2,2,18,18,0,0,0.4435475766658783,exact_match,3911.0
4m,4m,True,0,0,4,4,0,0,0.9494521021842957,exact_match,3912.0
9p,9p,True,1,1,4,4,0,0,0.4568266272544861,exact_match,3913.0
7p,7p,True,0,0,4,4,0,0,0.9982062578201294,exact_match,3914.0
5p,7p,False,1,1,7,7,0,0,0.7772044539451599,equivalent,3915.0
6s,north,False,4,4,67,59,0,8,0.49536898732185364,ukeire_loss,3916.0
9s,9s,True,1,1,9,9,0,0,0.8950480818748474,exact_match,3917.0
7s,north,False,4,4,64,61,0,3,0.3103545904159546,ukeire_loss,3918.0
red,red,True,1,1,9,9,0,0,0.936292290687561,exact_match,3919.0
red,north,False,3,3,34,34,0,0,0.37973034381866455,equivalent,3920.0
9p,4s,False,2,1,29,9,1,20,0.8195849657058716,better_shanten,3921.0
north,8p,False,3,3,45,33,0,12,0.7059863209724426,ukeire_loss,3922.0
7p,4s,False,2,2,29,37,0,-8,0.8097547888755798,better_ukeire,3923.0
6s,6s,True,3,3,43,43,0,0,0.6293753385543823,exact_match,3924.0
9p,9p,True,1,1,9,9,0,0,0.8944952487945557,exact_match,3925.0
green,green,True,2,2,15,15,0,0,0.4410528838634491,exact_match,3926.0
1p,1p,True,1,1,9,9,0,0,0.33317720890045166,exact_match,3927.0
west,8p,False,2,2,41,32,0,9,0.3731115460395813,ukeire_loss,3928.0
4m,4m,True,2,2,33,33,0,0,0.5584455728530884,exact_match,3929.0
7m,east,False,2,2,27,41,0,-14,0.6136961579322815,better_ukeire,3930.0
3p,2p,False,1,1,13,13,0,0,0.2589733302593231,equivalent,3931.0
white,white,True,2,2,27,27,0,0,0.5201321244239807,exact_match,3932.0
3p,south,False,1,1,13,13,0,0,0.6868947744369507,equivalent,3933.0
6m,6m,True,2,2,27,27,0,0,0.6185064911842346,exact_match,3934.0
south,south,True,0,0,5,5,0,0,0.8306087255477905,exact_match,3935.0
south,south,True,3,3,67,67,0,0,0.45436862111091614,exact_match,3936.0
red,red,True,2,2,49,49,0,0,0.49713334441185,exact_match,3937.0
9m,west,False,3,3,77,81,0,-4,0.6433652639389038,better_ukeire,3938.0
9s,9s,True,2,2,63,63,0,0,0.8628209829330444,exact_match,3939.0
west,west,True,2,2,39,39,0,0,0.8509388566017151,exact_match,3940.0
white,white,True,2,2,63,63,0,0,0.8518144488334656,exact_match,3941.0
green,green,True,2,2,39,39,0,0,0.9280157089233398,exact_match,3942.0
2m,2m,True,1,1,6,6,0,0,0.6430251598358154,exact_match,3943.0
north,north,True,2,2,36,36,0,0,0.9071101546287537,exact_match,3944.0
white,white,True,1,1,6,6,0,0,0.9090601801872253,exact_match,3945.0
1m,1m,True,1,1,17,17,0,0,0.5950122475624084,exact_match,3946.0
9p,9p,True,1,1,6,6,0,0,0.9278543591499329,exact_match,3947.0
4s,4p,False,1,1,34,17,0,17,0.5766104459762573,ukeire_loss,3948.0
6p,1s,False,1,1,10,10,0,0,0.7783307433128357,equivalent,3949.0
north,north,True,1,1,9,9,0,0,0.8540278077125549,exact_match,3950.0
2m,south,False,2,2,20,20,0,0,0.8562186360359192,equivalent,3951.0
1m,1m,True,2,2,20,20,0,0,0.8552419543266296,exact_match,3952.0
south,south,True,2,2,24,24,0,0,0.6292673349380493,exact_match,3953.0
2p,2p,True,2,2,23,23,0,0,0.965208888053894,exact_match,3954.0
2s,2s,True,2,2,22,22,0,0,0.938153862953186,exact_match,3955.0
7s,7p,False,1,1,10,10,0,0,0.7085954546928406,equivalent,3956.0
7p,2s,False,1,1,10,10,0,0,0.8491854667663574,equivalent,3957.0
4s,2s,False,1,1,10,10,0,0,0.5065184831619263,equivalent,3958.0
2s,5m,False,1,1,14,10,0,4,0.4659363031387329,ukeire_loss,3959.0
5m,4p,False,1,1,14,14,0,0,0.8733638525009155,equivalent,3960.0
5p,5p,True,0,0,4,4,0,0,0.8353100419044495,exact_match,3961.0
9s,9s,True,0,0,4,4,0,0,0.9737026691436768,exact_match,3962.0
6p,6p,True,0,0,4,4,0,0,0.5832903981208801,exact_match,3963.0
9p,9p,True,0,0,4,4,0,0,0.9767969250679016,exact_match,3964.0
west,west,True,4,4,59,59,0,0,0.6977725625038147,exact_match,3965.0
green,1m,False,4,4,82,75,0,7,0.37371575832366943,ukeire_loss,3966.0
south,south,True,3,3,30,30,0,0,0.4462422728538513,exact_match,3967.0
red,red,True,3,3,29,29,0,0,0.7230082154273987,exact_match,3968.0
white,white,True,3,3,28,28,0,0,0.6739345192909241,exact_match,3969.0
1s,1s,True,3,3,49,49,0,0,0.535661518573761,exact_match,3970.0
9m,9m,True,3,3,48,48,0,0,0.7923977375030518,exact_match,3971.0
1m,1m,True,2,2,15,15,0,0,0.2740015685558319,exact_match,3972.0
5p,5p,True,2,2,34,34,0,0,0.20654070377349854,exact_match,3973.0
south,south,True,2,2,32,32,0,0,0.8548858761787415,exact_match,3974.0
west,west,True,2,2,32,32,0,0,0.8538690209388733,exact_match,3975.0
north,north,True,3,3,67,67,0,0,0.8705663084983826,exact_match,3976.0
green,south,False,2,2,62,62,0,0,0.5259395837783813,equivalent,3977.0
5p,west,False,4,3,68,24,1,44,0.46129655838012695,better_shanten,3978.0
2m,south,False,1,1,12,13,0,-1,0.7477612495422363,near_equivalent,3979.0
7p,green,False,3,3,20,20,0,0,0.49694663286209106,equivalent,3980.0
red,green,False,2,2,15,15,0,0,0.47404491901397705,equivalent,3981.0
9s,north,False,3,3,20,21,0,-1,0.4172440767288208,near_equivalent,3982.0
7p,west,False,3,3,19,20,0,-1,0.5118473172187805,near_equivalent,3983.0
4p,west,False,2,2,13,14,0,-1,0.4731186628341675,near_equivalent,3984.0
4s,9p,False,2,2,12,12,0,0,0.8072347640991211,equivalent,3985.0
4s,4s,True,2,2,11,11,0,0,0.7305284738540649,exact_match,3986.0
white,9p,False,1,1,6,5,0,1,0.3566094636917114,near_equivalent,3987.0
5m,5m,True,1,1,6,6,0,0,0.38229650259017944,exact_match,3988.0
1s,west,False,5,5,71,79,0,-8,0.35306331515312195,better_ukeire,3989.0
west,west,True,4,4,67,67,0,0,0.7177659273147583,exact_match,3990.0
8m,8m,True,4,4,78,78,0,0,0.33300361037254333,exact_match,3991.0
4p,south,False,3,3,44,60,0,-16,0.26384982466697693,better_ukeire,3992.0
8m,8m,True,3,3,43,43,0,0,0.8495259881019592,exact_match,3993.0
5m,5m,True,2,2,17,17,0,0,0.7089155912399292,exact_match,3994.0
south,white,False,1,1,7,8,0,-1,0.5071266293525696,near_equivalent,3995.0
north,white,False,0,0,2,3,0,-1,0.685075581073761,near_equivalent,3996.0
5s,white,False,0,0,2,4,0,-2,0.9280948042869568,near_equivalent,3997.0
7m,7m,True,0,0,2,2,0,0,0.8779650330543518,exact_match,3998.0
7s,white,False,0,0,2,3,0,-1,0.928796648979187,near_equivalent,3999.0
east,east,True,0,0,2,2,0,0,0.700914740562439,exact_match,4000.0
9s,white,False,0,0,2,2,0,0,0.5435556173324585,equivalent,4001.0
4p,4p,True,0,0,2,2,0,0,0.6705901622772217,exact_match,4002.0
west,west,True,2,2,61,61,0,0,0.9672967195510864,exact_match,4003.0
2s,2s,True,3,3,20,20,0,0,0.3741334080696106,exact_match,4004.0
9m,7p,False,2,1,55,12,1,43,0.4450613558292389,better_shanten,4005.0
5p,south,False,3,3,20,20,0,0,0.49421951174736023,equivalent,4006.0
8m,8m,True,2,2,52,52,0,0,0.788582980632782,exact_match,4007.0
5s,2m,False,2,2,13,13,0,0,0.42218950390815735,equivalent,4008.0
7p,7p,True,1,1,26,26,0,0,0.8695521950721741,exact_match,4009.0
2m,2m,True,2,2,13,13,0,0,0.586348831653595,exact_match,4010.0
south,5m,False,2,2,13,12,0,1,0.7206776142120361,near_equivalent,4011.0
green,red,False,2,2,13,12,0,1,0.4150252342224121,near_equivalent,4012.0
south,south,True,4,4,79,79,0,0,0.7799097895622253,exact_match,4013.0
north,north,True,4,4,76,76,0,0,0.6952780485153198,exact_match,4014.0
green,west,False,3,3,31,32,0,-1,0.7284829020500183,near_equivalent,4015.0
white,west,False,2,2,19,20,0,-1,0.4455282390117645,near_equivalent,4016.0
red,white,False,2,2,17,18,0,-1,0.5265551209449768,near_equivalent,4017.0
north,north,True,2,2,17,17,0,0,0.5044844746589661,exact_match,4018.0
west,9m,False,1,1,6,6,0,0,0.5002285242080688,equivalent,4019.0
west,west,True,1,1,6,6,0,0,0.5908387899398804,exact_match,4020.0
white,white,True,1,1,17,17,0,0,0.5937508344650269,exact_match,4021.0
9m,9m,True,1,1,16,16,0,0,0.7313879132270813,exact_match,4022.0
1s,1s,True,1,1,16,16,0,0,0.8964272737503052,exact_match,4023.0
5s,3p,False,1,1,15,8,0,7,0.7994260787963867,ukeire_loss,4024.0
6s,north,False,4,4,68,74,0,-6,0.5616811513900757,better_ukeire,4025.0
south,south,True,3,3,47,47,0,0,0.45748090744018555,exact_match,4026.0
6p,north,False,4,3,67,15,1,52,0.2937944233417511,better_shanten,4027.0
east,east,True,2,2,32,32,0,0,0.5085903406143188,exact_match,4028.0
1m,6p,False,4,4,65,72,0,-7,0.5020331144332886,better_ukeire,4029.0
white,white,True,2,2,31,31,0,0,0.5477689504623413,exact_match,4030.0
north,6p,False,4,4,63,61,0,2,0.4972022771835327,near_equivalent,4031.0
green,green,True,2,2,47,47,0,0,0.7050048112869263,exact_match,4032.0
6p,6p,True,4,4,58,58,0,0,0.3442247211933136,exact_match,4033.0
1p,4p,False,2,1,45,11,1,34,0.3416054844856262,better_shanten,4034.0
east,3s,False,3,3,41,25,0,16,0.47685471177101135,ukeire_loss,4035.0
1p,1p,True,1,1,14,14,0,0,0.8522836565971375,exact_match,4036.0
west,3s,False,2,2,33,18,0,15,0.4292278587818146,ukeire_loss,4037.0
4p,4p,True,0,0,7,7,0,0,0.8749527931213379,exact_match,4038.0
green,1p,False,1,1,24,20,0,4,0.5140520930290222,ukeire_loss,4039.0
west,west,True,0,0,7,7,0,0,0.9627102017402649,exact_match,4040.0
6p,6p,True,1,1,24,24,0,0,0.5769206285476685,exact_match,4041.0
red,red,True,3,3,54,54,0,0,0.8905709385871887,exact_match,4042.0
white,white,True,3,3,54,54,0,0,0.902603268623352,exact_match,4043.0
8p,8p,True,2,2,39,39,0,0,0.8055087327957153,exact_match,4044.0
8p,8p,True,2,2,39,39,0,0,0.9038098454475403,exact_match,4045.0
1p,1p,True,1,1,19,19,0,0,0.64360111951828,exact_match,4046.0
2p,2p,True,1,1,22,22,0,0,0.8189427852630615,exact_match,4047.0
1s,1s,True,1,1,22,22,0,0,0.9916554689407349,exact_match,4048.0
8s,5p,False,1,1,40,22,0,18,0.5928939580917358,ukeire_loss,4049.0
red,north,False,3,3,59,59,0,0,0.6538437008857727,equivalent,4050.0
north,red,False,3,3,57,58,0,-1,0.43887850642204285,near_equivalent,4051.0
2p,red,False,2,2,14,14,0,0,0.8000072240829468,equivalent,4052.0
west,west,True,2,2,14,14,0,0,0.7538169622421265,exact_match,4053.0
red,red,True,2,2,14,14,0,0,0.6714268326759338,exact_match,4054.0
8m,8m,True,1,1,6,6,0,0,0.3775716722011566,exact_match,4055.0
white,white,True,1,1,6,6,0,0,0.90376877784729,exact_match,4056.0
red,red,True,1,1,6,6,0,0,0.8881447315216064,exact_match,4057.0
8s,north,False,2,2,10,10,0,0,0.7092498540878296,equivalent,4058.0
east,east,True,4,4,76,76,0,0,0.7963706851005554,exact_match,4059.0
8p,8p,True,2,2,25,25,0,0,0.5408470034599304,exact_match,4060.0
1m,green,False,3,3,67,71,0,-4,0.5715319514274597,better_ukeire,4061.0
white,5p,False,2,3,24,51,-1,-27,0.33056938648223877,shanten_loss,4062.0
2p,green,False,2,2,18,18,0,0,0.6317704319953918,equivalent,4063.0
north,green,False,2,2,24,24,0,0,0.3813646733760834,equivalent,4064.0
8s,8s,True,2,2,39,39,0,0,0.6640931963920593,exact_match,4065.0
white,white,True,2,2,24,24,0,0,0.7163068056106567,exact_match,4066.0
3m,green,False,1,1,13,23,0,-10,0.8565022349357605,better_ukeire,4067.0
9m,green,False,2,1,31,7,1,24,0.6450712084770203,better_shanten,4068.0
5m,red,False,1,1,12,13,0,-1,0.557285487651825,near_equivalent,4069.0
7m,5s,False,2,2,37,30,0,7,0.390127032995224,ukeire_loss,4070.0
red,red,True,1,1,14,14,0,0,0.4022385776042938,exact_match,4071.0
4m,green,False,2,1,37,8,1,29,0.24233300983905792,better_shanten,4072.0
east,east,True,1,1,14,14,0,0,0.8103274703025818,exact_match,4073.0
1m,1m,True,2,2,37,37,0,0,0.23778262734413147,exact_match,4074.0
green,south,False,4,4,26,26,0,0,0.5889634490013123,equivalent,4075.0
east,east,True,4,4,93,93,0,0,0.3772810101509094,exact_match,4076.0
south,south,True,3,3,72,72,0,0,0.5495316982269287,exact_match,4077.0
1m,1m,True,3,3,70,70,0,0,0.7002943754196167,exact_match,4078.0
2s,2s,True,2,2,50,50,0,0,0.30976438522338867,exact_match,4079.0
3p,8p,False,1,1,11,8,0,3,0.5011482238769531,ukeire_loss,4080.0
west,west,True,3,3,44,44,0,0,0.917707085609436,exact_match,4081.0
south,east,False,4,4,64,65,0,-1,0.6339225769042969,near_equivalent,4082.0
white,red,False,2,2,20,20,0,0,0.5156674981117249,equivalent,4083.0
east,east,True,4,4,63,63,0,0,0.6382307410240173,exact_match,4084.0
7p,red,False,2,2,20,20,0,0,0.8582774996757507,equivalent,4085.0
green,green,True,3,3,28,28,0,0,0.3652772307395935,exact_match,4086.0
green,green,True,2,2,19,19,0,0,0.9198448657989502,exact_match,4087.0
west,9m,False,3,3,27,28,0,-1,0.56898432970047,near_equivalent,4088.0
2p,2p,True,2,2,18,18,0,0,0.7457700371742249,exact_match,4089.0
8s,2p,False,2,2,15,15,0,0,0.719365656375885,equivalent,4090.0
2s,2s,True,2,2,18,18,0,0,0.7840815782546997,exact_match,4091.0
2p,2p,True,2,2,18,18,0,0,0.8708907961845398,exact_match,4092.0
2s,2s,True,2,2,18,18,0,0,0.8230721354484558,exact_match,4093.0
green,green,True,2,2,18,18,0,0,0.8641955852508545,exact_match,4094.0
7m,7m,True,2,2,18,18,0,0,0.5497341752052307,exact_match,4095.0
8p,1m,False,2,2,16,23,0,-7,0.21785181760787964,better_ukeire,4096.0
8s,8s,True,2,2,16,16,0,0,0.40716060996055603,exact_match,4097.0
2p,2p,True,2,2,15,15,0,0,0.7626063823699951,exact_match,4098.0
9s,9s,True,2,2,29,29,0,0,0.7236746549606323,exact_match,4099.0
9p,9p,True,2,2,31,31,0,0,0.5411430597305298,exact_match,4100.0
5s,1m,False,2,1,29,8,1,21,0.4745613932609558,better_shanten,4101.0
1m,1m,True,1,1,14,14,0,0,0.6576693058013916,exact_match,4102.0
6s,1m,False,2,1,25,4,1,21,0.6543772220611572,better_shanten,4103.0
1m,1m,True,0,0,4,4,0,0,0.9834917187690735,exact_match,4104.0
7s,7s,True,2,2,22,22,0,0,0.6929806470870972,exact_match,4105.0
1s,1s,True,0,0,4,4,0,0,0.998515784740448,exact_match,4106.0
9m,south,False,3,2,25,20,1,5,0.502144992351532,better_shanten,4107.0
8m,8m,True,0,0,4,4,0,0,0.9937665462493896,exact_match,4108.0
9m,6s,False,3,3,27,24,0,3,0.36765843629837036,ukeire_loss,4109.0
west,west,True,0,0,4,4,0,0,0.9983246922492981,exact_match,4110.0
2s,2s,True,3,3,26,26,0,0,0.48567062616348267,exact_match,4111.0
1s,1s,True,0,0,4,4,0,0,0.998766303062439,exact_match,4112.0
south,south,True,2,2,21,21,0,0,0.5627217292785645,exact_match,4113.0
6m,6m,True,0,0,4,4,0,0,0.9883556365966797,exact_match,4114.0
8m,8m,True,2,2,20,20,0,0,0.508974015712738,exact_match,4115.0
east,east,True,2,2,16,16,0,0,0.79728102684021,exact_match,4116.0
red,red,True,2,2,15,15,0,0,0.9002053141593933,exact_match,4117.0
6s,3s,False,2,2,19,19,0,0,0.6846506595611572,equivalent,4118.0
8s,3s,False,1,1,11,11,0,0,0.49854975938796997,equivalent,4119.0
4m,4m,True,1,1,11,11,0,0,0.5771385431289673,exact_match,4120.0
3s,3s,True,1,1,14,14,0,0,0.5676023364067078,exact_match,4121.0
green,green,True,1,1,14,14,0,0,0.7914966940879822,exact_match,4122.0
white,white,True,4,4,27,27,0,0,0.3738337457180023,exact_match,4123.0
south,south,True,4,4,82,82,0,0,0.6009804606437683,exact_match,4124.0
green,green,True,3,3,62,62,0,0,0.6899622678756714,exact_match,4125.0
red,red,True,2,2,51,51,0,0,0.6981694102287292,exact_match,4126.0
3p,8p,False,1,1,11,11,0,0,0.8766083717346191,equivalent,4127.0
5p,8p,False,1,1,11,11,0,0,0.6238686442375183,equivalent,4128.0
south,west,False,4,4,67,67,0,0,0.4840569496154785,equivalent,4129.0
east,east,True,3,3,40,40,0,0,0.5052779912948608,exact_match,4130.0
south,south,True,4,4,65,65,0,0,0.5123085975646973,exact_match,4131.0
south,south,True,2,2,27,27,0,0,0.8871651887893677,exact_match,4132.0
west,west,True,3,3,62,62,0,0,0.45509588718414307,exact_match,4133.0
8m,8m,True,1,1,13,13,0,0,0.36049598455429077,exact_match,4134.0
white,white,True,3,3,61,61,0,0,0.48547133803367615,exact_match,4135.0
7s,7s,True,1,1,13,13,0,0,0.6748251914978027,exact_match,4136.0
9p,9p,True,3,3,72,72,0,0,0.4840554893016815,exact_match,4137.0
3p,1m,False,1,1,13,19,0,-6,0.36335158348083496,better_ukeire,4138.0
1m,1m,True,3,3,69,69,0,0,0.7609845399856567,exact_match,4139.0
1m,1m,True,0,0,4,4,0,0,0.8601292371749878,exact_match,4140.0
5p,green,False,2,2,14,14,0,0,0.5189976692199707,equivalent,4141.0
north,north,True,0,0,4,4,0,0,0.9444754719734192,exact_match,4142.0
8m,8m,True,2,2,14,14,0,0,0.6112127304077148,exact_match,4143.0
4s,4s,True,0,0,4,4,0,0,0.5804087519645691,exact_match,4144.0
1s,1s,True,3,3,20,20,0,0,0.5038767457008362,exact_match,4145.0
8s,8s,True,2,2,14,14,0,0,0.2731512188911438,exact_match,4146.0
north,north,True,3,3,20,20,0,0,0.5519225597381592,exact_match,4147.0
north,north,True,2,2,14,14,0,0,0.30289098620414734,exact_match,4148.0
9s,1p,False,3,3,20,20,0,0,0.5939409732818604,equivalent,4149.0
6s,east,False,2,2,14,14,0,0,0.3732597827911377,equivalent,4150.0
1p,1p,True,2,2,16,16,0,0,0.7892555594444275,exact_match,4151.0
east,3s,False,1,1,8,8,0,0,0.8263369798660278,equivalent,4152.0
white,white,True,2,2,16,16,0,0,0.5253139138221741,exact_match,4153.0
3s,3s,True,2,2,22,22,0,0,0.8182793855667114,exact_match,4154.0
9p,green,False,2,2,16,16,0,0,0.38903284072875977,equivalent,4155.0
7m,7m,True,2,2,22,22,0,0,0.899229884147644,exact_match,4156.0
green,9p,False,2,3,23,45,-1,-22,0.4218575954437256,shanten_loss,4157.0
south,red,False,1,1,18,19,0,-1,0.7902572154998779,near_equivalent,4158.0
1s,1s,True,2,2,23,23,0,0,0.8165745139122009,exact_match,4159.0
1m,1m,True,1,1,18,18,0,0,0.9071036577224731,exact_match,4160.0
8s,8s,True,1,1,18,18,0,0,0.8800284266471863,exact_match,4161.0
1m,1m,True,1,1,18,18,0,0,0.895643413066864,exact_match,4162.0
2s,2s,True,1,1,18,18,0,0,0.7572575807571411,exact_match,4163.0
6m,6m,True,1,1,17,17,0,0,0.7549102902412415,exact_match,4164.0
3p,3p,True,0,0,3,3,0,0,0.6713003516197205,exact_match,4165.0
4s,4s,True,0,0,3,3,0,0,0.9521991610527039,exact_match,4166.0
white,white,True,0,0,3,3,0,0,0.9896618127822876,exact_match,4167.0
white,west,False,3,3,59,59,0,0,0.5433279275894165,equivalent,4168.0
west,west,True,2,2,13,13,0,0,0.6938273310661316,exact_match,4169.0
8m,8m,True,2,2,30,30,0,0,0.5831811428070068,exact_match,4170.0
6p,6p,True,1,1,13,13,0,0,0.9153690934181213,exact_match,4171.0
8p,8p,True,1,1,13,13,0,0,0.9906291365623474,exact_match,4172.0
5s,5s,True,0,0,7,7,0,0,0.7608203291893005,exact_match,4173.0
5m,5m,True,0,0,7,7,0,0,0.9258454442024231,exact_match,4174.0
north,west,False,3,3,46,46,0,0,0.43952950835227966,equivalent,4175.0
north,north,True,4,4,73,73,0,0,0.9444405436515808,exact_match,4176.0
1p,west,False,3,3,54,62,0,-8,0.5960750579833984,better_ukeire,4177.0
south,green,False,3,3,62,61,0,1,0.348744660615921,near_equivalent,4178.0
west,west,True,2,2,19,19,0,0,0.8782080411911011,exact_match,4179.0
red,green,False,3,3,70,70,0,0,0.4389326572418213,equivalent,4180.0
1p,1p,True,2,2,18,18,0,0,0.8771185874938965,exact_match,4181.0
red,red,True,3,3,70,70,0,0,0.7450238466262817,exact_match,4182.0
east,east,True,2,2,22,22,0,0,0.78343665599823,exact_match,4183.0
north,north,True,3,3,70,70,0,0,0.7915980219841003,exact_match,4184.0
5m,5m,True,2,2,26,26,0,0,0.38419678807258606,exact_match,4185.0
green,green,True,2,2,19,19,0,0,0.44928690791130066,exact_match,4186.0
5s,9m,False,1,1,15,15,0,0,0.3598885238170624,equivalent,4187.0
8s,8s,True,2,2,32,32,0,0,0.4561901092529297,exact_match,4188.0
1s,1s,True,1,1,15,15,0,0,0.7897000908851624,exact_match,4189.0
2p,2p,True,2,2,31,31,0,0,0.819561779499054,exact_match,4190.0
1s,1s,True,1,1,14,14,0,0,0.7621813416481018,exact_match,4191.0
5p,5p,True,1,1,10,10,0,0,0.5446776151657104,exact_match,4192.0
east,east,True,1,1,13,13,0,0,0.9560486674308777,exact_match,4193.0
9p,9p,True,1,1,10,10,0,0,0.896787166595459,exact_match,4194.0
2s,2s,True,1,1,13,13,0,0,0.30367499589920044,exact_match,4195.0
1s,west,False,2,1,36,9,1,27,0.696995735168457,better_shanten,4196.0
4m,7s,False,1,1,19,16,0,3,0.42828965187072754,ukeire_loss,4197.0
7s,9s,False,3,2,43,35,1,8,0.24569520354270935,better_shanten,4198.0
north,north,True,1,1,17,17,0,0,0.7987247109413147,exact_match,4199.0
9s,9s,True,2,2,15,15,0,0,0.7716652154922485,exact_match,4200.0
8s,9s,False,3,2,37,14,1,23,0.901671290397644,better_shanten,4201.0
east,east,True,3,3,73,73,0,0,0.7441340088844299,exact_match,4202.0
1m,1s,False,3,2,72,12,1,60,0.894690752029419,better_shanten,4203.0
south,1s,False,3,3,69,66,0,3,0.473603755235672,ukeire_loss,4204.0
7m,1s,False,2,2,44,47,0,-3,0.9176318049430847,better_ukeire,4205.0
1s,1s,True,1,1,10,10,0,0,0.9153233170509338,exact_match,4206.0
7p,5s,False,1,1,16,20,0,-4,0.6356633901596069,better_ukeire,4207.0
8s,2p,False,1,1,16,16,0,0,0.8524749279022217,equivalent,4208.0
2p,2p,True,0,0,4,4,0,0,0.8464268445968628,exact_match,4209.0
6m,6m,True,0,0,4,4,0,0,0.94980788230896,exact_match,4210.0
2m,2m,True,0,0,4,4,0,0,0.8934266567230225,exact_match,4211.0
north,north,True,0,0,4,4,0,0,0.9933627843856812,exact_match,4212.0
1m,1m,True,0,0,4,4,0,0,0.974470317363739,exact_match,4213.0
3m,3m,True,0,0,4,4,0,0,0.9685564041137695,exact_match,4214.0
9m,9m,True,0,0,4,4,0,0,0.9949942231178284,exact_match,4215.0
west,west,True,2,2,31,31,0,0,0.8897382616996765,exact_match,4216.0
2m,red,False,2,2,14,30,0,-16,0.7676445841789246,better_ukeire,4217.0
red,red,True,2,2,16,16,0,0,0.8516111373901367,exact_match,4218.0
6m,6m,True,2,2,16,16,0,0,0.7091923356056213,exact_match,4219.0
north,north,True,2,2,15,15,0,0,0.8215470314025879,exact_match,4220.0
white,white,True,2,2,15,15,0,0,0.8802915215492249,exact_match,4221.0
3s,1p,False,2,2,20,21,0,-1,0.44378817081451416,near_equivalent,4222.0
9p,3s,False,3,2,27,19,1,8,0.3980686366558075,better_shanten,4223.0
1s,3s,False,2,2,19,19,0,0,0.4387286603450775,equivalent,4224.0
3m,south,False,3,2,53,19,1,34,0.6380971670150757,better_shanten,4225.0
south,south,True,2,2,50,50,0,0,0.6791749000549316,exact_match,4226.0
white,1m,False,4,4,34,33,0,1,0.3748486638069153,near_equivalent,4227.0
south,east,False,4,4,69,69,0,0,0.34810882806777954,equivalent,4228.0
north,north,True,4,4,34,34,0,0,0.5218889713287354,exact_match,4229.0
1m,1p,False,4,4,72,68,0,4,0.6002117991447449,ukeire_loss,4230.0
1m,1m,True,3,3,19,19,0,0,0.6209182143211365,exact_match,4231.0
1p,1p,True,3,3,20,20,0,0,0.7511138916015625,exact_match,4232.0
9s,9s,True,3,3,19,19,0,0,0.7717549800872803,exact_match,4233.0
east,east,True,3,3,23,23,0,0,0.7921395301818848,exact_match,4234.0
1s,1s,True,2,2,11,11,0,0,0.44841834902763367,exact_match,4235.0
9m,red,False,3,3,20,23,0,-3,0.8951425552368164,better_ukeire,4236.0
9p,9p,True,2,2,11,11,0,0,0.8082119226455688,exact_match,4237.0
9m,red,False,3,3,19,22,0,-3,0.3407922387123108,better_ukeire,4238.0
9p,9p,True,2,2,11,11,0,0,0.7864180207252502,exact_match,4239.0
9s,red,False,3,3,23,27,0,-4,0.42618876695632935,better_ukeire,4240.0
east,east,True,2,2,15,15,0,0,0.40274351835250854,exact_match,4241.0
2s,3m,False,3,2,50,14,1,36,0.34451618790626526,better_shanten,4242.0
west,west,True,2,2,33,33,0,0,0.5225195288658142,exact_match,4243.0
red,1s,False,2,2,19,19,0,0,0.501200795173645,equivalent,4244.0
2p,south,False,2,2,33,33,0,0,0.8949794173240662,equivalent,4245.0
1s,1s,True,2,2,21,21,0,0,0.6734743714332581,exact_match,4246.0
south,south,True,2,2,33,33,0,0,0.8738295435905457,exact_match,4247.0
green,7m,False,2,1,46,6,1,40,0.7187326550483704,better_shanten,4248.0
green,green,True,2,2,55,55,0,0,0.894000232219696,exact_match,4249.0
6p,6s,False,1,2,13,52,-1,-39,0.4327174723148346,shanten_loss,4250.0
7m,7m,True,0,0,7,7,0,0,0.5807895064353943,exact_match,4251.0
9s,9s,True,0,0,7,7,0,0,0.8315873146057129,exact_match,4252.0
6p,6p,True,3,3,36,36,0,0,0.4407046139240265,exact_match,4253.0
south,south,True,0,0,7,7,0,0,0.9583514928817749,exact_match,4254.0
north,8m,False,3,3,43,37,0,6,0.517607569694519,ukeire_loss,4255.0
green,green,True,3,3,67,67,0,0,0.6215659976005554,exact_match,4256.0
red,red,True,3,3,78,78,0,0,0.9602787494659424,exact_match,4257.0
8p,3m,False,2,2,57,54,0,3,0.5126297473907471,ukeire_loss,4258.0
7m,3m,False,1,1,14,14,0,0,0.7986560463905334,equivalent,4259.0
8p,green,False,3,2,32,10,1,22,0.4449280798435211,better_shanten,4260.0
6p,6p,True,2,2,24,24,0,0,0.7366337180137634,exact_match,4261.0
9p,9p,True,2,2,18,18,0,0,0.4506697356700897,exact_match,4262.0
7s,west,False,1,1,12,18,0,-6,0.7583352327346802,better_ukeire,4263.0
8m,white,False,3,2,32,20,1,12,0.41377273201942444,better_shanten,4264.0
west,west,True,0,0,4,4,0,0,0.8856707215309143,exact_match,4265.0
9m,9m,True,3,3,36,36,0,0,0.4850445091724396,exact_match,4266.0
1s,1s,True,0,0,4,4,0,0,0.9869757294654846,exact_match,4267.0
white,south,False,3,3,35,34,0,1,0.5310134291648865,near_equivalent,4268.0
green,green,True,0,0,4,4,0,0,0.9870801568031311,exact_match,4269.0
south,south,True,3,3,37,37,0,0,0.34687116742134094,exact_match,4270.0
south,south,True,4,4,56,56,0,0,0.849888265132904,exact_match,4271.0
east,east,True,4,4,53,53,0,0,0.7022973895072937,exact_match,4272.0
green,west,False,3,3,20,23,0,-3,0.6103734970092773,better_ukeire,4273.0
red,west,False,2,2,14,17,0,-3,0.5339993238449097,better_ukeire,4274.0
west,west,True,1,1,10,10,0,0,0.6134719848632812,exact_match,4275.0
2p,2p,True,1,1,18,18,0,0,0.8909404277801514,exact_match,4276.0
9m,9m,True,1,1,18,18,0,0,0.9406850934028625,exact_match,4277.0
9s,south,False,3,3,51,57,0,-6,0.7282654047012329,better_ukeire,4278.0
green,south,False,2,2,16,16,0,0,0.6249100565910339,equivalent,4279.0
south,south,True,2,2,16,16,0,0,0.7730275988578796,exact_match,4280.0
2p,2p,True,1,1,8,8,0,0,0.7461446523666382,exact_match,4281.0
green,green,True,1,1,8,8,0,0,0.9781792759895325,exact_match,4282.0
9p,3p,False,2,1,60,8,1,52,0.704525887966156,better_shanten,4283.0
8p,8p,True,1,1,10,10,0,0,0.7643426060676575,exact_match,4284.0
3p,3p,True,0,0,4,4,0,0,0.9445084929466248,exact_match,4285.0
7m,7m,True,0,0,4,4,0,0,0.653663694858551,exact_match,4286.0
4p,4p,True,0,0,4,4,0,0,0.9777722358703613,exact_match,4287.0
7p,7p,True,0,0,4,4,0,0,0.93723464012146,exact_match,4288.0
3s,3s,True,0,0,4,4,0,0,0.8912014365196228,exact_match,4289.0
1m,8s,False,1,0,32,4,1,28,0.4301440417766571,better_shanten,4290.0
east,east,True,1,1,29,29,0,0,0.7692527770996094,exact_match,4291.0
2s,8p,False,1,1,18,27,0,-9,0.9742887020111084,better_ukeire,4292.0
6s,8p,False,1,1,17,24,0,-7,0.931316077709198,better_ukeire,4293.0
4m,4m,True,0,0,4,4,0,0,0.8383702039718628,exact_match,4294.0
9s,2m,False,0,1,4,9,-1,-5,0.6456451416015625,shanten_loss,4295.0
6m,white,False,4,4,70,86,0,-16,0.3654462397098541,better_ukeire,4296.0
3m,3m,True,4,4,68,68,0,0,0.36866092681884766,exact_match,4297.0
7p,white,False,3,3,36,41,0,-5,0.39069706201553345,better_ukeire,4298.0
2m,2m,True,3,3,35,35,0,0,0.7031025290489197,exact_match,4299.0
5m,5m,True,3,3,35,35,0,0,0.5681067705154419,exact_match,4300.0
green,9m,False,3,3,36,34,0,2,0.6088485717773438,near_equivalent,4301.0
9m,9m,True,2,2,16,16,0,0,0.43320733308792114,exact_match,4302.0
5p,white,False,2,1,31,8,1,23,0.42662838101387024,better_shanten,4303.0
5m,5m,True,2,2,27,27,0,0,0.6929003596305847,exact_match,4304.0
9m,9m,True,2,2,27,27,0,0,0.802943766117096,exact_match,4305.0
1m,white,False,2,2,26,30,0,-4,0.490348756313324,better_ukeire,4306.0
3p,9s,False,1,1,8,16,0,-8,0.4989071488380432,better_ukeire,4307.0
1p,1p,True,1,1,7,7,0,0,0.7612670063972473,exact_match,4308.0
4m,4m,True,1,1,7,7,0,0,0.421809583902359,exact_match,4309.0
9s,9s,True,0,0,3,3,0,0,0.9266601800918579,exact_match,4310.0
9m,south,False,3,3,52,61,0,-9,0.4739331901073456,better_ukeire,4311.0
south,south,True,3,3,52,52,0,0,0.5658907890319824,exact_match,4312.0
green,green,True,2,2,25,25,0,0,0.5515900254249573,exact_match,4313.0
8p,red,False,2,2,36,47,0,-11,0.657489001750946,better_ukeire,4314.0
3m,red,False,2,1,40,10,1,30,0.7857568264007568,better_shanten,4315.0
5m,green,False,2,2,23,38,0,-15,0.779623806476593,better_ukeire,4316.0
green,green,True,1,1,15,15,0,0,0.5863194465637207,exact_match,4317.0
red,east,False,1,1,13,14,0,-1,0.8327134847640991,near_equivalent,4318.0
east,south,False,1,1,12,13,0,-1,0.8357839584350586,near_equivalent,4319.0
south,south,True,0,0,2,2,0,0,0.9730616807937622,exact_match,4320.0
9s,9s,True,5,5,78,78,0,0,0.5234650373458862,exact_match,4321.0
6s,west,False,5,5,64,76,0,-12,0.624870240688324,better_ukeire,4322.0
8p,8p,True,5,5,64,64,0,0,0.2690439224243164,exact_match,4323.0
2s,2m,False,4,4,44,39,0,5,0.2688153386116028,ukeire_loss,4324.0
5s,5s,True,4,4,42,42,0,0,0.8244178295135498,exact_match,4325.0
2m,2m,True,4,4,42,42,0,0,0.36138057708740234,exact_match,4326.0
east,red,False,4,3,38,16,1,22,0.20774811506271362,better_shanten,4327.0
east,9p,False,4,4,41,35,0,6,0.2753652036190033,ukeire_loss,4328.0
south,9p,False,4,4,38,33,0,5,0.3452860116958618,ukeire_loss,4329.0
6p,9p,False,4,4,37,42,0,-5,0.5272648930549622,better_ukeire,4330.0
9p,9p,True,3,3,25,25,0,0,0.6194528341293335,exact_match,4331.0
white,red,False,2,2,14,14,0,0,0.47767943143844604,equivalent,4332.0
red,red,True,2,2,14,14,0,0,0.625876247882843,exact_match,4333.0
2m,west,False,1,2,4,26,-1,-22,0.44331350922584534,shanten_loss,4334.0
9s,9s,True,2,2,20,20,0,0,0.9376689791679382,exact_match,4335.0
9p,south,False,4,4,55,62,0,-7,0.42426109313964844,better_ukeire,4336.0
2s,2s,True,2,2,24,24,0,0,0.9469876885414124,exact_match,4337.0
1m,1m,True,3,3,35,35,0,0,0.37470197677612305,exact_match,4338.0
9p,9p,True,2,2,24,24,0,0,0.9956268072128296,exact_match,4339.0
9s,9s,True,3,3,25,25,0,0,0.5617936849594116,exact_match,4340.0
west,west,True,1,1,12,12,0,0,0.43199896812438965,exact_match,4341.0
east,north,False,2,2,15,15,0,0,0.3230063021183014,equivalent,4342.0
7m,7m,True,1,1,12,12,0,0,0.7678365111351013,exact_match,4343.0
south,north,False,1,1,8,8,0,0,0.49152830243110657,equivalent,4344.0
7s,7s,True,1,1,12,12,0,0,0.8903658986091614,exact_match,4345.0
north,north,True,1,1,10,10,0,0,0.5234286189079285,exact_match,4346.0
2p,west,False,1,1,12,12,0,0,0.5507609248161316,equivalent,4347.0
2m,2m,True,1,1,10,10,0,0,0.9501280188560486,exact_match,4348.0
6p,6p,True,1,1,11,11,0,0,0.6269894242286682,exact_match,4349.0
9m,9m,True,1,1,10,10,0,0,0.8417834043502808,exact_match,4350.0
south,west,False,3,3,42,42,0,0,0.40728360414505005,equivalent,4351.0
west,west,True,2,2,12,12,0,0,0.49324890971183777,exact_match,4352.0
red,9p,False,2,2,23,22,0,1,0.5150793790817261,near_equivalent,4353.0
9p,9p,True,2,2,30,30,0,0,0.9440984129905701,exact_match,4354.0
6s,5p,False,1,1,12,10,0,2,0.27816933393478394,near_equivalent,4355.0
5s,5s,True,1,1,12,12,0,0,0.26461002230644226,exact_match,4356.0
5p,5p,True,0,0,4,4,0,0,0.8225665092468262,exact_match,4357.0
6s,6s,True,0,0,4,4,0,0,0.9555267095565796,exact_match,4358.0
3s,3s,True,0,0,4,4,0,0,0.8868809938430786,exact_match,4359.0
west,west,True,3,3,54,54,0,0,0.8758096098899841,exact_match,4360.0
1s,1s,True,3,3,57,57,0,0,0.5568534731864929,exact_match,4361.0
1m,green,False,3,3,66,68,0,-2,0.7392269968986511,near_equivalent,4362.0
green,white,False,3,3,65,65,0,0,0.5565404295921326,equivalent,4363.0
3s,3s,True,2,2,20,20,0,0,0.4341667890548706,exact_match,4364.0
white,white,True,2,2,17,17,0,0,0.5828697085380554,exact_match,4365.0
9p,9m,False,2,2,23,22,0,1,0.6395307183265686,near_equivalent,4366.0
7s,7s,True,1,1,11,11,0,0,0.7074517607688904,exact_match,4367.0
7p,7p,True,1,1,16,16,0,0,0.5279426574707031,exact_match,4368.0
9m,9m,True,0,0,8,8,0,0,0.9592176675796509,exact_match,4369.0
4p,4p,True,0,0,7,7,0,0,0.9252406358718872,exact_match,4370.0
9s,9s,True,0,0,8,8,0,0,0.9930583238601685,exact_match,4371.0
7p,7p,True,0,0,7,7,0,0,0.9283115863800049,exact_match,4372.0
9s,9s,True,0,0,8,8,0,0,0.9951074123382568,exact_match,4373.0
4s,4s,True,0,0,7,7,0,0,0.6709935069084167,exact_match,4374.0
south,south,True,0,0,8,8,0,0,0.9900189638137817,exact_match,4375.0
west,west,True,0,0,7,7,0,0,0.9969310760498047,exact_match,4376.0
5p,5p,True,0,0,8,8,0,0,0.9942711591720581,exact_match,4377.0
4s,4s,True,0,0,7,7,0,0,0.5260564088821411,exact_match,4378.0
south,south,True,0,0,8,8,0,0,0.9957311749458313,exact_match,4379.0
9p,9p,True,0,0,7,7,0,0,0.9339655637741089,exact_match,4380.0
red,red,True,0,0,8,8,0,0,0.9839302897453308,exact_match,4381.0
west,west,True,0,0,7,7,0,0,0.9974501729011536,exact_match,4382.0
1p,1p,True,0,0,8,8,0,0,0.9954769015312195,exact_match,4383.0
white,white,True,0,0,7,7,0,0,0.992961585521698,exact_match,4384.0
7s,7s,True,0,0,7,7,0,0,0.9528198838233948,exact_match,4385.0
9s,9s,True,0,0,8,8,0,0,0.9970924854278564,exact_match,4386.0
9p,north,False,3,3,64,68,0,-4,0.6358981728553772,better_ukeire,4387.0
1s,north,False,3,2,76,11,1,65,0.9678723812103271,better_shanten,4388.0
white,north,False,3,3,76,76,0,0,0.489636093378067,equivalent,4389.0
north,north,True,2,2,22,22,0,0,0.8238525986671448,exact_match,4390.0
5p,5p,True,1,1,18,18,0,0,0.7174457311630249,exact_match,4391.0
7p,7p,True,1,1,18,18,0,0,0.9311602711677551,exact_match,4392.0
9p,north,False,4,4,69,69,0,0,0.37786683440208435,equivalent,4393.0
north,1s,False,3,3,69,65,0,4,0.47272828221321106,ukeire_loss,4394.0
east,north,False,4,4,67,68,0,-1,0.41456878185272217,near_equivalent,4395.0
green,green,True,3,3,69,69,0,0,0.5506206154823303,exact_match,4396.0
south,north,False,3,3,54,55,0,-1,0.579257607460022,near_equivalent,4397.0
1s,9p,False,2,2,20,20,0,0,0.5524413585662842,equivalent,4398.0
north,north,True,2,2,26,26,0,0,0.5137238502502441,exact_match,4399.0
red,9p,False,3,2,58,24,1,34,0.9411020278930664,better_shanten,4400.0
white,white,True,2,2,26,26,0,0,0.47017955780029297,exact_match,4401.0
red,north,False,3,3,56,58,0,-2,0.6286889314651489,near_equivalent,4402.0
1m,4s,False,1,1,14,18,0,-4,0.4196685254573822,better_ukeire,4403.0
1m,9p,False,3,3,55,62,0,-7,0.47374123334884644,better_ukeire,4404.0
4s,4s,True,0,0,7,7,0,0,0.8169423937797546,exact_match,4405.0
north,north,True,2,2,22,22,0,0,0.6561263203620911,exact_match,4406.0
1s,3p,False,1,0,11,7,1,4,0.9858844876289368,better_shanten,4407.0
2p,5s,False,1,1,14,11,0,3,0.3468989431858063,ukeire_loss,4408.0
1s,1s,True,1,1,10,10,0,0,0.47929513454437256,exact_match,4409.0
3m,9m,False,2,1,46,14,1,32,0.6763548851013184,better_shanten,4410.0
south,3s,False,1,1,12,10,0,2,0.7701780796051025,near_equivalent,4411.0
4p,1m,False,2,1,15,13,1,2,0.6964171528816223,better_shanten,4412.0
east,9s,False,4,4,58,58,0,0,0.6441383957862854,equivalent,4413.0
9s,9s,True,3,3,40,40,0,0,0.7085432410240173,exact_match,4414.0
9m,9m,True,3,3,41,41,0,0,0.42976588010787964,exact_match,4415.0
2p,9p,False,2,3,12,39,-1,-27,0.40261128544807434,shanten_loss,4416.0
green,green,True,2,2,16,16,0,0,0.4854430854320526,exact_match,4417.0
white,white,True,2,2,15,15,0,0,0.6138646006584167,exact_match,4418.0
red,red,True,2,2,21,21,0,0,0.4197983145713806,exact_match,4419.0
3m,6m,False,2,2,20,27,0,-7,0.30545827746391296,better_ukeire,4420.0
9p,6p,False,2,2,19,19,0,0,0.42093294858932495,equivalent,4421.0
west,west,True,3,3,26,26,0,0,0.697608232498169,exact_match,4422.0
south,south,True,2,2,21,21,0,0,0.8126211762428284,exact_match,4423.0
1p,south,False,2,2,12,12,0,0,0.527040421962738,equivalent,4424.0
white,white,True,2,2,21,21,0,0,0.5419737696647644,exact_match,4425.0
9m,south,False,1,1,8,8,0,0,0.6863675713539124,equivalent,4426.0
green,green,True,2,2,39,39,0,0,0.9753012657165527,exact_match,4427.0
south,south,True,0,0,4,4,0,0,0.9794749021530151,exact_match,4428.0
red,red,True,2,2,39,39,0,0,0.9776796698570251,exact_match,4429.0
8m,8m,True,0,0,8,8,0,0,0.8744490146636963,exact_match,4430.0
5s,5s,True,1,1,12,12,0,0,0.6043787002563477,exact_match,4431.0
4s,4s,True,0,0,8,8,0,0,0.9682263135910034,exact_match,4432.0
1s,3s,False,1,1,12,12,0,0,0.4776305854320526,equivalent,4433.0
2s,2s,True,0,0,8,8,0,0,0.8096404671669006,exact_match,4434.0
5s,5s,True,1,1,11,11,0,0,0.8355004787445068,exact_match,4435.0
3m,3m,True,0,0,8,8,0,0,0.9245467782020569,exact_match,4436.0
7p,7p,True,1,1,10,10,0,0,0.8472170829772949,exact_match,4437.0
5m,5m,True,0,0,8,8,0,0,0.8401033282279968,exact_match,4438.0
9m,9m,True,0,0,8,8,0,0,0.9941300749778748,exact_match,4439.0
9p,2p,False,1,0,12,8,1,4,0.9615064263343811,better_shanten,4440.0
9p,9p,True,1,1,12,12,0,0,0.5813469290733337,exact_match,4441.0
east,west,False,4,4,78,78,0,0,0.4813934862613678,equivalent,4442.0
west,west,True,3,3,26,26,0,0,0.8781856894493103,exact_match,4443.0
south,south,True,3,3,26,26,0,0,0.7845082879066467,exact_match,4444.0
1m,south,False,3,3,66,70,0,-4,0.479412704706192,better_ukeire,4445.0
9m,9m,True,2,2,14,14,0,0,0.5983070135116577,exact_match,4446.0
south,south,True,2,2,14,14,0,0,0.6305908560752869,exact_match,4447.0
white,white,True,2,2,14,14,0,0,0.9025625586509705,exact_match,4448.0
3m,west,False,4,4,63,76,0,-13,0.3157236576080322,better_ukeire,4449.0
3p,3p,True,2,2,35,35,0,0,0.5380128622055054,exact_match,4450.0
8s,south,False,3,3,29,31,0,-2,0.28241249918937683,near_equivalent,4451.0
2s,2s,True,2,2,38,38,0,0,0.4172094166278839,exact_match,4452.0
8p,8p,True,3,3,28,28,0,0,0.730380117893219,exact_match,4453.0
3p,3p,True,2,2,36,36,0,0,0.5588263273239136,exact_match,4454.0
west,west,True,3,3,45,45,0,0,0.3301399052143097,exact_match,4455.0
1s,1s,True,1,1,14,14,0,0,0.8951831459999084,exact_match,4456.0
9p,9p,True,3,3,44,44,0,0,0.6099351048469543,exact_match,4457.0
north,north,True,1,1,14,14,0,0,0.8398711681365967,exact_match,4458.0
2p,south,False,3,2,45,16,1,29,0.45340508222579956,better_shanten,4459.0
5m,5m,True,0,0,5,5,0,0,0.8413065075874329,exact_match,4460.0
9p,9p,True,3,3,44,44,0,0,0.4786171615123749,exact_match,4461.0
5p,5p,True,0,0,5,5,0,0,0.8055090308189392,exact_match,4462.0
2m,2m,True,3,3,43,43,0,0,0.49729683995246887,exact_match,4463.0
north,north,True,0,0,5,5,0,0,0.9917430281639099,exact_match,4464.0
1p,1s,False,2,2,15,16,0,-1,0.41655397415161133,near_equivalent,4465.0
9m,9m,True,0,0,5,5,0,0,0.9944682121276855,exact_match,4466.0
2m,2m,True,2,2,15,15,0,0,0.6258780360221863,exact_match,4467.0
8p,8p,True,0,0,5,5,0,0,0.906679630279541,exact_match,4468.0
9m,9m,True,2,2,15,15,0,0,0.6241897344589233,exact_match,4469.0
2s,2s,True,0,0,5,5,0,0,0.9763303399085999,exact_match,4470.0
south,south,True,3,3,55,55,0,0,0.5620326995849609,exact_match,4471.0
east,east,True,3,3,64,64,0,0,0.4130967855453491,exact_match,4472.0
green,green,True,2,2,19,19,0,0,0.38536426424980164,exact_match,4473.0
9p,1p,False,2,2,33,33,0,0,0.5534130930900574,equivalent,4474.0
1p,1p,True,1,1,12,12,0,0,0.8362897038459778,exact_match,4475.0
9m,9m,True,1,1,28,28,0,0,0.5062437653541565,exact_match,4476.0
white,east,False,3,3,58,58,0,0,0.47181040048599243,equivalent,4477.0
1p,1p,True,3,3,66,66,0,0,0.4242919385433197,exact_match,4478.0
9s,9s,True,2,2,48,48,0,0,0.5092600584030151,exact_match,4479.0
east,east,True,1,1,7,7,0,0,0.6750526428222656,exact_match,4480.0
green,green,True,1,1,7,7,0,0,0.8815798759460449,exact_match,4481.0
8m,8m,True,1,1,13,13,0,0,0.667982816696167,exact_match,4482.0
white,white,True,2,2,27,27,0,0,0.8516880869865417,exact_match,4483.0
3p,8s,False,1,1,20,14,0,6,0.3248560428619385,ukeire_loss,4484.0
north,west,False,4,4,26,26,0,0,0.36291709542274475,equivalent,4485.0
south,south,True,4,4,25,25,0,0,0.3689262568950653,exact_match,4486.0
north,north,True,4,4,24,24,0,0,0.4708952009677887,exact_match,4487.0
9s,9s,True,4,4,25,25,0,0,0.5950030088424683,exact_match,4488.0
9p,9p,True,4,4,24,24,0,0,0.8715580105781555,exact_match,4489.0
west,red,False,4,4,67,69,0,-2,0.49362000823020935,near_equivalent,4490.0
green,red,False,3,3,58,59,0,-1,0.4305659234523773,near_equivalent,4491.0
red,red,True,2,2,48,48,0,0,0.6948640942573547,exact_match,4492.0
9s,9s,True,2,2,46,46,0,0,0.8734639286994934,exact_match,4493.0
2p,6p,False,1,1,33,25,0,8,0.49305668473243713,ukeire_loss,4494.0
2p,2p,True,1,1,33,33,0,0,0.8130592703819275,exact_match,4495.0
6p,6p,True,1,1,27,27,0,0,0.598702073097229,exact_match,4496.0
south,9s,False,4,4,67,67,0,0,0.6145722270011902,equivalent,4497.0
9s,9s,True,3,3,52,52,0,0,0.8797997236251831,exact_match,4498.0
green,green,True,2,2,47,47,0,0,0.7032370567321777,exact_match,4499.0
red,red,True,2,2,49,49,0,0,0.8838661313056946,exact_match,4500.0
5m,3s,False,1,1,19,12,0,7,0.38483312726020813,ukeire_loss,4501.0
east,east,True,1,1,18,18,0,0,0.941798746585846,exact_match,4502.0
8m,8m,True,1,1,18,18,0,0,0.9561668038368225,exact_match,4503.0
west,west,True,1,1,17,17,0,0,0.8318428993225098,exact_match,4504.0
east,north,False,3,3,48,49,0,-1,0.4681190848350525,near_equivalent,4505.0
1p,white,False,3,3,47,56,0,-9,0.5634248852729797,better_ukeire,4506.0
white,white,True,3,3,63,63,0,0,0.7282472252845764,exact_match,4507.0
north,north,True,2,2,20,20,0,0,0.6946719288825989,exact_match,4508.0
9p,9p,True,2,2,20,20,0,0,0.9014003276824951,exact_match,4509.0
west,west,True,1,1,23,23,0,0,0.9544729590415955,exact_match,4510.0
9s,8m,False,2,2,20,39,0,-19,0.7301953434944153,better_ukeire,4511.0
4p,4p,True,0,0,8,8,0,0,0.4205278158187866,exact_match,4512.0
8s,8s,True,2,2,47,47,0,0,0.8251268267631531,exact_match,4513.0
green,green,True,0,0,8,8,0,0,0.9850295186042786,exact_match,4514.0
green,green,True,2,2,46,46,0,0,0.9357278347015381,exact_match,4515.0
4p,6s,False,1,0,15,8,1,7,0.96443772315979,better_shanten,4516.0
8m,8m,True,1,1,12,12,0,0,0.4897746741771698,exact_match,4517.0
4p,4p,True,0,0,3,3,0,0,0.7956051826477051,exact_match,4518.0
4p,4p,True,1,1,35,35,0,0,0.6499638557434082,exact_match,4519.0
9p,red,False,1,0,11,3,1,8,0.8639494776725769,better_shanten,4520.0
1p,1p,True,1,1,11,11,0,0,0.9118714332580566,exact_match,4521.0
green,green,True,1,1,11,11,0,0,0.8702660799026489,exact_match,4522.0
1s,west,False,2,2,20,20,0,0,0.6950830817222595,equivalent,4523.0
8p,west,False,2,2,19,19,0,0,0.711078405380249,equivalent,4524.0
5m,west,False,2,2,22,26,0,-4,0.9499200582504272,better_ukeire,4525.0
4m,west,False,2,2,22,22,0,0,0.7836819887161255,equivalent,4526.0
4s,west,False,2,2,26,26,0,0,0.3892017900943756,equivalent,4527.0
6s,6s,True,2,2,25,25,0,0,0.5907598733901978,exact_match,4528.0
west,4p,False,2,2,24,23,0,1,0.4465566575527191,near_equivalent,4529.0
3s,3s,True,2,2,24,24,0,0,0.8498281836509705,exact_match,4530.0
1p,west,False,1,1,15,15,0,0,0.574949324131012,equivalent,4531.0
6p,west,False,1,1,14,14,0,0,0.5106579661369324,equivalent,4532.0
west,3p,False,1,2,13,16,-1,-3,0.358916699886322,shanten_loss,4533.0
2s,west,False,1,1,13,13,0,0,0.5896289944648743,equivalent,4534.0
west,west,True,0,0,5,5,0,0,0.9861315488815308,exact_match,4535.0
1p,1s,False,3,3,54,52,0,2,0.443153977394104,near_equivalent,4536.0
1s,1s,True,2,2,23,23,0,0,0.9697292447090149,exact_match,4537.0
6s,6s,True,2,2,13,13,0,0,0.5232495665550232,exact_match,4538.0
2p,2p,True,2,2,12,12,0,0,0.7741864919662476,exact_match,4539.0
8s,8s,True,1,1,4,4,0,0,0.9172322154045105,exact_match,4540.0
7p,4m,False,1,1,4,4,0,0,0.774240255355835,equivalent,4541.0
2p,2p,True,1,1,4,4,0,0,0.7656598687171936,exact_match,4542.0
7p,7p,True,0,0,2,2,0,0,0.9022419452667236,exact_match,4543.0
red,red,True,0,0,2,2,0,0,0.8060265183448792,exact_match,4544.0
6s,6s,True,0,0,2,2,0,0,0.9410958290100098,exact_match,4545.0
1s,1s,True,0,0,2,2,0,0,0.9421297907829285,exact_match,4546.0
8p,8p,True,0,0,2,2,0,0,0.9805441498756409,exact_match,4547.0
red,red,True,0,0,2,2,0,0,0.9547105431556702,exact_match,4548.0
2p,1s,False,3,3,19,19,0,0,0.48079320788383484,equivalent,4549.0
1p,1p,True,4,4,75,75,0,0,0.5450907349586487,exact_match,4550.0
7p,1s,False,3,3,18,22,0,-4,0.5675258040428162,better_ukeire,4551.0
9m,9m,True,3,3,25,25,0,0,0.37844011187553406,exact_match,4552.0
6s,9p,False,4,3,64,17,1,47,0.35708653926849365,better_shanten,4553.0
white,white,True,3,3,49,49,0,0,0.5536012649536133,exact_match,4554.0
7s,7s,True,3,3,33,33,0,0,0.4077112674713135,exact_match,4555.0
west,west,True,3,3,54,54,0,0,0.7871699333190918,exact_match,4556.0
3s,3s,True,3,3,31,31,0,0,0.659171998500824,exact_match,4557.0
9p,8p,False,2,2,19,19,0,0,0.4900555908679962,equivalent,4558.0
1s,9p,False,3,3,34,35,0,-1,0.37572240829467773,near_equivalent,4559.0
9m,9m,True,2,2,19,19,0,0,0.8745140433311462,exact_match,4560.0
6p,6p,True,3,3,32,32,0,0,0.6834167838096619,exact_match,4561.0
8p,8p,True,1,1,11,11,0,0,0.9244502782821655,exact_match,4562.0
1p,1p,True,3,3,30,30,0,0,0.6097326278686523,exact_match,4563.0
north,north,True,1,1,11,11,0,0,0.728756844997406,exact_match,4564.0
4s,4s,True,3,3,30,30,0,0,0.41631361842155457,exact_match,4565.0
7s,6m,False,1,1,12,5,0,7,0.5490999817848206,ukeire_loss,4566.0
6s,6s,True,3,3,30,30,0,0,0.5144791007041931,exact_match,4567.0
2s,2s,True,0,0,4,4,0,0,0.42487087845802307,exact_match,4568.0
8p,9m,False,3,2,27,10,1,17,0.4361376166343689,better_shanten,4569.0
3m,3m,True,0,0,4,4,0,0,0.9395371079444885,exact_match,4570.0
9p,6m,False,2,2,16,13,0,3,0.3050462603569031,ukeire_loss,4571.0
west,west,True,0,0,3,3,0,0,0.9546943306922913,exact_match,4572.0
1p,1p,True,2,2,16,16,0,0,0.42680686712265015,exact_match,4573.0
9p,9p,True,0,0,3,3,0,0,0.9829136729240417,exact_match,4574.0
east,east,True,1,1,6,6,0,0,0.6300361752510071,exact_match,4575.0
3p,3p,True,0,0,3,3,0,0,0.9494072198867798,exact_match,4576.0
6m,1m,False,0,1,1,13,-1,-12,0.5416247248649597,shanten_loss,4577.0
east,east,True,0,0,3,3,0,0,0.9350989460945129,exact_match,4578.0
9s,9s,True,0,0,1,1,0,0,0.8464410305023193,exact_match,4579.0
green,green,True,0,0,3,3,0,0,0.8721469044685364,exact_match,4580.0
white,white,True,0,0,1,1,0,0,0.462245374917984,exact_match,4581.0
4p,4p,True,0,0,3,3,0,0,0.9193146228790283,exact_match,4582.0
white,white,True,0,0,1,1,0,0,0.6956186890602112,exact_match,4583.0
8s,6m,False,0,0,3,0,0,3,0.6657771468162537,ukeire_loss,4584.0
9p,9p,True,3,3,47,47,0,0,0.9933875799179077,exact_match,4585.0
white,white,True,3,3,47,47,0,0,0.8760347962379456,exact_match,4586.0
4m,6p,False,3,3,32,51,0,-19,0.4453579783439636,better_ukeire,4587.0
9p,9p,True,3,3,31,31,0,0,0.9651968479156494,exact_match,4588.0
9p,9p,True,3,3,30,30,0,0,0.9438328742980957,exact_match,4589.0
1m,1m,True,3,3,29,29,0,0,0.8064709305763245,exact_match,4590.0
1m,1m,True,3,3,29,29,0,0,0.8262425661087036,exact_match,4591.0
5s,1s,False,3,3,24,26,0,-2,0.5162088871002197,near_equivalent,4592.0
1s,1s,True,3,3,26,26,0,0,0.4148806631565094,exact_match,4593.0
3p,3p,True,3,3,25,25,0,0,0.6152544617652893,exact_match,4594.0
1p,east,False,3,3,23,23,0,0,0.31530627608299255,equivalent,4595.0
8m,8m,True,2,2,9,9,0,0,0.3285280764102936,exact_match,4596.0
west,west,True,2,2,47,47,0,0,0.9285455942153931,exact_match,4597.0
9p,9p,True,2,2,46,46,0,0,0.8985592722892761,exact_match,4598.0
9p,9p,True,2,2,46,46,0,0,0.9500440955162048,exact_match,4599.0
1s,1s,True,1,1,38,38,0,0,0.5523499846458435,exact_match,4600.0
9m,west,False,2,2,18,18,0,0,0.9059043526649475,equivalent,4601.0
west,west,True,2,2,22,22,0,0,0.9638953804969788,exact_match,4602.0
9s,9s,True,1,1,8,8,0,0,0.2962362468242645,exact_match,4603.0
8s,7m,False,1,1,8,8,0,0,0.5294761061668396,equivalent,4604.0
8s,8s,True,1,1,8,8,0,0,0.9378107190132141,exact_match,4605.0
south,south,True,2,2,25,25,0,0,0.9727321863174438,exact_match,4606.0
5s,5p,False,1,1,33,25,0,8,0.43031787872314453,ukeire_loss,4607.0
east,east,True,2,2,25,25,0,0,0.9290755987167358,exact_match,4608.0
5s,7p,False,2,2,18,41,0,-23,0.5196473598480225,better_ukeire,4609.0
3s,9m,False,3,2,31,22,1,9,0.5241767168045044,better_shanten,4610.0
9m,9m,True,2,2,13,13,0,0,0.5202764868736267,exact_match,4611.0
1p,7s,False,2,2,12,21,0,-9,0.42214563488960266,better_ukeire,4612.0
1p,red,False,3,2,48,11,1,37,0.5594521760940552,better_shanten,4613.0
north,north,True,4,4,74,74,0,0,0.7218149304389954,exact_match,4614.0
west,west,True,3,3,55,55,0,0,0.5397002100944519,exact_match,4615.0
9s,9s,True,4,4,78,78,0,0,0.5750689506530762,exact_match,4616.0
1p,white,False,3,3,67,70,0,-3,0.6806686520576477,better_ukeire,4617.0
1p,white,False,4,4,67,77,0,-10,0.29842787981033325,better_ukeire,4618.0
white,white,True,2,2,52,52,0,0,0.9564307332038879,exact_match,4619.0
green,white,False,3,3,48,48,0,0,0.3536088764667511,equivalent,4620.0
6s,6s,True,1,1,7,7,0,0,0.5912414193153381,exact_match,4621.0
south,white,False,3,3,69,70,0,-1,0.5219172835350037,near_equivalent,4622.0
north,north,True,1,1,7,7,0,0,0.9239934682846069,exact_match,4623.0
8p,2m,False,2,2,44,46,0,-2,0.4287305176258087,near_equivalent,4624.0
7m,1m,False,2,1,45,7,1,38,0.5617825388908386,better_shanten,4625.0
2m,2m,True,2,2,42,42,0,0,0.3702991008758545,exact_match,4626.0
9m,red,False,2,2,39,42,0,-3,0.6055351495742798,better_ukeire,4627.0
white,8s,False,1,2,12,40,-1,-28,0.5197810530662537,shanten_loss,4628.0
5p,red,False,2,2,39,52,0,-13,0.6315751671791077,better_ukeire,4629.0
6p,6p,True,1,1,12,12,0,0,0.8481531739234924,exact_match,4630.0
south,south,True,2,2,38,38,0,0,0.623031497001648,exact_match,4631.0
3p,4p,False,1,1,9,12,0,-3,0.41527318954467773,better_ukeire,4632.0
2s,red,False,1,1,14,17,0,-3,0.6797851324081421,better_ukeire,4633.0
7m,7m,True,0,0,5,5,0,0,0.7296320796012878,exact_match,4634.0
8m,8m,True,1,1,14,14,0,0,0.6369230151176453,exact_match,4635.0
1s,1s,True,0,0,5,5,0,0,0.9879185557365417,exact_match,4636.0
8p,red,False,1,1,12,14,0,-2,0.7025221586227417,near_equivalent,4637.0
white,white,True,0,0,5,5,0,0,0.9872041344642639,exact_match,4638.0
5m,red,False,1,1,12,12,0,0,0.9409961700439453,equivalent,4639.0
6m,6m,True,0,0,5,5,0,0,0.5162254571914673,exact_match,4640.0
8s,red,False,1,1,11,11,0,0,0.6638887524604797,equivalent,4641.0
1s,1s,True,0,0,5,5,0,0,0.9503064751625061,exact_match,4642.0
1p,red,False,1,1,10,10,0,0,0.5443564653396606,equivalent,4643.0
4p,4p,True,0,0,5,5,0,0,0.4786486029624939,exact_match,4644.0
red,red,True,1,1,9,9,0,0,0.9262159466743469,exact_match,4645.0
5s,6m,False,0,1,5,10,-1,-5,0.4290267825126648,shanten_loss,4646.0
3m,9p,False,0,1,3,18,-1,-15,0.6220417022705078,shanten_loss,4647.0
9p,9p,True,0,0,2,2,0,0,0.6826270818710327,exact_match,4648.0
9p,9p,True,0,0,5,5,0,0,0.9891431927680969,exact_match,4649.0
green,green,True,0,0,2,2,0,0,0.9727287888526917,exact_match,4650.0
east,east,True,2,2,17,17,0,0,0.8302181363105774,exact_match,4651.0
9s,red,False,2,2,33,32,0,1,0.5770063996315002,near_equivalent,4652.0
west,west,True,2,2,32,32,0,0,0.8449334502220154,exact_match,4653.0
red,east,False,2,2,30,31,0,-1,0.8582261800765991,near_equivalent,4654.0
9m,east,False,2,2,23,35,0,-12,0.9305002093315125,better_ukeire,4655.0
8m,east,False,2,2,22,23,0,-1,0.6552524566650391,near_equivalent,4656.0
east,east,True,1,1,9,9,0,0,0.8432357311248779,exact_match,4657.0
west,west,True,1,1,9,9,0,0,0.9427542090415955,exact_match,4658.0
3s,3s,True,1,1,8,8,0,0,0.31401216983795166,exact_match,4659.0
3m,3m,True,1,1,31,31,0,0,0.24138611555099487,exact_match,4660.0
3p,3p,True,1,1,29,29,0,0,0.7373907566070557,exact_match,4661.0
3s,3s,True,1,1,29,29,0,0,0.8171422481536865,exact_match,4662.0
east,east,True,1,1,29,29,0,0,0.9239745736122131,exact_match,4663.0
6s,6s,True,0,0,3,3,0,0,0.726686954498291,exact_match,4664.0
7s,7s,True,0,0,3,3,0,0,0.48377564549446106,exact_match,4665.0
white,white,True,2,2,63,63,0,0,0.5330488681793213,exact_match,4666.0
white,white,True,2,2,63,63,0,0,0.7434409260749817,exact_match,4667.0
north,north,True,2,2,62,62,0,0,0.7332426309585571,exact_match,4668.0
1m,1m,True,2,2,69,69,0,0,0.9795564413070679,exact_match,4669.0
4m,4m,True,1,1,12,12,0,0,0.9521429538726807,exact_match,4670.0
5p,5p,True,1,1,15,15,0,0,0.37621864676475525,exact_match,4671.0
2m,2m,True,1,1,18,18,0,0,0.47540366649627686,exact_match,4672.0
4m,4m,True,1,1,21,21,0,0,0.6499892473220825,exact_match,4673.0
6s,4p,False,1,1,21,18,0,3,0.4721417725086212,ukeire_loss,4674.0
6p,6p,True,1,1,20,20,0,0,0.5800323486328125,exact_match,4675.0
north,north,True,1,1,19,19,0,0,0.9739731550216675,exact_match,4676.0
6m,6m,True,1,1,19,19,0,0,0.9052059650421143,exact_match,4677.0
9p,9m,False,1,2,12,54,-1,-42,0.39951977133750916,shanten_loss,4678.0
north,north,True,1,1,12,12,0,0,0.958943784236908,exact_match,4679.0
1p,1p,True,1,1,12,12,0,0,0.9887942671775818,exact_match,4680.0
8m,8m,True,1,1,12,12,0,0,0.4819467067718506,exact_match,4681.0
9m,9m,True,1,1,16,16,0,0,0.9294837117195129,exact_match,4682.0
1s,2s,False,1,1,16,12,0,4,0.552582323551178,ukeire_loss,4683.0
north,north,True,3,3,65,65,0,0,0.8740875124931335,exact_match,4684.0
green,green,True,3,3,69,69,0,0,0.33383262157440186,exact_match,4685.0
white,white,True,2,2,48,48,0,0,0.45045921206474304,exact_match,4686.0
1p,1p,True,2,2,50,50,0,0,0.3886519968509674,exact_match,4687.0
8p,9m,False,2,2,57,63,0,-6,0.7253744006156921,better_ukeire,4688.0
south,south,True,2,2,54,54,0,0,0.6943178772926331,exact_match,4689.0
north,north,True,2,2,53,53,0,0,0.6257180571556091,exact_match,4690.0
9m,9m,True,2,2,62,62,0,0,0.6904581189155579,exact_match,4691.0
2m,1s,False,1,1,14,12,0,2,0.4061870276927948,near_equivalent,4692.0
3m,3m,True,1,1,14,14,0,0,0.7599026560783386,exact_match,4693.0
1m,1m,True,1,1,12,12,0,0,0.8783998489379883,exact_match,4694.0
9s,south,False,1,1,23,31,0,-8,0.8418973684310913,better_ukeire,4695.0
green,green,True,2,2,21,21,0,0,0.709058940410614,exact_match,4696.0
9s,9s,True,1,1,23,23,0,0,0.5789006352424622,exact_match,4697.0
9p,red,False,1,1,10,10,0,0,0.5012861490249634,equivalent,4698.0
south,south,True,1,1,38,38,0,0,0.919622004032135,exact_match,4699.0
red,red,True,1,1,13,13,0,0,0.5335192084312439,exact_match,4700.0
2p,2p,True,1,1,38,38,0,0,0.780305802822113,exact_match,4701.0
8m,3s,False,1,1,38,40,0,-2,0.3655233085155487,near_equivalent,4702.0
2m,2m,True,1,1,37,37,0,0,0.8382703065872192,exact_match,4703.0
7s,7s,True,1,1,36,36,0,0,0.8918280601501465,exact_match,4704.0
5s,5p,False,1,0,35,4,1,31,0.6291120648384094,better_shanten,4705.0
green,west,False,3,3,64,64,0,0,0.6642003655433655,equivalent,4706.0
west,west,True,3,3,74,74,0,0,0.8371478915214539,exact_match,4707.0
9s,9s,True,3,3,68,68,0,0,0.8218660950660706,exact_match,4708.0
2p,2p,True,2,2,54,54,0,0,0.8262026906013489,exact_match,4709.0
8m,8m,True,1,1,7,7,0,0,0.7001621127128601,exact_match,4710.0
4m,4s,False,1,2,16,55,-1,-39,0.5009713172912598,shanten_loss,4711.0
3m,4s,False,1,2,16,49,-1,-33,0.4366549849510193,shanten_loss,4712.0
1p,1p,True,3,3,43,43,0,0,0.8405801057815552,exact_match,4713.0
west,west,True,2,2,16,16,0,0,0.6819625496864319,exact_match,4714.0
red,red,True,2,2,31,31,0,0,0.7277048230171204,exact_match,4715.0
8m,8m,True,2,2,31,31,0,0,0.8636624813079834,exact_match,4716.0
east,east,True,2,2,29,29,0,0,0.7520158886909485,exact_match,4717.0
2p,2p,True,2,2,27,27,0,0,0.7974569201469421,exact_match,4718.0
3m,3m,True,2,2,29,29,0,0,0.507613480091095,exact_match,4719.0
6p,2m,False,2,2,14,29,0,-15,0.8626477718353271,better_ukeire,4720.0
7m,green,False,1,2,9,12,-1,-3,0.31416934728622437,shanten_loss,4721.0
3p,2m,False,1,1,8,9,0,-1,0.9216022491455078,near_equivalent,4722.0
green,green,True,2,2,45,45,0,0,0.6088577508926392,exact_match,4723.0
red,red,True,2,2,54,54,0,0,0.6535351276397705,exact_match,4724.0
red,red,True,2,2,57,57,0,0,0.9288231730461121,exact_match,4725.0
9p,9p,True,1,1,8,8,0,0,0.7184002995491028,exact_match,4726.0
2m,2m,True,2,2,47,47,0,0,0.7888336777687073,exact_match,4727.0
2m,2m,True,1,1,8,8,0,0,0.5656640529632568,exact_match,4728.0
red,red,True,2,2,47,47,0,0,0.9317840933799744,exact_match,4729.0
2s,2s,True,1,1,8,8,0,0,0.4016328752040863,exact_match,4730.0
7p,2s,False,1,2,16,54,-1,-38,0.6209586262702942,shanten_loss,4731.0
1m,5p,False,1,1,8,8,0,0,0.3822512626647949,equivalent,4732.0
1s,1s,True,1,1,16,16,0,0,0.7166091203689575,exact_match,4733.0
5p,5p,True,1,1,15,15,0,0,0.47170889377593994,exact_match,4734.0
2s,2s,True,1,1,21,21,0,0,0.5880119204521179,exact_match,4735.0
5s,9s,False,1,1,15,15,0,0,0.6160909533500671,equivalent,4736.0
4p,4p,True,0,0,9,9,0,0,0.9109529852867126,exact_match,4737.0
west,west,True,1,1,14,14,0,0,0.9350240230560303,exact_match,4738.0
green,green,True,0,0,9,9,0,0,0.9990658164024353,exact_match,4739.0
1p,1p,True,1,1,14,14,0,0,0.9821422100067139,exact_match,4740.0
3p,3p,True,0,0,9,9,0,0,0.9939382076263428,exact_match,4741.0
south,south,True,1,1,14,14,0,0,0.9546792507171631,exact_match,4742.0
white,white,True,0,0,9,9,0,0,0.9980029463768005,exact_match,4743.0
1p,1p,True,1,1,14,14,0,0,0.9932583570480347,exact_match,4744.0
8m,8m,True,0,0,9,9,0,0,0.9783610105514526,exact_match,4745.0
7p,7p,True,1,1,14,14,0,0,0.9660743474960327,exact_match,4746.0
west,west,True,3,3,24,24,0,0,0.5582055449485779,exact_match,4747.0
9s,9s,True,3,3,28,28,0,0,0.5588722825050354,exact_match,4748.0
9s,9s,True,3,3,27,27,0,0,0.8042237162590027,exact_match,4749.0
1s,1s,True,2,2,23,23,0,0,0.9256114959716797,exact_match,4750.0
5m,5m,True,1,1,15,15,0,0,0.8423092365264893,exact_match,4751.0
north,north,True,3,3,24,24,0,0,0.4745952785015106,exact_match,4752.0
south,1m,False,3,3,23,23,0,0,0.6387417316436768,equivalent,4753.0
1m,1m,True,3,3,23,23,0,0,0.4645741879940033,exact_match,4754.0
9s,9s,True,3,3,31,31,0,0,0.5102899074554443,exact_match,4755.0
1s,east,False,2,2,24,21,0,3,0.4096639156341553,ukeire_loss,4756.0
red,east,False,1,1,12,12,0,0,0.509498655796051,equivalent,4757.0
2m,2m,True,1,1,12,12,0,0,0.8639979362487793,exact_match,4758.0
8p,east,False,1,1,12,12,0,0,0.5388811826705933,equivalent,4759.0
2s,east,False,1,1,12,12,0,0,0.8075956106185913,equivalent,4760.0
east,east,True,0,0,8,8,0,0,0.9838392734527588,exact_match,4761.0
5m,5m,True,0,0,8,8,0,0,0.7305699586868286,exact_match,4762.0
2p,2p,True,0,0,8,8,0,0,0.7133887410163879,exact_match,4763.0
9p,9p,True,0,0,8,8,0,0,0.6173550486564636,exact_match,4764.0
1m,1m,True,0,0,8,8,0,0,0.9921401143074036,exact_match,4765.0
9m,9m,True,4,4,78,78,0,0,0.3550987243652344,exact_match,4766.0
green,green,True,3,3,43,43,0,0,0.6360035538673401,exact_match,4767.0
2p,white,False,2,2,14,14,0,0,0.4966842234134674,equivalent,4768.0
white,white,True,2,2,28,28,0,0,0.4916340410709381,exact_match,4769.0
4s,4s,True,1,1,9,9,0,0,0.5847724676132202,exact_match,4770.0
5m,4m,False,0,0,3,3,0,0,0.47724485397338867,equivalent,4771.0
4m,4m,True,0,0,3,3,0,0,0.6633405089378357,exact_match,4772.0
red,red,True,0,0,3,3,0,0,0.915429413318634,exact_match,4773.0
green,green,True,0,0,3,3,0,0,0.9526334404945374,exact_match,4774.0
1m,1m,True,3,3,15,15,0,0,0.6742228865623474,exact_match,4775.0
1m,1m,True,3,3,15,15,0,0,0.8559015393257141,exact_match,4776.0
red,red,True,2,2,12,12,0,0,0.5132004618644714,exact_match,4777.0
west,7p,False,2,2,11,11,0,0,0.47340673208236694,equivalent,4778.0
4p,4p,True,1,1,8,8,0,0,0.4615509808063507,exact_match,4779.0
8m,8m,True,1,1,12,12,0,0,0.6000454425811768,exact_match,4780.0
red,red,True,1,1,12,12,0,0,0.7779374718666077,exact_match,4781.0
7p,north,False,1,1,11,11,0,0,0.7512577772140503,equivalent,4782.0
9p,9p,True,1,1,11,11,0,0,0.8128377795219421,exact_match,4783.0
east,east,True,2,2,35,35,0,0,0.555273711681366,exact_match,4784.0
1s,1s,True,2,2,41,41,0,0,0.6492432951927185,exact_match,4785.0
white,1m,False,2,2,48,41,0,7,0.9038679599761963,ukeire_loss,4786.0
1m,1m,True,2,2,56,56,0,0,0.8413825631141663,exact_match,4787.0
8p,8p,True,1,1,15,15,0,0,0.9544656872749329,exact_match,4788.0
6s,1p,False,1,1,11,15,0,-4,0.9949073195457458,better_ukeire,4789.0
1p,1p,True,0,0,6,6,0,0,0.9855939745903015,exact_match,4790.0
south,south,True,0,0,6,6,0,0,0.9934409260749817,exact_match,4791.0
north,north,True,0,0,6,6,0,0,0.9827139973640442,exact_match,4792.0
east,9p,False,4,4,26,26,0,0,0.46368250250816345,equivalent,4793.0
9p,9p,True,3,3,19,19,0,0,0.7495922446250916,exact_match,4794.0
9s,west,False,3,3,19,43,0,-24,0.41761526465415955,better_ukeire,4795.0
6p,white,False,3,3,19,19,0,0,0.3983101546764374,equivalent,4796.0
3m,north,False,3,3,18,19,0,-1,0.5857524871826172,near_equivalent,4797.0
white,west,False,3,3,31,33,0,-2,0.2983458340167999,near_equivalent,4798.0
red,red,True,2,2,59,59,0,0,0.8495577573776245,exact_match,4799.0
1m,3p,False,2,1,58,9,1,49,0.4151070713996887,better_shanten,4800.0
3p,3p,True,1,1,44,44,0,0,0.49026691913604736,exact_match,4801.0
6m,6m,True,0,0,8,8,0,0,0.4948439300060272,exact_match,4802.0
white,white,True,0,0,8,8,0,0,0.9865352511405945,exact_match,4803.0
9m,south,False,4,4,58,62,0,-4,0.5635034441947937,better_ukeire,4804.0
9p,9p,True,1,1,12,12,0,0,0.9242186546325684,exact_match,4805.0
9s,9s,True,3,3,21,21,0,0,0.7434549927711487,exact_match,4806.0
6p,6p,True,1,1,6,6,0,0,0.40428897738456726,exact_match,4807.0
south,south,True,2,2,12,12,0,0,0.5297420620918274,exact_match,4808.0
4p,4p,True,1,1,6,6,0,0,0.5645864605903625,exact_match,4809.0
white,white,True,1,1,8,8,0,0,0.655970573425293,exact_match,4810.0
5p,5p,True,0,0,4,4,0,0,0.984117329120636,exact_match,4811.0
south,south,True,1,1,8,8,0,0,0.8603684902191162,exact_match,4812.0
9p,9p,True,1,1,13,13,0,0,0.8082369565963745,exact_match,4813.0
east,east,True,1,1,20,20,0,0,0.9314737915992737,exact_match,4814.0
5m,5m,True,2,2,35,35,0,0,0.3632558584213257,exact_match,4815.0
3m,3m,True,0,0,8,8,0,0,0.9959380626678467,exact_match,4816.0
green,7m,False,2,2,34,22,0,12,0.7432950735092163,ukeire_loss,4817.0
7p,7p,True,0,0,8,8,0,0,0.5899482369422913,exact_match,4818.0
7m,3p,False,2,2,39,32,0,7,0.5685022473335266,ukeire_loss,4819.0
west,west,True,2,2,44,44,0,0,0.7832286953926086,exact_match,4820.0
green,green,True,1,1,8,8,0,0,0.6493760943412781,exact_match,4821.0
2s,2s,True,1,1,8,8,0,0,0.8906904458999634,exact_match,4822.0
south,south,True,1,1,8,8,0,0,0.8699230551719666,exact_match,4823.0
west,west,True,1,1,7,7,0,0,0.8446092009544373,exact_match,4824.0
red,red,True,1,1,6,6,0,0,0.7647829055786133,exact_match,4825.0
8s,4p,False,1,1,6,8,0,-2,0.7609308958053589,near_equivalent,4826.0
6s,east,False,1,1,6,6,0,0,0.7180507183074951,equivalent,4827.0
2p,2p,True,1,1,6,6,0,0,0.42331233620643616,exact_match,4828.0
east,east,True,0,0,2,2,0,0,0.6463497877120972,exact_match,4829.0
4p,4p,True,0,0,4,4,0,0,0.9815276265144348,exact_match,4830.0
south,south,True,0,0,4,4,0,0,0.9905451536178589,exact_match,4831.0
9m,9m,True,0,0,4,4,0,0,0.9918822646141052,exact_match,4832.0
north,north,True,3,3,32,32,0,0,0.8067740201950073,exact_match,4833.0
1p,1p,True,3,3,31,31,0,0,0.5119814872741699,exact_match,4834.0
green,green,True,3,3,52,52,0,0,0.863338053226471,exact_match,4835.0
1s,1s,True,2,2,14,14,0,0,0.4299968481063843,exact_match,4836.0
3s,3s,True,2,2,28,28,0,0,0.9446973204612732,exact_match,4837.0
3s,3s,True,2,2,28,28,0,0,0.9860798716545105,exact_match,4838.0
8p,3p,False,2,2,27,28,0,-1,0.934758186340332,near_equivalent,4839.0
3p,3p,True,1,1,15,15,0,0,0.5201613903045654,exact_match,4840.0
7m,7p,False,1,1,15,13,0,2,0.4301929771900177,near_equivalent,4841.0
7p,7p,True,1,1,13,13,0,0,0.3785717785358429,exact_match,4842.0
2p,2p,True,1,1,13,13,0,0,0.7610647082328796,exact_match,4843.0
7m,6p,False,1,1,10,13,0,-3,0.5142143964767456,better_ukeire,4844.0
5p,5p,True,0,0,3,3,0,0,0.6460491418838501,exact_match,4845.0
green,green,True,2,2,48,48,0,0,0.7303777933120728,exact_match,4846.0
9p,9p,True,1,1,12,12,0,0,0.8544681072235107,exact_match,4847.0
5s,2m,False,1,2,12,57,-1,-45,0.4431919455528259,shanten_loss,4848.0
2s,2s,True,1,1,12,12,0,0,0.9398291707038879,exact_match,4849.0
west,west,True,1,1,12,12,0,0,0.9532356262207031,exact_match,4850.0
8m,8m,True,1,1,12,12,0,0,0.9028204679489136,exact_match,4851.0
3p,3p,True,0,0,8,8,0,0,0.8429970741271973,exact_match,4852.0
green,green,True,0,0,8,8,0,0,0.9838062524795532,exact_match,4853.0
south,south,True,0,0,8,8,0,0,0.9736407995223999,exact_match,4854.0
3m,3m,True,0,0,8,8,0,0,0.9925238490104675,exact_match,4855.0
1p,1p,True,0,0,8,8,0,0,0.9902620911598206,exact_match,4856.0
8s,8s,True,0,0,8,8,0,0,0.8216915726661682,exact_match,4857.0
west,west,True,0,0,8,8,0,0,0.95379239320755,exact_match,4858.0
6p,6p,True,0,0,8,8,0,0,0.8494970202445984,exact_match,4859.0
red,red,True,0,0,8,8,0,0,0.9429265856742859,exact_match,4860.0
red,red,True,0,0,8,8,0,0,0.9831228852272034,exact_match,4861.0
red,red,True,0,0,8,8,0,0,0.9796172976493835,exact_match,4862.0
south,south,True,0,0,8,8,0,0,0.986428439617157,exact_match,4863.0
east,1m,False,4,4,70,63,0,7,0.27325084805488586,ukeire_loss,4864.0
green,green,True,2,2,17,17,0,0,0.5033454298973083,exact_match,4865.0
south,9m,False,4,4,81,81,0,0,0.42688921093940735,equivalent,4866.0
north,north,True,2,2,26,26,0,0,0.5833351016044617,exact_match,4867.0
9m,9m,True,3,3,67,67,0,0,0.4663999676704407,exact_match,4868.0
9p,9p,True,2,2,43,43,0,0,0.4814226031303406,exact_match,4869.0
1m,1m,True,2,2,8,8,0,0,0.5978568196296692,exact_match,4870.0
north,north,True,2,2,40,40,0,0,0.8140855431556702,exact_match,4871.0
9m,9m,True,2,2,8,8,0,0,0.848069965839386,exact_match,4872.0
1m,2p,False,2,2,28,39,0,-11,0.4635551869869232,better_ukeire,4873.0
2p,2p,True,2,2,15,15,0,0,0.6643186211585999,exact_match,4874.0
7s,7s,True,2,2,26,26,0,0,0.5803790092468262,exact_match,4875.0
2p,2p,True,2,2,14,14,0,0,0.9472161531448364,exact_match,4876.0
green,green,True,2,2,24,24,0,0,0.7693603038787842,exact_match,4877.0
3s,9s,False,1,1,10,10,0,0,0.7983561754226685,equivalent,4878.0
7m,2p,False,1,1,18,15,0,3,0.6129733920097351,ukeire_loss,4879.0
8m,8m,True,1,1,12,12,0,0,0.7186905145645142,exact_match,4880.0
7m,7m,True,1,1,18,18,0,0,0.8152865171432495,exact_match,4881.0
9s,9s,True,1,1,11,11,0,0,0.48503655195236206,exact_match,4882.0
2p,2p,True,0,0,5,5,0,0,0.8755039572715759,exact_match,4883.0
8m,8m,True,1,1,11,11,0,0,0.8436534404754639,exact_match,4884.0
5m,5m,True,0,0,5,5,0,0,0.3432783782482147,exact_match,4885.0
green,1p,False,3,3,77,73,0,4,0.5637452602386475,ukeire_loss,4886.0
east,east,True,2,2,21,21,0,0,0.9051293134689331,exact_match,4887.0
white,white,True,3,3,76,76,0,0,0.5545234680175781,exact_match,4888.0
red,red,True,2,2,52,52,0,0,0.9523260593414307,exact_match,4889.0
1p,1p,True,2,2,16,16,0,0,0.7527415752410889,exact_match,4890.0
7s,7s,True,1,1,10,10,0,0,0.47134828567504883,exact_match,4891.0
2p,2p,True,2,2,16,16,0,0,0.5086489915847778,exact_match,4892.0
1s,1s,True,1,1,9,9,0,0,0.930420994758606,exact_match,4893.0
8p,8p,True,2,2,26,26,0,0,0.5022603869438171,exact_match,4894.0
6m,5s,False,1,1,5,9,0,-4,0.7921251058578491,better_ukeire,4895.0
4s,1s,False,1,1,15,15,0,0,0.8128820061683655,equivalent,4896.0
5s,5s,True,1,1,11,11,0,0,0.45791715383529663,exact_match,4897.0
1s,west,False,1,1,15,15,0,0,0.790438175201416,equivalent,4898.0
6m,6m,True,1,1,11,11,0,0,0.888767659664154,exact_match,4899.0
green,green,True,1,1,15,15,0,0,0.7373825907707214,exact_match,4900.0
green,green,True,1,1,10,10,0,0,0.8237804174423218,exact_match,4901.0
3s,3s,True,1,1,14,14,0,0,0.8272632956504822,exact_match,4902.0
8s,8s,True,1,1,10,10,0,0,0.921330451965332,exact_match,4903.0
west,west,True,0,0,7,7,0,0,0.9857702255249023,exact_match,4904.0
5m,1p,False,1,1,9,12,0,-3,0.6797707676887512,better_ukeire,4905.0
north,north,True,0,0,7,7,0,0,0.9979956150054932,exact_match,4906.0
south,south,True,1,1,8,8,0,0,0.6271793842315674,exact_match,4907.0
7p,7p,True,0,0,7,7,0,0,0.8622263669967651,exact_match,4908.0
9m,9m,True,1,1,8,8,0,0,0.7811011672019958,exact_match,4909.0
9m,9m,True,4,4,82,82,0,0,0.5483027100563049,exact_match,4910.0
9p,north,False,3,3,28,28,0,0,0.39363574981689453,equivalent,4911.0
green,9s,False,4,4,80,76,0,4,0.6107605695724487,ukeire_loss,4912.0
9m,9m,True,2,2,16,16,0,0,0.7204391360282898,exact_match,4913.0
west,west,True,4,4,79,79,0,0,0.7248165607452393,exact_match,4914.0
north,north,True,2,2,44,44,0,0,0.7472466826438904,exact_match,4915.0
white,9s,False,3,3,66,62,0,4,0.40242594480514526,ukeire_loss,4916.0
1s,1s,True,1,1,28,28,0,0,0.8061986565589905,exact_match,4917.0
9s,9s,True,3,3,65,65,0,0,0.40829476714134216,exact_match,4918.0
9s,9s,True,1,1,28,28,0,0,0.982132613658905,exact_match,4919.0
5s,5s,True,2,2,41,41,0,0,0.24868053197860718,exact_match,4920.0
6s,6s,True,0,0,3,3,0,0,0.39418238401412964,exact_match,4921.0
6m,1m,False,1,2,12,38,-1,-26,0.40217268466949463,shanten_loss,4922.0
5p,5p,True,0,0,6,6,0,0,0.6774306893348694,exact_match,4923.0
9p,5m,False,1,1,9,10,0,-1,0.6131454110145569,near_equivalent,4924.0
5p,5p,True,0,0,5,5,0,0,0.9236069321632385,exact_match,4925.0
9s,9s,True,4,4,90,90,0,0,0.6973636746406555,exact_match,4926.0
9s,9s,True,4,4,88,88,0,0,0.8135666251182556,exact_match,4927.0
1s,green,False,3,3,63,67,0,-4,0.5260100960731506,better_ukeire,4928.0
green,green,True,3,3,67,67,0,0,0.3984828591346741,exact_match,4929.0
7m,3m,False,2,2,15,15,0,0,0.4759947657585144,equivalent,4930.0
east,east,True,2,2,15,15,0,0,0.4402666389942169,exact_match,4931.0
9p,5m,False,2,2,15,15,0,0,0.2618411183357239,equivalent,4932.0
3m,3m,True,2,2,13,13,0,0,0.22350619733333588,exact_match,4933.0
8s,9p,False,1,1,7,8,0,-1,0.32725241780281067,near_equivalent,4934.0
2s,2s,True,1,1,7,7,0,0,0.8757644891738892,exact_match,4935.0
6s,6s,True,0,0,4,4,0,0,0.9053167700767517,exact_match,4936.0
6m,6m,True,0,0,4,4,0,0,0.8919559717178345,exact_match,4937.0
1s,east,False,3,3,59,63,0,-4,0.837722659111023,better_ukeire,4938.0
east,east,True,3,3,72,72,0,0,0.5148608088493347,exact_match,4939.0
green,green,True,2,2,61,61,0,0,0.660488486289978,exact_match,4940.0
south,south,True,1,1,17,17,0,0,0.6594005823135376,exact_match,4941.0
6m,green,False,1,1,15,17,0,-2,0.8695247769355774,near_equivalent,4942.0
1p,1p,True,3,3,76,76,0,0,0.5015518069267273,exact_match,4943.0
9p,9p,True,3,3,75,75,0,0,0.6774750351905823,exact_match,4944.0
1s,1s,True,3,3,67,67,0,0,0.5690569281578064,exact_match,4945.0
6p,6s,False,2,2,42,43,0,-1,0.3660336434841156,near_equivalent,4946.0
east,east,True,3,3,20,20,0,0,0.8298613429069519,exact_match,4947.0
8p,white,False,2,2,12,12,0,0,0.8328720331192017,equivalent,4948.0
1m,1m,True,2,2,12,12,0,0,0.7816389203071594,exact_match,4949.0
white,white,True,1,1,8,8,0,0,0.8117461800575256,exact_match,4950.0
4m,4m,True,0,0,4,4,0,0,0.5279555916786194,exact_match,4951.0
east,east,True,4,4,70,70,0,0,0.777288019657135,exact_match,4952.0
north,north,True,3,3,61,61,0,0,0.8087177276611328,exact_match,4953.0
9m,9m,True,4,4,77,77,0,0,0.5647885799407959,exact_match,4954.0
west,west,True,2,2,20,20,0,0,0.782260000705719,exact_match,4955.0
5p,south,False,3,3,38,38,0,0,0.38903364539146423,equivalent,4956.0
9m,3s,False,2,2,26,22,0,4,0.4870045781135559,ukeire_loss,4957.0
white,2p,False,2,2,15,15,0,0,0.3020235598087311,equivalent,4958.0
9s,8m,False,2,2,24,25,0,-1,0.6264907717704773,near_equivalent,4959.0
south,south,True,2,2,15,15,0,0,0.3358571231365204,exact_match,4960.0
3s,8m,False,2,2,31,33,0,-2,0.348736435174942,near_equivalent,4961.0
5p,5p,True,2,2,14,14,0,0,0.600475013256073,exact_match,4962.0
1s,8m,False,1,1,8,11,0,-3,0.5131649971008301,better_ukeire,4963.0
8s,2m,False,1,1,7,8,0,-1,0.25615862011909485,near_equivalent,4964.0
1s,1s,True,1,1,8,8,0,0,0.8673928380012512,exact_match,4965.0
9m,9m,True,1,1,7,7,0,0,0.7972251772880554,exact_match,4966.0
2s,2s,True,1,1,8,8,0,0,0.9175199866294861,exact_match,4967.0
east,east,True,1,1,6,6,0,0,0.4617331027984619,exact_match,4968.0
6m,7s,False,1,1,18,8,0,10,0.37111133337020874,ukeire_loss,4969.0
2s,2s,True,1,1,7,7,0,0,0.3211545944213867,exact_match,4970.0
9s,9s,True,1,1,17,17,0,0,0.8801867365837097,exact_match,4971.0
2m,1m,False,1,2,7,9,-1,-2,0.433540940284729,shanten_loss,4972.0
8m,8m,True,0,0,5,5,0,0,0.6473855376243591,exact_match,4973.0
1m,1m,True,2,2,10,10,0,0,0.5738210678100586,exact_match,4974.0
red,red,True,0,0,5,5,0,0,0.8920648694038391,exact_match,4975.0
4s,1m,False,2,1,8,7,1,1,0.8293663859367371,better_shanten,4976.0
north,north,True,0,0,5,5,0,0,0.9458703398704529,exact_match,4977.0
1m,1m,True,1,1,7,7,0,0,0.5961300134658813,exact_match,4978.0
4m,7m,False,0,0,5,5,0,0,0.8004199862480164,equivalent,4979.0
1p,1p,True,2,2,16,16,0,0,0.6707842350006104,exact_match,4980.0
south,south,True,1,1,11,11,0,0,0.9419543147087097,exact_match,4981.0
west,west,True,1,1,11,11,0,0,0.9781399965286255,exact_match,4982.0
white,white,True,1,1,11,11,0,0,0.9711676239967346,exact_match,4983.0
4p,4p,True,0,0,4,4,0,0,0.7944331765174866,exact_match,4984.0
7m,7m,True,0,0,4,4,0,0,0.9527142643928528,exact_match,4985.0
1m,1m,True,0,0,4,4,0,0,0.9716274738311768,exact_match,4986.0
8m,8m,True,0,0,4,4,0,0,0.9778663516044617,exact_match,4987.0
9m,9m,True,0,0,4,4,0,0,0.9817427396774292,exact_match,4988.0
white,white,True,0,0,4,4,0,0,0.9833548665046692,exact_match,4989.0
3s,3s,True,0,0,3,3,0,0,0.49263033270835876,exact_match,4990.0
west,west,True,0,0,3,3,0,0,0.9649670124053955,exact_match,4991.0
west,west,True,4,4,54,54,0,0,0.5337448716163635,exact_match,4992.0
red,red,True,4,4,92,92,0,0,0.4991779029369354,exact_match,4993.0
white,white,True,3,3,29,29,0,0,0.9106087684631348,exact_match,4994.0
3p,2s,False,3,3,33,29,0,4,0.8189461827278137,ukeire_loss,4995.0
north,north,True,3,3,33,33,0,0,0.8324811458587646,exact_match,4996.0
9m,2s,False,2,2,18,21,0,-3,0.7253162264823914,better_ukeire,4997.0
9m,2s,False,2,2,37,34,0,3,0.6196386814117432,ukeire_loss,4998.0
7p,2s,False,1,2,10,52,-1,-42,0.5421507954597473,shanten_loss,4999.0
2p,2p,True,1,1,9,9,0,0,0.776782751083374,exact_match,5000.0
2s,2s,True,1,1,11,11,0,0,0.35924288630485535,exact_match,5001.0
4p,1p,False,4,5,20,56,-1,-36,0.4346408247947693,shanten_loss,5002.0
west,west,True,3,3,39,39,0,0,0.7053158283233643,exact_match,5003.0
8p,8p,True,4,4,45,45,0,0,0.39376088976860046,exact_match,5004.0
8p,8p,True,3,3,42,42,0,0,0.6818846464157104,exact_match,5005.0
2s,2s,True,4,4,43,43,0,0,0.621583104133606,exact_match,5006.0
3s,3s,True,2,2,17,17,0,0,0.49417051672935486,exact_match,5007.0
2s,2s,True,4,4,43,43,0,0,0.7415946125984192,exact_match,5008.0
2p,2p,True,1,1,11,11,0,0,0.6217011213302612,exact_match,5009.0
9s,9s,True,4,4,25,25,0,0,0.22710703313350677,exact_match,5010.0
6s,8m,False,1,1,14,11,0,3,0.5287232995033264,ukeire_loss,5011.0
1p,1p,True,3,3,19,19,0,0,0.6075171828269958,exact_match,5012.0
east,east,True,1,1,14,14,0,0,0.8498501181602478,exact_match,5013.0
7s,7s,True,3,3,18,18,0,0,0.8379401564598083,exact_match,5014.0
north,6s,False,2,1,36,14,1,22,0.9384208917617798,better_shanten,5015.0
west,2s,False,3,3,17,17,0,0,0.7002125978469849,equivalent,5016.0
north,north,True,2,2,41,41,0,0,0.48992589116096497,exact_match,5017.0
north,9s,False,3,3,16,16,0,0,0.37415140867233276,equivalent,5018.0
1p,1p,True,1,1,13,13,0,0,0.5688855648040771,exact_match,5019.0
white,white,True,3,3,15,15,0,0,0.47834280133247375,exact_match,5020.0
red,red,True,1,1,13,13,0,0,0.9278513193130493,exact_match,5021.0
green,green,True,3,3,30,30,0,0,0.3474139869213104,exact_match,5022.0
9m,9s,False,2,1,30,13,1,17,0.9550458788871765,better_shanten,5023.0
east,north,False,3,3,27,28,0,-1,0.6059092879295349,near_equivalent,5024.0
9m,9m,True,2,2,19,19,0,0,0.3544599413871765,exact_match,5025.0
north,north,True,3,3,26,26,0,0,0.5059381127357483,exact_match,5026.0
3p,9s,False,2,1,16,14,1,2,0.6339458227157593,better_shanten,5027.0
1s,1s,True,4,4,89,89,0,0,0.7789310812950134,exact_match,5028.0
west,west,True,3,3,28,28,0,0,0.8144485950469971,exact_match,5029.0
5p,7s,False,2,2,20,16,0,4,0.5016704201698303,ukeire_loss,5030.0
7p,7p,True,2,2,23,23,0,0,0.5921286940574646,exact_match,5031.0
9m,9m,True,2,2,27,27,0,0,0.7921640872955322,exact_match,5032.0
2m,4s,False,1,1,15,11,0,4,0.46006110310554504,ukeire_loss,5033.0
9p,9p,True,1,1,14,14,0,0,0.977519154548645,exact_match,5034.0
4s,1m,False,1,1,10,14,0,-4,0.9595189690589905,better_ukeire,5035.0
1m,1m,True,0,0,5,5,0,0,0.9722186923027039,exact_match,5036.0
6m,3m,False,0,0,5,5,0,0,0.5473104119300842,equivalent,5037.0
6p,6p,True,0,0,5,5,0,0,0.8089239597320557,exact_match,5038.0
north,west,False,4,4,63,62,0,1,0.4326706528663635,near_equivalent,5039.0
9p,west,False,3,3,37,37,0,0,0.5811057090759277,equivalent,5040.0
south,west,False,4,4,74,72,0,2,0.3676603138446808,near_equivalent,5041.0
1m,west,False,3,3,43,43,0,0,0.38564375042915344,equivalent,5042.0
east,west,False,3,3,57,57,0,0,0.4814073145389557,equivalent,5043.0
west,white,False,3,3,50,51,0,-1,0.41204386949539185,near_equivalent,5044.0
east,east,True,3,3,56,56,0,0,0.721977174282074,exact_match,5045.0
4m,white,False,2,2,29,30,0,-1,0.4581383764743805,near_equivalent,5046.0
west,west,True,2,2,15,15,0,0,0.4084046185016632,exact_match,5047.0
white,red,False,2,2,28,28,0,0,0.3453369736671448,equivalent,5048.0
9s,9m,False,3,2,58,14,1,44,0.9186182618141174,better_shanten,5049.0
red,1m,False,2,2,27,28,0,-1,0.3196437954902649,near_equivalent,5050.0
4s,9m,False,3,2,57,14,1,43,0.45292747020721436,better_shanten,5051.0
1m,1s,False,1,1,13,9,0,4,0.22783195972442627,ukeire_loss,5052.0
9p,8s,False,3,2,59,21,1,38,0.32130664587020874,better_shanten,5053.0
6s,6s,True,1,1,13,13,0,0,0.938317060470581,exact_match,5054.0
9p,9p,True,3,3,55,55,0,0,0.37861090898513794,exact_match,5055.0
6s,6s,True,1,1,13,13,0,0,0.928825318813324,exact_match,5056.0
5p,5p,True,2,2,19,19,0,0,0.5291042923927307,exact_match,5057.0
3p,5p,False,2,3,18,45,-1,-27,0.6554290652275085,shanten_loss,5058.0
7s,south,False,2,2,32,48,0,-16,0.9631277918815613,better_ukeire,5059.0
north,north,True,4,4,27,27,0,0,0.5664657950401306,exact_match,5060.0
east,south,False,2,2,43,42,0,1,0.5243723392486572,near_equivalent,5061.0
east,south,False,4,4,77,76,0,1,0.4673003554344177,near_equivalent,5062.0
south,south,True,2,2,58,58,0,0,0.8467832207679749,exact_match,5063.0
east,east,True,4,4,74,74,0,0,0.725838840007782,exact_match,5064.0
1p,1p,True,1,1,12,12,0,0,0.9422751069068909,exact_match,5065.0
4s,south,False,4,3,71,54,1,17,0.5198674201965332,better_shanten,5066.0
south,south,True,1,1,11,11,0,0,0.9870145320892334,exact_match,5067.0
9s,9s,True,4,4,68,68,0,0,0.7726575136184692,exact_match,5068.0
7p,9p,False,1,1,18,18,0,0,0.541628360748291,equivalent,5069.0
south,south,True,4,4,68,68,0,0,0.2977709472179413,exact_match,5070.0
1p,1p,True,1,1,17,17,0,0,0.7317509651184082,exact_match,5071.0
7p,1m,False,3,3,20,19,0,1,0.21609319746494293,near_equivalent,5072.0
green,green,True,1,1,17,17,0,0,0.6801974177360535,exact_match,5073.0
green,8p,False,2,2,13,11,0,2,0.5986728072166443,near_equivalent,5074.0
8p,8p,True,2,2,14,14,0,0,0.5486039519309998,exact_match,5075.0
9p,6s,False,3,2,33,13,1,20,0.3211041986942291,better_shanten,5076.0
1s,1s,True,4,4,94,94,0,0,0.780802309513092,exact_match,5077.0
7p,west,False,3,2,52,10,1,42,0.4982830584049225,better_shanten,5078.0
9m,south,False,3,3,80,88,0,-8,0.49299004673957825,better_ukeire,5079.0
9p,9p,True,2,2,10,10,0,0,0.6725936532020569,exact_match,5080.0
north,north,True,3,3,77,77,0,0,0.7288175225257874,exact_match,5081.0
2m,4s,False,2,2,8,12,0,-4,0.7552862167358398,better_ukeire,5082.0
north,north,True,3,3,74,74,0,0,0.7369914054870605,exact_match,5083.0
4s,8p,False,2,2,8,8,0,0,0.752886176109314,equivalent,5084.0
7s,south,False,2,2,51,68,0,-17,0.49505096673965454,better_ukeire,5085.0
8p,8p,True,2,2,8,8,0,0,0.563063383102417,exact_match,5086.0
south,8p,False,1,2,8,49,-1,-41,0.6004621982574463,shanten_loss,5087.0
red,west,False,1,1,6,6,0,0,0.5353867411613464,equivalent,5088.0
3m,3m,True,0,0,6,6,0,0,0.6879114508628845,exact_match,5089.0
9s,9s,True,0,0,6,6,0,0,0.9925841093063354,exact_match,5090.0
south,south,True,1,1,6,6,0,0,0.9236891865730286,exact_match,5091.0
9p,5m,False,1,0,11,6,1,5,0.7803459167480469,better_shanten,5092.0
west,west,True,0,0,4,4,0,0,0.9802514910697937,exact_match,5093.0
9p,7s,False,1,1,15,11,0,4,0.6075206995010376,ukeire_loss,5094.0
7s,7s,True,0,0,6,6,0,0,0.6542893052101135,exact_match,5095.0
red,red,True,3,3,71,71,0,0,0.5925047397613525,exact_match,5096.0
north,1m,False,4,4,77,77,0,0,0.44111713767051697,equivalent,5097.0
2m,2m,True,2,2,15,15,0,0,0.8504650592803955,exact_match,5098.0
9p,9p,True,4,4,75,75,0,0,0.7211872935295105,exact_match,5099.0
green,green,True,2,2,15,15,0,0,0.9741631150245667,exact_match,5100.0
1m,1m,True,4,4,72,72,0,0,0.3496887981891632,exact_match,5101.0
7m,7m,True,1,1,7,7,0,0,0.5212250351905823,exact_match,5102.0
9m,1s,False,4,4,69,70,0,-1,0.7787200808525085,near_equivalent,5103.0
4s,4s,True,1,1,8,8,0,0,0.23784705996513367,exact_match,5104.0
1s,1s,True,3,3,21,21,0,0,0.5798395872116089,exact_match,5105.0
red,red,True,3,3,45,45,0,0,0.7303875684738159,exact_match,5106.0
1m,1m,True,1,1,8,8,0,0,0.9859054684638977,exact_match,5107.0
2s,2s,True,3,3,44,44,0,0,0.860999345779419,exact_match,5108.0
1s,1s,True,1,1,8,8,0,0,0.7557138204574585,exact_match,5109.0
north,north,True,3,3,43,43,0,0,0.9193112850189209,exact_match,5110.0
south,south,True,1,1,8,8,0,0,0.8556082248687744,exact_match,5111.0
2m,2m,True,3,3,42,42,0,0,0.6000577211380005,exact_match,5112.0
5m,5m,True,1,1,8,8,0,0,0.9306668043136597,exact_match,5113.0
north,north,True,3,3,41,41,0,0,0.9319923520088196,exact_match,5114.0
6m,6m,True,1,1,8,8,0,0,0.6288219690322876,exact_match,5115.0
east,east,True,2,2,9,9,0,0,0.689542293548584,exact_match,5116.0
south,9s,False,5,5,90,90,0,0,0.5328226685523987,equivalent,5117.0
1p,1p,True,1,1,7,7,0,0,0.8227735161781311,exact_match,5118.0
9s,9s,True,4,4,75,75,0,0,0.5672112107276917,exact_match,5119.0
8s,8s,True,1,1,8,8,0,0,0.46460649371147156,exact_match,5120.0
east,east,True,3,3,63,63,0,0,0.4452976584434509,exact_match,5121.0
north,north,True,3,3,85,85,0,0,0.8273298740386963,exact_match,5122.0
4s,8s,False,1,1,8,8,0,0,0.5139657855033875,equivalent,5123.0
2s,2s,True,2,2,50,50,0,0,0.5144050717353821,exact_match,5124.0
5s,5s,True,1,1,8,8,0,0,0.7220503687858582,exact_match,5125.0
7p,7p,True,1,1,8,8,0,0,0.6415402293205261,exact_match,5126.0
2p,2p,True,1,1,11,11,0,0,0.4736449420452118,exact_match,5127.0
8p,8p,True,1,1,8,8,0,0,0.9240791201591492,exact_match,5128.0
8s,9p,False,1,1,11,11,0,0,0.8302977681159973,equivalent,5129.0
4p,west,False,1,1,8,8,0,0,0.7424058318138123,equivalent,5130.0
4p,4p,True,1,1,11,11,0,0,0.5712290406227112,exact_match,5131.0
6s,8s,False,1,1,5,5,0,0,0.7272413372993469,equivalent,5132.0
9p,green,False,1,1,11,11,0,0,0.4788876473903656,equivalent,5133.0
8s,7p,False,1,1,5,5,0,0,0.7213684916496277,equivalent,5134.0
green,green,True,1,1,11,11,0,0,0.5017809271812439,exact_match,5135.0
7p,7p,True,0,0,3,3,0,0,0.9718425869941711,exact_match,5136.0
8m,9p,False,2,1,28,11,1,17,0.8991051912307739,better_shanten,5137.0
2m,2m,True,0,0,3,3,0,0,0.4386063516139984,exact_match,5138.0
4p,9p,False,1,2,7,24,-1,-17,0.2664264738559723,shanten_loss,5139.0
2s,2s,True,0,0,3,3,0,0,0.9492488503456116,exact_match,5140.0
west,west,True,3,3,52,52,0,0,0.557799756526947,exact_match,5141.0
south,south,True,4,4,76,76,0,0,0.6323503255844116,exact_match,5142.0
north,north,True,3,3,62,62,0,0,0.6732715368270874,exact_match,5143.0
green,green,True,3,3,65,65,0,0,0.8392922878265381,exact_match,5144.0
8m,1m,False,2,2,49,51,0,-2,0.6297451853752136,near_equivalent,5145.0
2m,2m,True,2,2,23,23,0,0,0.678017795085907,exact_match,5146.0
8p,1m,False,1,1,12,13,0,-1,0.689067006111145,near_equivalent,5147.0
9m,9m,True,2,2,23,23,0,0,0.8469142913818359,exact_match,5148.0
east,east,True,1,1,12,12,0,0,0.8285052180290222,exact_match,5149.0
2p,west,False,2,2,23,23,0,0,0.7933558225631714,equivalent,5150.0
1s,south,False,1,1,11,12,0,-1,0.820362389087677,near_equivalent,5151.0
5p,west,False,1,1,15,15,0,0,0.7494105696678162,equivalent,5152.0
1m,1m,True,1,1,12,12,0,0,0.38447946310043335,exact_match,5153.0
west,red,False,1,1,14,14,0,0,0.7958120107650757,equivalent,5154.0
white,white,True,1,1,12,12,0,0,0.8349100947380066,exact_match,5155.0
south,west,False,1,1,10,10,0,0,0.6963246464729309,equivalent,5156.0
west,west,True,1,1,21,21,0,0,0.4282204806804657,exact_match,5157.0
north,north,True,3,3,49,49,0,0,0.8996596336364746,exact_match,5158.0
west,west,True,3,3,37,37,0,0,0.40439656376838684,exact_match,5159.0
red,red,True,3,3,66,66,0,0,0.46349361538887024,exact_match,5160.0
green,1s,False,3,3,43,35,0,8,0.3066856563091278,ukeire_loss,5161.0
white,white,True,3,3,73,73,0,0,0.6893338561058044,exact_match,5162.0
north,north,True,2,2,9,9,0,0,0.5246920585632324,exact_match,5163.0
9m,1s,False,2,2,17,16,0,1,0.5658262372016907,near_equivalent,5164.0
1m,1m,True,2,2,57,57,0,0,0.7505221366882324,exact_match,5165.0
1p,9s,False,2,2,18,17,0,1,0.4385894238948822,near_equivalent,5166.0
1s,1s,True,2,2,56,56,0,0,0.9382239580154419,exact_match,5167.0
1s,1s,True,2,2,28,28,0,0,0.5681445002555847,exact_match,5168.0
5p,5p,True,1,1,15,15,0,0,0.3322158753871918,exact_match,5169.0
9s,9s,True,2,2,24,24,0,0,0.7363461852073669,exact_match,5170.0
red,east,False,3,3,43,43,0,0,0.7831993103027344,equivalent,5171.0
8m,west,False,3,3,39,49,0,-10,0.41426557302474976,better_ukeire,5172.0
7p,west,False,2,2,19,20,0,-1,0.627585232257843,near_equivalent,5173.0
west,west,True,2,2,38,38,0,0,0.6203407645225525,exact_match,5174.0
3m,4s,False,1,1,11,11,0,0,0.5021011829376221,equivalent,5175.0
7m,1m,False,1,1,11,11,0,0,0.6043506264686584,equivalent,5176.0
south,2p,False,2,2,13,13,0,0,0.5401018261909485,equivalent,5177.0
north,north,True,3,3,16,16,0,0,0.68568354845047,exact_match,5178.0
2p,east,False,2,2,13,13,0,0,0.8078616261482239,equivalent,5179.0
1p,1p,True,3,3,23,23,0,0,0.8401450514793396,exact_match,5180.0
2s,2s,True,2,2,10,10,0,0,0.5854132175445557,exact_match,5181.0
5s,east,False,2,2,14,16,0,-2,0.6381095051765442,near_equivalent,5182.0
3p,3p,True,2,2,9,9,0,0,0.7060997486114502,exact_match,5183.0
8m,8m,True,2,2,14,14,0,0,0.8369401693344116,exact_match,5184.0
1s,1s,True,2,2,9,9,0,0,0.9055336117744446,exact_match,5185.0
5s,5s,True,2,2,17,17,0,0,0.34446266293525696,exact_match,5186.0
2s,2s,True,2,2,9,9,0,0,0.8904249668121338,exact_match,5187.0
1p,white,False,2,2,14,17,0,-3,0.41632556915283203,better_ukeire,5188.0
6s,6s,True,1,1,7,7,0,0,0.554713249206543,exact_match,5189.0
3p,5m,False,3,2,47,14,1,33,0.4286978244781494,better_shanten,5190.0
1s,1s,True,1,1,7,7,0,0,0.9334079027175903,exact_match,5191.0
west,9m,False,4,3,51,46,1,5,0.5316562652587891,better_shanten,5192.0
6m,6m,True,1,1,7,7,0,0,0.5647216439247131,exact_match,5193.0
9m,west,False,3,3,44,47,0,-3,0.5298715233802795,better_ukeire,5194.0
8p,2m,False,1,1,11,7,0,4,0.3567362129688263,ukeire_loss,5195.0
8p,west,False,4,3,56,51,1,5,0.5128909945487976,better_shanten,5196.0
2p,2p,True,1,1,11,11,0,0,0.6889778971672058,exact_match,5197.0
west,8p,False,3,3,50,46,0,4,0.6622032523155212,ukeire_loss,5198.0
9p,9p,True,1,1,19,19,0,0,0.7751259803771973,exact_match,5199.0
3s,8p,False,3,2,41,19,1,22,0.7203458547592163,better_shanten,5200.0
6s,6s,True,1,1,19,19,0,0,0.9236559271812439,exact_match,5201.0
east,8p,False,3,2,38,34,1,4,0.5669235587120056,better_shanten,5202.0
1m,1m,True,1,1,19,19,0,0,0.8948683738708496,exact_match,5203.0
9p,east,False,3,2,35,15,1,20,0.536577045917511,better_shanten,5204.0
1p,1p,True,1,1,18,18,0,0,0.9716609120368958,exact_match,5205.0
8s,east,False,3,2,37,32,1,5,0.8252320289611816,better_shanten,5206.0
4m,6m,False,0,1,7,17,-1,-10,0.6030046939849854,shanten_loss,5207.0
north,north,True,3,3,24,24,0,0,0.7835918664932251,exact_match,5208.0
west,west,True,4,4,68,68,0,0,0.5278019309043884,exact_match,5209.0
1m,1m,True,3,3,24,24,0,0,0.724338948726654,exact_match,5210.0
east,east,True,3,3,61,61,0,0,0.4471728801727295,exact_match,5211.0
9m,east,False,3,3,30,44,0,-14,0.52691251039505,better_ukeire,5212.0
south,9s,False,2,2,19,19,0,0,0.5187844634056091,equivalent,5213.0
white,white,True,3,3,30,30,0,0,0.5112455487251282,exact_match,5214.0
9s,9s,True,2,2,21,21,0,0,0.9447312355041504,exact_match,5215.0
north,north,True,3,3,29,29,0,0,0.7088547945022583,exact_match,5216.0
9p,9p,True,2,2,20,20,0,0,0.9946269392967224,exact_match,5217.0
red,red,True,3,3,44,44,0,0,0.5870774984359741,exact_match,5218.0
8s,8s,True,2,2,20,20,0,0,0.9417245388031006,exact_match,5219.0
1p,1p,True,3,3,48,48,0,0,0.6546567678451538,exact_match,5220.0
9p,9p,True,2,2,19,19,0,0,0.9853518605232239,exact_match,5221.0
9s,east,False,2,2,22,35,0,-13,0.7179203629493713,better_ukeire,5222.0
8s,8s,True,2,2,19,19,0,0,0.9548051953315735,exact_match,5223.0
3p,9m,False,1,1,14,14,0,0,0.6197236776351929,equivalent,5224.0
east,3p,False,2,2,58,48,0,10,0.40988588333129883,ukeire_loss,5225.0
2p,2p,True,1,1,21,21,0,0,0.8812217712402344,exact_match,5226.0
7s,3p,False,1,1,10,10,0,0,0.5593671798706055,equivalent,5227.0
3m,3m,True,0,0,7,7,0,0,0.49043768644332886,exact_match,5228.0
4s,3p,False,1,1,10,10,0,0,0.5092877149581909,equivalent,5229.0
7p,7p,True,0,0,7,7,0,0,0.9907219409942627,exact_match,5230.0
6m,3p,False,1,1,12,12,0,0,0.5807579755783081,equivalent,5231.0
1s,1s,True,0,0,7,7,0,0,0.8588775396347046,exact_match,5232.0
south,south,True,1,1,12,12,0,0,0.8363473415374756,exact_match,5233.0
west,west,True,0,0,7,7,0,0,0.9693176746368408,exact_match,5234.0
2m,2m,True,2,2,14,14,0,0,0.509397566318512,exact_match,5235.0
west,east,False,2,2,16,16,0,0,0.5772562623023987,equivalent,5236.0
7m,7m,True,2,2,45,45,0,0,0.45914989709854126,exact_match,5237.0
east,east,True,2,2,16,16,0,0,0.6053762435913086,exact_match,5238.0
green,green,True,1,1,11,11,0,0,0.5761824250221252,exact_match,5239.0
white,white,True,2,2,28,28,0,0,0.9212716817855835,exact_match,5240.0
2m,2m,True,1,1,11,11,0,0,0.9602972865104675,exact_match,5241.0
3s,3p,False,1,1,10,14,0,-4,0.47772276401519775,better_ukeire,5242.0
1s,1s,True,1,1,11,11,0,0,0.9345412850379944,exact_match,5243.0
green,green,True,1,1,9,9,0,0,0.9766087532043457,exact_match,5244.0
6s,3p,False,1,1,11,19,0,-8,0.6627339720726013,better_ukeire,5245.0
south,south,True,1,1,9,9,0,0,0.969906210899353,exact_match,5246.0
5s,4p,False,1,1,11,11,0,0,0.2199152708053589,equivalent,5247.0
9s,9s,True,1,1,9,9,0,0,0.9674320220947266,exact_match,5248.0
5s,5s,True,0,0,8,8,0,0,0.9926608800888062,exact_match,5249.0
3s,3s,True,1,1,13,13,0,0,0.8856124877929688,exact_match,5250.0
7m,7m,True,0,0,8,8,0,0,0.9969744682312012,exact_match,5251.0
north,north,True,3,3,59,59,0,0,0.800883412361145,exact_match,5252.0
9p,9p,True,5,5,97,97,0,0,0.8782182335853577,exact_match,5253.0
9p,red,False,2,2,20,20,0,0,0.9613726735115051,equivalent,5254.0
green,green,True,4,4,77,77,0,0,0.3200609087944031,exact_match,5255.0
red,red,True,2,2,23,23,0,0,0.9886821508407593,exact_match,5256.0
2m,red,False,3,3,65,73,0,-8,0.643069326877594,better_ukeire,5257.0
2p,2p,True,2,2,22,22,0,0,0.9434215426445007,exact_match,5258.0
red,red,True,2,2,15,15,0,0,0.5940361022949219,exact_match,5259.0
1p,1p,True,2,2,21,21,0,0,0.9683008193969727,exact_match,5260.0
2m,2m,True,2,2,14,14,0,0,0.9304813742637634,exact_match,5261.0
3s,1m,False,2,2,17,20,0,-3,0.9689717888832092,better_ukeire,5262.0
6p,4s,False,2,2,18,18,0,0,0.36917003989219666,equivalent,5263.0
2s,2s,True,2,2,21,21,0,0,0.5545675754547119,exact_match,5264.0
3p,8m,False,2,2,12,18,0,-6,0.5513677597045898,better_ukeire,5265.0
1m,8m,False,1,1,16,13,0,3,0.6133226752281189,ukeire_loss,5266.0
7p,7p,True,2,2,12,12,0,0,0.49016451835632324,exact_match,5267.0
6s,8m,False,0,1,4,39,-1,-35,0.5874505639076233,shanten_loss,5268.0
8p,8p,True,2,2,12,12,0,0,0.4986690580844879,exact_match,5269.0
7p,7p,True,0,0,4,4,0,0,0.8098348379135132,exact_match,5270.0
4s,1m,False,2,2,12,12,0,0,0.728865385055542,equivalent,5271.0
east,east,True,0,0,4,4,0,0,0.8013486862182617,exact_match,5272.0
3p,3p,True,2,2,12,12,0,0,0.3987570106983185,exact_match,5273.0
8m,3m,False,0,0,4,0,0,4,0.6276529431343079,ukeire_loss,5274.0
north,north,True,4,4,42,42,0,0,0.5511792898178101,exact_match,5275.0
south,south,True,3,3,24,24,0,0,0.7774251103401184,exact_match,5276.0
8s,red,False,3,3,28,28,0,0,0.8756972551345825,equivalent,5277.0
red,red,True,3,3,36,36,0,0,0.9148168563842773,exact_match,5278.0
1p,1p,True,2,2,24,24,0,0,0.3478202223777771,exact_match,5279.0
3m,3m,True,2,2,22,22,0,0,0.7760090231895447,exact_match,5280.0
8p,8p,True,2,2,24,24,0,0,0.421030730009079,exact_match,5281.0
3s,3s,True,2,2,24,24,0,0,0.8313803672790527,exact_match,5282.0
2p,2m,False,2,2,17,23,0,-6,0.3907838463783264,better_ukeire,5283.0
3p,3p,True,1,1,13,13,0,0,0.8496787548065186,exact_match,5284.0
8m,4p,False,1,1,10,13,0,-3,0.9197906851768494,better_ukeire,5285.0
4p,4p,True,1,1,13,13,0,0,0.4822322130203247,exact_match,5286.0
white,white,True,1,1,12,12,0,0,0.9348630905151367,exact_match,5287.0
7m,7m,True,0,0,3,3,0,0,0.6602544784545898,exact_match,5288.0
7s,7s,True,0,0,3,3,0,0,0.6692504286766052,exact_match,5289.0
3p,3p,True,0,0,3,3,0,0,0.9818872213363647,exact_match,5290.0
1p,1p,True,4,4,80,80,0,0,0.5790273547172546,exact_match,5291.0
1p,1p,True,4,4,79,79,0,0,0.7783089280128479,exact_match,5292.0
1s,1s,True,3,3,55,55,0,0,0.46768638491630554,exact_match,5293.0
south,south,True,3,3,63,63,0,0,0.3445855975151062,exact_match,5294.0
8p,green,False,2,2,27,28,0,-1,0.6366850137710571,near_equivalent,5295.0
6s,green,False,1,1,14,14,0,0,0.6675547957420349,equivalent,5296.0
4p,9m,False,1,1,11,14,0,-3,0.7475849986076355,better_ukeire,5297.0
3p,3p,True,1,1,11,11,0,0,0.6500061750411987,exact_match,5298.0
9p,9p,True,1,1,11,11,0,0,0.8003830909729004,exact_match,5299.0
north,north,True,0,0,6,6,0,0,0.9453533291816711,exact_match,5300.0
7s,7s,True,0,0,6,6,0,0,0.9585153460502625,exact_match,5301.0
north,north,True,5,5,85,85,0,0,0.5043283104896545,exact_match,5302.0
green,green,True,4,4,69,69,0,0,0.3998015820980072,exact_match,5303.0
2m,2m,True,4,4,68,68,0,0,0.591005265712738,exact_match,5304.0
1s,4p,False,3,3,55,45,0,10,0.370131254196167,ukeire_loss,5305.0
4p,8s,False,2,2,19,19,0,0,0.38517946004867554,equivalent,5306.0
8s,8s,True,1,1,11,11,0,0,0.6267165541648865,exact_match,5307.0
1s,1s,True,1,1,11,11,0,0,0.5883872509002686,exact_match,5308.0
9p,9p,True,1,1,10,10,0,0,0.834445059299469,exact_match,5309.0
east,east,True,0,0,3,3,0,0,0.9360650777816772,exact_match,5310.0
green,north,False,3,3,35,35,0,0,0.8184825778007507,equivalent,5311.0
1s,north,False,4,4,56,60,0,-4,0.5438777208328247,better_ukeire,5312.0
red,north,False,2,2,28,28,0,0,0.5894482731819153,equivalent,5313.0
1m,north,False,3,3,24,24,0,0,0.6019236445426941,equivalent,5314.0
8p,north,False,1,1,15,15,0,0,0.8320981860160828,equivalent,5315.0
north,green,False,3,3,24,24,0,0,0.467138409614563,equivalent,5316.0
east,east,True,1,1,15,15,0,0,0.6738869547843933,exact_match,5317.0
green,green,True,2,2,16,16,0,0,0.6235217452049255,exact_match,5318.0
south,south,True,1,1,15,15,0,0,0.8888046741485596,exact_match,5319.0
white,white,True,2,2,16,16,0,0,0.5362809300422668,exact_match,5320.0
9m,9m,True,1,1,15,15,0,0,0.799658477306366,exact_match,5321.0
7p,red,False,2,2,16,16,0,0,0.9321166276931763,equivalent,5322.0
south,south,True,1,1,15,15,0,0,0.788860559463501,exact_match,5323.0
8s,red,False,2,2,15,23,0,-8,0.48528778553009033,better_ukeire,5324.0
north,3p,False,1,1,18,14,0,4,0.6581497192382812,ukeire_loss,5325.0
5p,red,False,1,1,14,14,0,0,0.7559466361999512,equivalent,5326.0
7s,7s,True,1,1,17,17,0,0,0.5076555609703064,exact_match,5327.0
red,red,True,1,1,18,18,0,0,0.7613630294799805,exact_match,5328.0
8s,8s,True,1,1,17,17,0,0,0.9309743642807007,exact_match,5329.0
9m,9m,True,1,1,17,17,0,0,0.6034142971038818,exact_match,5330.0
4p,4p,True,1,1,17,17,0,0,0.4278538227081299,exact_match,5331.0
2p,1m,False,1,1,16,16,0,0,0.9397501945495605,equivalent,5332.0
9p,9p,True,1,1,15,15,0,0,0.6975076794624329,exact_match,5333.0
2s,2s,True,1,1,15,15,0,0,0.8329491019248962,exact_match,5334.0
7p,7p,True,1,1,15,15,0,0,0.6419835090637207,exact_match,5335.0
4p,1m,False,1,1,11,15,0,-4,0.24837669730186462,better_ukeire,5336.0
east,east,True,2,2,39,39,0,0,0.6846597194671631,exact_match,5337.0
1m,south,False,2,2,41,49,0,-8,0.5480471253395081,better_ukeire,5338.0
south,south,True,1,1,34,34,0,0,0.9441565275192261,exact_match,5339.0
6p,6p,True,0,0,9,9,0,0,0.8749836087226868,exact_match,5340.0
green,green,True,0,0,9,9,0,0,0.9465728402137756,exact_match,5341.0
west,9s,False,3,3,21,21,0,0,0.4742322564125061,equivalent,5342.0
5m,south,False,3,3,37,37,0,0,0.8488336801528931,equivalent,5343.0
9s,9s,True,3,3,21,21,0,0,0.6768244504928589,exact_match,5344.0
6p,south,False,3,3,20,35,0,-15,0.3303947448730469,better_ukeire,5345.0
green,green,True,3,3,54,54,0,0,0.4505300521850586,exact_match,5346.0
4p,4p,True,3,3,34,34,0,0,0.4638367295265198,exact_match,5347.0
white,white,True,3,3,58,58,0,0,0.40624135732650757,exact_match,5348.0
3p,3p,True,3,3,33,33,0,0,0.8177909255027771,exact_match,5349.0
3p,3p,True,3,3,64,64,0,0,0.3245827257633209,exact_match,5350.0
south,red,False,2,2,11,11,0,0,0.3483477234840393,equivalent,5351.0
7p,7p,True,2,2,51,51,0,0,0.47446030378341675,exact_match,5352.0
4m,4m,True,2,2,11,11,0,0,0.7248042225837708,exact_match,5353.0
3m,3m,True,1,1,32,32,0,0,0.5772256255149841,exact_match,5354.0
white,red,False,2,2,24,25,0,-1,0.44778111577033997,near_equivalent,5355.0
west,west,True,1,1,32,32,0,0,0.5738788843154907,exact_match,5356.0
1m,red,False,2,2,24,26,0,-2,0.42461609840393066,near_equivalent,5357.0
6m,6m,True,0,0,13,13,0,0,0.9671878814697266,exact_match,5358.0
north,west,False,3,3,43,43,0,0,0.5605322122573853,equivalent,5359.0
9p,9p,True,3,3,65,65,0,0,0.6197789311408997,exact_match,5360.0
north,north,True,3,3,42,42,0,0,0.7623803019523621,exact_match,5361.0
white,1m,False,3,3,21,21,0,0,0.627963125705719,equivalent,5362.0
1m,1m,True,3,3,72,72,0,0,0.8292409181594849,exact_match,5363.0
2s,2s,True,2,2,60,60,0,0,0.8731634020805359,exact_match,5364.0
6p,3p,False,1,1,14,12,0,2,0.26301538944244385,near_equivalent,5365.0
green,green,True,1,1,14,14,0,0,0.8618128299713135,exact_match,5366.0
6s,6s,True,1,1,14,14,0,0,0.3355572521686554,exact_match,5367.0
red,red,True,1,1,14,14,0,0,0.9094438552856445,exact_match,5368.0
3s,8s,False,1,1,14,13,0,1,0.4572643041610718,near_equivalent,5369.0
6p,6p,True,1,1,23,23,0,0,0.3559685945510864,exact_match,5370.0
6p,6p,True,1,1,8,8,0,0,0.44857656955718994,exact_match,5371.0
1m,6p,False,0,1,1,7,-1,-6,0.50332111120224,shanten_loss,5372.0
north,west,False,4,4,76,76,0,0,0.3679959774017334,equivalent,5373.0
9m,9m,True,4,4,74,74,0,0,0.7685984969139099,exact_match,5374.0
west,west,True,3,3,16,16,0,0,0.5832986235618591,exact_match,5375.0
green,green,True,3,3,63,63,0,0,0.7510668039321899,exact_match,5376.0
west,west,True,3,3,16,16,0,0,0.765745997428894,exact_match,5377.0
6m,white,False,2,2,27,27,0,0,0.8450887799263,equivalent,5378.0
south,red,False,3,3,15,15,0,0,0.4535670280456543,equivalent,5379.0
9s,9s,True,2,2,31,31,0,0,0.48756441473960876,exact_match,5380.0
red,red,True,3,3,18,18,0,0,0.49289271235466003,exact_match,5381.0
white,white,True,2,2,31,31,0,0,0.6902797222137451,exact_match,5382.0
2m,2m,True,3,3,23,23,0,0,0.3744797706604004,exact_match,5383.0
7s,3m,False,1,1,21,18,0,3,0.35619422793388367,ukeire_loss,5384.0
9m,9p,False,3,3,14,21,0,-7,0.6000081300735474,better_ukeire,5385.0
3m,8p,False,1,1,21,20,0,1,0.5588935017585754,near_equivalent,5386.0
7m,north,False,4,3,58,13,1,45,0.5475795269012451,better_shanten,5387.0
7p,7p,True,1,1,20,20,0,0,0.8346679210662842,exact_match,5388.0
9p,9p,True,3,3,35,35,0,0,0.8041242957115173,exact_match,5389.0
white,white,True,1,1,18,18,0,0,0.9325347542762756,exact_match,5390.0
9s,north,False,3,2,34,14,1,20,0.6203420758247375,better_shanten,5391.0
8p,8p,True,0,0,8,8,0,0,0.8705894351005554,exact_match,5392.0
9s,9s,True,2,2,11,11,0,0,0.6496574282646179,exact_match,5393.0
3s,3s,True,0,0,8,8,0,0,0.8113546371459961,exact_match,5394.0
3s,3s,True,1,1,6,6,0,0,0.5306147933006287,exact_match,5395.0
south,south,True,0,0,8,8,0,0,0.9861533641815186,exact_match,5396.0
6p,6p,True,1,1,6,6,0,0,0.5634786486625671,exact_match,5397.0
south,1s,False,3,3,59,51,0,8,0.5579198002815247,ukeire_loss,5398.0
5m,1s,False,2,2,25,25,0,0,0.8266606330871582,equivalent,5399.0
6s,1s,False,1,1,9,9,0,0,0.5664668083190918,equivalent,5400.0
white,white,True,3,3,32,32,0,0,0.8076428771018982,exact_match,5401.0
8p,1s,False,2,3,25,75,-1,-50,0.3844989836215973,shanten_loss,5402.0
1s,2m,False,2,2,25,51,0,-26,0.45820868015289307,better_ukeire,5403.0
2m,2m,True,2,2,46,46,0,0,0.7405446171760559,exact_match,5404.0
9s,7p,False,2,2,40,45,0,-5,0.9298259615898132,better_ukeire,5405.0
7p,7p,True,2,2,37,37,0,0,0.5821192860603333,exact_match,5406.0
white,white,True,2,2,36,36,0,0,0.8230006098747253,exact_match,5407.0
white,white,True,2,2,35,35,0,0,0.8439961671829224,exact_match,5408.0
8s,1s,False,1,2,7,34,-1,-27,0.5544992089271545,shanten_loss,5409.0
9p,9p,True,4,4,65,65,0,0,0.3365688920021057,exact_match,5410.0
1m,1p,False,4,4,57,56,0,1,0.4496656060218811,near_equivalent,5411.0
2m,2m,True,4,4,55,55,0,0,0.5991191267967224,exact_match,5412.0
6p,4p,False,4,4,42,48,0,-6,0.41527149081230164,better_ukeire,5413.0
4p,4p,True,4,4,45,45,0,0,0.5014023780822754,exact_match,5414.0
6p,6p,True,4,4,44,44,0,0,0.7768948674201965,exact_match,5415.0
1p,1p,True,3,3,23,23,0,0,0.46786871552467346,exact_match,5416.0
south,east,False,2,2,20,20,0,0,0.34365716576576233,equivalent,5417.0
5m,5m,True,2,2,18,18,0,0,0.7006267309188843,exact_match,5418.0
3p,3p,True,2,2,17,17,0,0,0.7941267490386963,exact_match,5419.0
east,east,True,2,2,17,17,0,0,0.7423009276390076,exact_match,5420.0
9s,west,False,5,5,70,78,0,-8,0.46267035603523254,better_ukeire,5421.0
west,west,True,5,5,85,85,0,0,0.2793227732181549,exact_match,5422.0
east,1p,False,4,4,66,60,0,6,0.5639757513999939,ukeire_loss,5423.0
1m,green,False,3,3,54,58,0,-4,0.31125882267951965,better_ukeire,5424.0
1p,1p,True,3,3,54,54,0,0,0.3743096888065338,exact_match,5425.0
west,west,True,3,3,53,53,0,0,0.8270366787910461,exact_match,5426.0
green,4s,False,2,2,42,30,0,12,0.3886699378490448,ukeire_loss,5427.0
5p,5p,True,2,2,41,41,0,0,0.6003603339195251,exact_match,5428.0
white,4s,False,1,1,12,12,0,0,0.4354662299156189,equivalent,5429.0
east,east,True,1,1,12,12,0,0,0.7605891823768616,exact_match,5430.0
4s,4s,True,0,0,4,4,0,0,0.9373691082000732,exact_match,5431.0
north,north,True,3,3,27,27,0,0,0.8354737758636475,exact_match,5432.0
9m,9m,True,3,3,54,54,0,0,0.5430288910865784,exact_match,5433.0
red,east,False,3,3,56,56,0,0,0.49016469717025757,equivalent,5434.0
east,east,True,2,2,40,40,0,0,0.9108979105949402,exact_match,5435.0
west,west,True,2,2,39,39,0,0,0.9471949934959412,exact_match,5436.0
south,south,True,2,2,39,39,0,0,0.9220787882804871,exact_match,5437.0
white,white,True,2,2,39,39,0,0,0.8555036783218384,exact_match,5438.0
5p,5p,True,1,1,21,21,0,0,0.6766162514686584,exact_match,5439.0
red,red,True,2,2,58,58,0,0,0.9902616143226624,exact_match,5440.0
9s,9s,True,2,2,57,57,0,0,0.7033646106719971,exact_match,5441.0
6m,6m,True,1,1,16,16,0,0,0.8201029300689697,exact_match,5442.0
1s,1s,True,1,1,16,16,0,0,0.9252926707267761,exact_match,5443.0
4p,2p,False,1,1,16,15,0,1,0.5378116369247437,near_equivalent,5444.0
2p,9p,False,1,1,15,16,0,-1,0.4673328995704651,near_equivalent,5445.0
south,south,True,1,1,14,14,0,0,0.9518815875053406,exact_match,5446.0
west,west,True,1,1,14,14,0,0,0.9187675714492798,exact_match,5447.0
east,east,True,1,1,14,14,0,0,0.8910313248634338,exact_match,5448.0
1s,1s,True,1,1,13,13,0,0,0.8987678289413452,exact_match,5449.0
7s,7s,True,1,1,13,13,0,0,0.7817649841308594,exact_match,5450.0
1p,1p,True,1,1,12,12,0,0,0.7033495903015137,exact_match,5451.0
9m,9m,True,3,3,55,55,0,0,0.5775668621063232,exact_match,5452.0
green,green,True,3,3,55,55,0,0,0.7793306708335876,exact_match,5453.0
red,red,True,2,2,14,14,0,0,0.9329723119735718,exact_match,5454.0
9p,4s,False,2,2,18,18,0,0,0.5146718621253967,equivalent,5455.0
1s,8s,False,2,2,18,31,0,-13,0.49910157918930054,better_ukeire,5456.0
1s,1m,False,2,2,18,18,0,0,0.8784691095352173,equivalent,5457.0
west,west,True,2,2,24,24,0,0,0.6358045339584351,exact_match,5458.0
1m,1m,True,2,2,21,21,0,0,0.8706346154212952,exact_match,5459.0
green,green,True,2,2,22,22,0,0,0.8563341498374939,exact_match,5460.0
1p,1p,True,2,2,20,20,0,0,0.8379173874855042,exact_match,5461.0
4p,south,False,2,2,21,21,0,0,0.8596716523170471,equivalent,5462.0
1p,1p,True,2,2,18,18,0,0,0.8490870594978333,exact_match,5463.0
6s,south,False,2,1,35,9,1,26,0.621100664138794,better_shanten,5464.0
9s,9s,True,1,1,15,15,0,0,0.8400261402130127,exact_match,5465.0
south,south,True,2,2,45,45,0,0,0.47875165939331055,exact_match,5466.0
9s,9s,True,1,1,15,15,0,0,0.9329924583435059,exact_match,5467.0
east,east,True,2,2,44,44,0,0,0.8587318658828735,exact_match,5468.0
9p,9p,True,2,2,42,42,0,0,0.8264895677566528,exact_match,5469.0
6m,6m,True,2,2,32,32,0,0,0.6913049817085266,exact_match,5470.0
6p,3p,False,1,2,9,30,-1,-21,0.529382050037384,shanten_loss,5471.0
8s,8s,True,0,0,5,5,0,0,0.9549457430839539,exact_match,5472.0
9m,9m,True,0,0,5,5,0,0,0.9842092990875244,exact_match,5473.0
7m,5s,False,1,0,9,4,1,5,0.3729502856731415,better_shanten,5474.0
west,west,True,4,4,27,27,0,0,0.9337807297706604,exact_match,5475.0
green,green,True,4,4,79,79,0,0,0.5499237775802612,exact_match,5476.0
white,white,True,3,3,47,47,0,0,0.6488246917724609,exact_match,5477.0
east,east,True,2,2,22,22,0,0,0.9358605742454529,exact_match,5478.0
9s,8m,False,2,2,23,22,0,1,0.4494822323322296,near_equivalent,5479.0
9m,9m,True,2,2,23,23,0,0,0.9185073971748352,exact_match,5480.0
north,north,True,2,2,22,22,0,0,0.8974014520645142,exact_match,5481.0
1m,1m,True,2,2,22,22,0,0,0.8511334657669067,exact_match,5482.0
6s,8m,False,1,1,14,11,0,3,0.45942312479019165,ukeire_loss,5483.0
2p,2p,True,1,1,12,12,0,0,0.7659227252006531,exact_match,5484.0
2p,2p,True,1,1,12,12,0,0,0.8748511075973511,exact_match,5485.0
8s,8s,True,1,1,12,12,0,0,0.5407328605651855,exact_match,5486.0
green,green,True,1,1,11,11,0,0,0.8060648441314697,exact_match,5487.0
1p,1p,True,1,1,11,11,0,0,0.9163948893547058,exact_match,5488.0
6m,8m,False,0,0,3,2,0,1,0.4108433127403259,near_equivalent,5489.0
9p,9p,True,0,0,3,3,0,0,0.9700189232826233,exact_match,5490.0
9m,9m,True,3,3,52,52,0,0,0.6354409456253052,exact_match,5491.0
9p,9p,True,3,3,51,51,0,0,0.3185940682888031,exact_match,5492.0
8m,8m,True,3,3,51,51,0,0,0.7703176140785217,exact_match,5493.0
8p,8p,True,2,2,19,19,0,0,0.787894606590271,exact_match,5494.0
9s,9s,True,1,1,12,12,0,0,0.2898104190826416,exact_match,5495.0
8s,east,False,1,1,12,12,0,0,0.7856827974319458,equivalent,5496.0
east,east,True,0,0,4,4,0,0,0.8421376347541809,exact_match,5497.0
4p,7m,False,2,2,52,59,0,-7,0.47180160880088806,better_ukeire,5498.0
9m,9m,True,1,1,7,7,0,0,0.8801869750022888,exact_match,5499.0
red,red,True,2,2,49,49,0,0,0.9147652983665466,exact_match,5500.0
9m,9m,True,1,1,6,6,0,0,0.9448524713516235,exact_match,5501.0
3m,3s,False,1,1,12,8,0,4,0.5013071298599243,ukeire_loss,5502.0
9m,9m,True,1,1,5,5,0,0,0.9382548332214355,exact_match,5503.0
1s,1s,True,1,1,12,12,0,0,0.8956347107887268,exact_match,5504.0
green,green,True,1,1,5,5,0,0,0.7627338171005249,exact_match,5505.0
east,east,True,1,1,12,12,0,0,0.7165218591690063,exact_match,5506.0
1p,1p,True,1,1,5,5,0,0,0.7439285516738892,exact_match,5507.0
6m,8s,False,1,1,15,13,0,2,0.8469924330711365,near_equivalent,5508.0
8s,8s,True,0,0,4,4,0,0,0.9891623258590698,exact_match,5509.0
8s,8s,True,1,1,13,13,0,0,0.9342877268791199,exact_match,5510.0
north,north,True,4,4,77,77,0,0,0.5300883054733276,exact_match,5511.0
1p,1p,True,3,3,48,48,0,0,0.4204147160053253,exact_match,5512.0
8s,east,False,3,3,57,68,0,-11,0.4166651666164398,better_ukeire,5513.0
7s,green,False,3,3,55,70,0,-15,0.39037734270095825,better_ukeire,5514.0
6s,green,False,3,3,54,69,0,-15,0.4588424563407898,better_ukeire,5515.0
7m,green,False,2,2,13,13,0,0,0.5886179208755493,equivalent,5516.0
6m,6m,True,2,2,13,13,0,0,0.6881880760192871,exact_match,5517.0
7m,7m,True,2,2,13,13,0,0,0.809827446937561,exact_match,5518.0
2m,green,False,2,1,26,7,1,19,0.7347303628921509,better_shanten,5519.0
1s,1m,False,2,1,24,5,1,19,0.48538100719451904,better_shanten,5520.0
1m,1m,True,1,1,8,8,0,0,0.6285592317581177,exact_match,5521.0
white,white,True,1,1,8,8,0,0,0.7607940435409546,exact_match,5522.0
east,green,False,1,0,9,6,1,3,0.7756869196891785,better_shanten,5523.0
east,east,True,0,0,2,2,0,0,0.7870355844497681,exact_match,5524.0
9m,9m,True,0,0,2,2,0,0,0.9185952544212341,exact_match,5525.0
9m,9m,True,0,0,2,2,0,0,0.9270601868629456,exact_match,5526.0
green,green,True,0,0,2,2,0,0,0.6490614414215088,exact_match,5527.0
9s,9p,False,0,1,2,13,-1,-11,0.3965541422367096,shanten_loss,5528.0
east,east,True,4,4,70,70,0,0,0.5107331871986389,exact_match,5529.0
1m,1m,True,3,3,19,19,0,0,0.6561340093612671,exact_match,5530.0
green,green,True,3,3,18,18,0,0,0.4565070867538452,exact_match,5531.0
2s,red,False,2,2,14,13,0,1,0.35743585228919983,near_equivalent,5532.0
1s,1s,True,2,2,13,13,0,0,0.8461427688598633,exact_match,5533.0
9p,9p,True,2,2,13,13,0,0,0.8751987218856812,exact_match,5534.0
white,red,False,2,2,34,35,0,-1,0.41800743341445923,near_equivalent,5535.0
6p,red,False,1,1,5,5,0,0,0.4697510600090027,equivalent,5536.0
8p,8p,True,1,1,5,5,0,0,0.8555156588554382,exact_match,5537.0
east,east,True,1,1,5,5,0,0,0.7554200887680054,exact_match,5538.0
7m,red,False,2,1,19,8,1,11,0.845390796661377,better_shanten,5539.0
9m,9m,True,1,1,4,4,0,0,0.3961845934391022,exact_match,5540.0
8s,red,False,1,1,7,11,0,-4,0.536238431930542,better_ukeire,5541.0
north,west,False,3,3,28,28,0,0,0.47114068269729614,equivalent,5542.0
9s,9s,True,3,3,69,69,0,0,0.761495053768158,exact_match,5543.0
west,west,True,3,3,26,26,0,0,0.5901922583580017,exact_match,5544.0
red,red,True,2,2,18,18,0,0,0.8811347484588623,exact_match,5545.0
1m,south,False,3,3,24,24,0,0,0.41403400897979736,equivalent,5546.0
1m,2p,False,2,2,25,25,0,0,0.6121218204498291,equivalent,5547.0
east,red,False,2,2,14,14,0,0,0.3846597671508789,equivalent,5548.0
8p,2p,False,2,2,29,29,0,0,0.6105158925056458,equivalent,5549.0
8m,8m,True,2,2,14,14,0,0,0.4448634088039398,exact_match,5550.0
2p,2p,True,1,1,19,19,0,0,0.8306997418403625,exact_match,5551.0
9s,red,False,2,2,19,19,0,0,0.6310107707977295,equivalent,5552.0
red,9m,False,2,2,30,19,0,11,0.5071571469306946,ukeire_loss,5553.0
green,green,True,3,3,86,86,0,0,0.9588807225227356,exact_match,5554.0
7s,7s,True,2,2,65,65,0,0,0.5101298093795776,exact_match,5555.0
4s,4s,True,1,1,16,16,0,0,0.5176437497138977,exact_match,5556.0
east,east,True,3,3,31,31,0,0,0.6581040024757385,exact_match,5557.0
south,south,True,3,3,30,30,0,0,0.6015711426734924,exact_match,5558.0
9m,9m,True,3,3,30,30,0,0,0.6319533586502075,exact_match,5559.0
west,west,True,4,4,89,89,0,0,0.7490045428276062,exact_match,5560.0
9s,9s,True,4,4,87,87,0,0,0.3667716085910797,exact_match,5561.0
3m,9m,False,3,3,24,24,0,0,0.40785470604896545,equivalent,5562.0
9p,9p,True,3,3,24,24,0,0,0.9657980799674988,exact_match,5563.0
8s,8s,True,3,3,32,32,0,0,0.34489110112190247,exact_match,5564.0
6s,green,False,3,3,28,32,0,-4,0.8460830450057983,better_ukeire,5565.0
south,south,True,3,3,28,28,0,0,0.6980531811714172,exact_match,5566.0
9m,green,False,2,2,27,27,0,0,0.6747181415557861,equivalent,5567.0
8m,red,False,2,2,26,26,0,0,0.60975581407547,equivalent,5568.0
8p,8p,True,2,2,24,24,0,0,0.7450236082077026,exact_match,5569.0
green,green,True,2,2,26,26,0,0,0.8047705292701721,exact_match,5570.0
red,1m,False,2,2,23,25,0,-2,0.9045072197914124,near_equivalent,5571.0
1m,red,False,1,1,18,18,0,0,0.7461805939674377,equivalent,5572.0
east,red,False,1,1,18,18,0,0,0.654465913772583,equivalent,5573.0
9m,9m,True,1,1,18,18,0,0,0.738676905632019,exact_match,5574.0
red,red,True,1,1,19,19,0,0,0.8977505564689636,exact_match,5575.0
2s,2s,True,0,0,7,7,0,0,0.8427706956863403,exact_match,5576.0
9m,9m,True,0,0,7,7,0,0,0.9980949759483337,exact_match,5577.0
east,1m,False,4,4,83,77,0,6,0.5786333084106445,ukeire_loss,5578.0
9p,9p,True,4,4,83,83,0,0,0.6130525469779968,exact_match,5579.0
1m,1m,True,3,3,54,54,0,0,0.6636767387390137,exact_match,5580.0
green,green,True,3,3,61,61,0,0,0.7668538093566895,exact_match,5581.0
8s,2s,False,2,2,52,51,0,1,0.6414150595664978,near_equivalent,5582.0
2s,2s,True,2,2,62,62,0,0,0.5795650482177734,exact_match,5583.0
8s,8s,True,2,2,60,60,0,0,0.5550257563591003,exact_match,5584.0
2p,6p,False,1,1,17,18,0,-1,0.36467665433883667,near_equivalent,5585.0
east,east,True,1,1,16,16,0,0,0.8896477818489075,exact_match,5586.0
6p,6p,True,0,0,4,4,0,0,0.9317092895507812,exact_match,5587.0
west,west,True,0,0,4,4,0,0,0.9955279231071472,exact_match,5588.0
9p,1s,False,2,2,23,23,0,0,0.7419800162315369,equivalent,5589.0
2m,1m,False,1,1,9,9,0,0,0.5621211528778076,equivalent,5590.0
1s,1s,True,2,2,30,30,0,0,0.8326919674873352,exact_match,5591.0
1m,1m,True,1,1,9,9,0,0,0.9900814890861511,exact_match,5592.0
green,green,True,2,2,28,28,0,0,0.9373761415481567,exact_match,5593.0
3s,7m,False,1,1,9,5,0,4,0.3628085255622864,ukeire_loss,5594.0
west,west,True,2,2,27,27,0,0,0.9383931756019592,exact_match,5595.0
6s,2s,False,1,1,9,9,0,0,0.436867356300354,equivalent,5596.0
1p,9s,False,1,1,12,16,0,-4,0.8576628565788269,better_ukeire,5597.0
2s,6p,False,1,1,6,6,0,0,0.4459797441959381,equivalent,5598.0
2m,5m,False,1,1,10,12,0,-2,0.7696929574012756,near_equivalent,5599.0
2m,2m,True,1,1,6,6,0,0,0.9431283473968506,exact_match,5600.0
3s,green,False,2,2,19,21,0,-2,0.9575245380401611,near_equivalent,5601.0
7p,green,False,1,1,12,12,0,0,0.9621893167495728,equivalent,5602.0
7s,7s,True,1,1,12,12,0,0,0.5042096376419067,exact_match,5603.0
7m,4s,False,1,1,11,7,0,4,0.2756267786026001,ukeire_loss,5604.0
9m,9m,True,0,0,3,3,0,0,0.9025617241859436,exact_match,5605.0
5p,5p,True,0,0,3,3,0,0,0.9925952553749084,exact_match,5606.0
7s,7s,True,0,0,3,3,0,0,0.9755635857582092,exact_match,5607.0
north,north,True,0,0,3,3,0,0,0.9614384174346924,exact_match,5608.0
3m,3m,True,0,0,3,3,0,0,0.9505252838134766,exact_match,5609.0
9s,9s,True,3,3,34,34,0,0,0.8748155236244202,exact_match,5610.0
8m,green,False,3,3,34,34,0,0,0.4587474465370178,equivalent,5611.0
8p,green,False,2,2,14,15,0,-1,0.6600441336631775,near_equivalent,5612.0
8m,8m,True,2,2,13,13,0,0,0.5128346681594849,exact_match,5613.0
9p,9p,True,2,2,12,12,0,0,0.34142884612083435,exact_match,5614.0
2p,green,False,2,2,12,14,0,-2,0.4554302394390106,near_equivalent,5615.0
6p,green,False,1,1,6,8,0,-2,0.4294048249721527,near_equivalent,5616.0
green,green,True,1,1,9,9,0,0,0.615021288394928,exact_match,5617.0
9m,9m,True,1,1,9,9,0,0,0.7761693596839905,exact_match,5618.0
4s,4s,True,0,0,3,3,0,0,0.5487686991691589,exact_match,5619.0
east,east,True,0,0,3,3,0,0,0.9304198622703552,exact_match,5620.0
green,green,True,4,4,82,82,0,0,0.5890162587165833,exact_match,5621.0
green,green,True,4,4,73,73,0,0,0.45976075530052185,exact_match,5622.0
1p,1p,True,4,4,81,81,0,0,0.7526344656944275,exact_match,5623.0
9m,north,False,3,3,37,38,0,-1,0.48925620317459106,near_equivalent,5624.0
white,white,True,3,3,26,26,0,0,0.9269713759422302,exact_match,5625.0
north,north,True,3,3,56,56,0,0,0.5779727697372437,exact_match,5626.0
4p,east,False,3,3,47,47,0,0,0.5919250845909119,equivalent,5627.0
8p,8p,True,2,2,20,20,0,0,0.8763832449913025,exact_match,5628.0
east,east,True,2,2,20,20,0,0,0.5216875672340393,exact_match,5629.0
west,west,True,2,2,20,20,0,0,0.9446296691894531,exact_match,5630.0
7m,7m,True,2,2,19,19,0,0,0.6739369630813599,exact_match,5631.0
9s,5m,False,2,1,50,8,1,42,0.3753640055656433,better_shanten,5632.0
2p,2p,True,2,2,19,19,0,0,0.9140133261680603,exact_match,5633.0
8s,2p,False,2,2,53,50,0,3,0.8360030651092529,ukeire_loss,5634.0
6m,6m,True,2,2,18,18,0,0,0.715484082698822,exact_match,5635.0
5m,5m,True,1,1,12,12,0,0,0.7141626477241516,exact_match,5636.0
5p,5p,True,2,2,18,18,0,0,0.7368892431259155,exact_match,5637.0
8s,8s,True,1,1,11,11,0,0,0.9437195658683777,exact_match,5638.0
8p,4m,False,2,2,17,15,0,2,0.41653382778167725,near_equivalent,5639.0
4s,3m,False,1,1,15,20,0,-5,0.22596165537834167,better_ukeire,5640.0
9p,9s,False,2,1,37,10,1,27,0.8452045917510986,better_shanten,5641.0
9p,9p,True,1,1,17,17,0,0,0.670140266418457,exact_match,5642.0
north,north,True,3,3,35,35,0,0,0.9427072405815125,exact_match,5643.0
3m,south,False,3,3,35,35,0,0,0.9664095640182495,equivalent,5644.0
5s,south,False,2,2,27,27,0,0,0.7281714081764221,equivalent,5645.0
5m,5m,True,2,2,26,26,0,0,0.7957230806350708,exact_match,5646.0
7p,7p,True,2,2,26,26,0,0,0.3715890645980835,exact_match,5647.0
2p,south,False,1,1,14,14,0,0,0.47516706585884094,equivalent,5648.0
1s,1s,True,1,1,14,14,0,0,0.5769006609916687,exact_match,5649.0
8m,8p,False,1,1,12,12,0,0,0.8466941714286804,equivalent,5650.0
9m,9m,True,1,1,16,16,0,0,0.8971172571182251,exact_match,5651.0
5s,8p,False,1,1,16,14,0,2,0.4602433145046234,near_equivalent,5652.0
9m,9m,True,1,1,16,16,0,0,0.9767504334449768,exact_match,5653.0
2m,8p,False,1,1,15,11,0,4,0.5291730165481567,ukeire_loss,5654.0
8p,8p,True,0,0,6,6,0,0,0.8519392609596252,exact_match,5655.0
6m,3m,False,0,0,6,6,0,0,0.5571395754814148,equivalent,5656.0
white,white,True,0,0,6,6,0,0,0.9565209150314331,exact_match,5657.0
6s,3p,False,0,0,5,4,0,1,0.40552380681037903,near_equivalent,5658.0
west,west,True,0,0,4,4,0,0,0.9463210701942444,exact_match,5659.0
4s,4s,True,0,0,4,4,0,0,0.503553569316864,exact_match,5660.0
7m,7m,True,0,0,4,4,0,0,0.9872444272041321,exact_match,5661.0
1s,1s,True,0,0,4,4,0,0,0.9666815400123596,exact_match,5662.0
7p,7p,True,0,0,4,4,0,0,0.9002909064292908,exact_match,5663.0
1s,1s,True,0,0,4,4,0,0,0.9873836636543274,exact_match,5664.0
1s,1s,True,0,0,4,4,0,0,0.9922685027122498,exact_match,5665.0
green,green,True,0,0,4,4,0,0,0.8182597160339355,exact_match,5666.0
5m,5m,True,0,0,4,4,0,0,0.7134484052658081,exact_match,5667.0
south,south,True,3,3,27,27,0,0,0.9206753969192505,exact_match,5668.0
green,green,True,2,2,15,15,0,0,0.5935091972351074,exact_match,5669.0
white,white,True,1,1,11,11,0,0,0.9890655279159546,exact_match,5670.0
white,white,True,1,1,11,11,0,0,0.9870246648788452,exact_match,5671.0
4m,3s,False,1,1,15,15,0,0,0.8671258091926575,equivalent,5672.0
3s,green,False,1,1,15,15,0,0,0.894926905632019,equivalent,5673.0
6m,green,False,1,1,15,15,0,0,0.5126806497573853,equivalent,5674.0
7p,7p,True,1,1,14,14,0,0,0.7175567150115967,exact_match,5675.0
7m,7m,True,1,1,14,14,0,0,0.81772381067276,exact_match,5676.0
9s,9s,True,2,2,27,27,0,0,0.6056398749351501,exact_match,5677.0
south,north,False,2,2,27,27,0,0,0.6989533305168152,equivalent,5678.0
north,north,True,2,2,26,26,0,0,0.7089673280715942,exact_match,5679.0
green,green,True,2,2,26,26,0,0,0.8835603594779968,exact_match,5680.0
1p,1p,True,1,1,13,13,0,0,0.815926194190979,exact_match,5681.0
3s,3s,True,1,1,21,21,0,0,0.8729968070983887,exact_match,5682.0
north,north,True,1,1,19,19,0,0,0.9770740866661072,exact_match,5683.0
8p,8p,True,0,0,3,3,0,0,0.8028751611709595,exact_match,5684.0
9m,north,False,3,3,38,42,0,-4,0.7782151103019714,better_ukeire,5685.0
north,north,True,3,3,38,38,0,0,0.8873535990715027,exact_match,5686.0
red,red,True,3,3,45,45,0,0,0.48662278056144714,exact_match,5687.0
9m,9m,True,3,3,45,45,0,0,0.8689436912536621,exact_match,5688.0
west,west,True,3,3,45,45,0,0,0.8784732818603516,exact_match,5689.0
9s,white,False,3,3,15,45,0,-30,0.4961130619049072,better_ukeire,5690.0
7p,9s,False,3,3,39,41,0,-2,0.7187615036964417,near_equivalent,5691.0
9s,9s,True,3,3,48,48,0,0,0.4820404648780823,exact_match,5692.0
white,white,True,2,2,20,20,0,0,0.6005505919456482,exact_match,5693.0
1s,1s,True,2,2,18,18,0,0,0.8037136197090149,exact_match,5694.0
1p,1p,True,2,2,18,18,0,0,0.7826287746429443,exact_match,5695.0
4m,5p,False,2,2,19,18,0,1,0.5467567443847656,near_equivalent,5696.0
2s,2s,True,2,2,30,30,0,0,0.6590526700019836,exact_match,5697.0
3p,5p,False,1,1,11,9,0,2,0.30203402042388916,near_equivalent,5698.0
8m,3p,False,1,2,11,43,-1,-32,0.4953737258911133,shanten_loss,5699.0
6s,3p,False,1,1,11,4,0,7,0.5967462062835693,ukeire_loss,5700.0
3s,3s,True,0,0,4,4,0,0,0.8518463373184204,exact_match,5701.0
east,east,True,4,4,59,59,0,0,0.6481624841690063,exact_match,5702.0
white,north,False,4,4,71,72,0,-1,0.39373672008514404,near_equivalent,5703.0
green,green,True,4,4,83,83,0,0,0.40174171328544617,exact_match,5704.0
west,north,False,3,3,38,39,0,-1,0.5263439416885376,near_equivalent,5705.0
9s,north,False,2,2,19,19,0,0,0.5431878566741943,equivalent,5706.0
east,east,True,2,2,19,19,0,0,0.7646746039390564,exact_match,5707.0
north,8p,False,1,1,10,10,0,0,0.399624764919281,equivalent,5708.0
2m,2m,True,1,1,23,23,0,0,0.9326414465904236,exact_match,5709.0
8p,8p,True,0,0,3,3,0,0,0.6862459182739258,exact_match,5710.0
7p,white,False,0,0,0,3,0,-3,0.9448179006576538,better_ukeire,5711.0
4m,white,False,0,0,0,3,0,-3,0.8592935800552368,better_ukeire,5712.0
white,white,True,0,0,5,5,0,0,0.8186086416244507,exact_match,5713.0
7m,7m,True,0,0,5,5,0,0,0.6825856566429138,exact_match,5714.0
east,9p,False,4,4,89,89,0,0,0.3686095178127289,equivalent,5715.0
9p,9p,True,3,3,29,29,0,0,0.5118616819381714,exact_match,5716.0
2p,north,False,3,3,70,77,0,-7,0.6899338364601135,better_ukeire,5717.0
north,north,True,2,2,18,18,0,0,0.5725240707397461,exact_match,5718.0
8m,7s,False,1,1,12,12,0,0,0.6776134371757507,equivalent,5719.0
7s,7s,True,0,0,4,4,0,0,0.7649332880973816,exact_match,5720.0
2m,2m,True,0,0,8,8,0,0,0.5165477991104126,exact_match,5721.0
west,west,True,3,3,54,54,0,0,0.9436915516853333,exact_match,5722.0
east,north,False,5,5,32,32,0,0,0.4359343945980072,equivalent,5723.0
green,green,True,2,2,16,16,0,0,0.6414933800697327,exact_match,5724.0
9m,north,False,5,5,89,93,0,-4,0.4786131680011749,better_ukeire,5725.0
white,white,True,1,1,8,8,0,0,0.944812536239624,exact_match,5726.0
north,1m,False,4,4,66,59,0,7,0.5004696846008301,ukeire_loss,5727.0
east,east,True,1,1,8,8,0,0,0.9597229361534119,exact_match,5728.0
2s,1m,False,3,3,31,31,0,0,0.7402316927909851,equivalent,5729.0
1m,1m,True,2,2,20,20,0,0,0.8173448443412781,exact_match,5730.0
1s,1s,True,1,1,11,11,0,0,0.8127333521842957,exact_match,5731.0
9m,9m,True,2,2,20,20,0,0,0.9051201343536377,exact_match,5732.0
6m,1m,False,1,1,10,10,0,0,0.9270730018615723,equivalent,5733.0
2p,5s,False,1,1,12,12,0,0,0.7149191498756409,equivalent,5734.0
1m,green,False,1,1,10,10,0,0,0.7094058394432068,equivalent,5735.0
7p,7p,True,1,1,12,12,0,0,0.5152865648269653,exact_match,5736.0
9s,green,False,1,1,10,10,0,0,0.5021106004714966,equivalent,5737.0
5s,7m,False,1,1,12,12,0,0,0.6855379939079285,equivalent,5738.0
7s,7s,True,1,1,9,9,0,0,0.5724639296531677,exact_match,5739.0
7m,7m,True,0,0,8,8,0,0,0.9743762612342834,exact_match,5740.0
white,white,True,1,1,9,9,0,0,0.616644561290741,exact_match,5741.0
9p,9p,True,0,0,8,8,0,0,0.9919248223304749,exact_match,5742.0
white,white,True,1,1,9,9,0,0,0.6997529864311218,exact_match,5743.0
6p,6p,True,0,0,8,8,0,0,0.8485446572303772,exact_match,5744.0
2p,green,False,1,1,8,9,0,-1,0.8155831694602966,near_equivalent,5745.0
south,south,True,0,0,8,8,0,0,0.9947463870048523,exact_match,5746.0
9p,9p,True,1,1,8,8,0,0,0.8281595706939697,exact_match,5747.0
5s,5s,True,0,0,8,8,0,0,0.988987147808075,exact_match,5748.0
1m,1m,True,3,3,21,21,0,0,0.9067243933677673,exact_match,5749.0
1p,1p,True,3,3,57,57,0,0,0.842106282711029,exact_match,5750.0
red,2m,False,3,3,68,56,0,12,0.5815702080726624,ukeire_loss,5751.0
green,2m,False,2,2,15,15,0,0,0.5050474405288696,equivalent,5752.0
1m,4s,False,2,2,14,29,0,-15,0.3923882842063904,better_ukeire,5753.0
2m,9p,False,2,2,24,13,0,11,0.5640094876289368,ukeire_loss,5754.0
7s,4s,False,1,1,8,8,0,0,0.4286361634731293,equivalent,5755.0
4s,4m,False,1,1,14,8,0,6,0.47340330481529236,ukeire_loss,5756.0
west,west,True,5,5,78,78,0,0,0.5652384161949158,exact_match,5757.0
west,9p,False,4,4,63,62,0,1,0.8196110725402832,near_equivalent,5758.0
north,north,True,4,4,38,38,0,0,0.8461085557937622,exact_match,5759.0
white,9p,False,4,4,70,70,0,0,0.5609527230262756,equivalent,5760.0
red,red,True,3,3,20,20,0,0,0.35257354378700256,exact_match,5761.0
green,9p,False,4,4,88,88,0,0,0.5918804407119751,equivalent,5762.0
8s,8s,True,3,3,53,53,0,0,0.38478779792785645,exact_match,5763.0
red,red,True,4,4,87,87,0,0,0.5662453770637512,exact_match,5764.0
2s,2s,True,2,2,20,20,0,0,0.5245271921157837,exact_match,5765.0
9p,9p,True,4,4,85,85,0,0,0.37923189997673035,exact_match,5766.0
8p,2m,False,1,1,8,12,0,-4,0.811311662197113,better_ukeire,5767.0
white,white,True,4,4,82,82,0,0,0.6003649234771729,exact_match,5768.0
west,west,True,4,4,27,27,0,0,0.6043863892555237,exact_match,5769.0
south,south,True,3,3,51,51,0,0,0.871087908744812,exact_match,5770.0
east,south,False,4,4,75,76,0,-1,0.5523871183395386,near_equivalent,5771.0
green,green,True,2,2,44,44,0,0,0.5601223707199097,exact_match,5772.0
south,south,True,3,3,63,63,0,0,0.5325536131858826,exact_match,5773.0
red,red,True,2,2,61,61,0,0,0.9056540727615356,exact_match,5774.0
green,green,True,2,2,53,53,0,0,0.9186059832572937,exact_match,5775.0
9m,9m,True,1,1,12,12,0,0,0.6085785031318665,exact_match,5776.0
white,white,True,2,2,53,53,0,0,0.9456579089164734,exact_match,5777.0
1s,4m,False,1,1,11,11,0,0,0.437071830034256,equivalent,5778.0
1p,1p,True,1,1,10,10,0,0,0.7582685351371765,exact_match,5779.0
9p,9p,True,1,1,8,8,0,0,0.4021264314651489,exact_match,5780.0
8s,1p,False,1,1,8,8,0,0,0.44888830184936523,equivalent,5781.0
9p,9p,True,1,1,8,8,0,0,0.7700677514076233,exact_match,5782.0
south,south,True,2,2,64,64,0,0,0.6016213893890381,exact_match,5783.0
1m,1m,True,2,2,73,73,0,0,0.9391404390335083,exact_match,5784.0
2s,2s,True,1,1,15,15,0,0,0.9426239728927612,exact_match,5785.0
7s,7s,True,1,1,42,42,0,0,0.77088463306427,exact_match,5786.0
3m,3m,True,1,1,42,42,0,0,0.9722049236297607,exact_match,5787.0
white,white,True,1,1,42,42,0,0,0.9930839538574219,exact_match,5788.0
8p,7m,False,1,0,39,3,1,36,0.9323019981384277,better_shanten,5789.0
5s,5s,True,1,1,35,35,0,0,0.5110209584236145,exact_match,5790.0
east,east,True,1,1,35,35,0,0,0.9890037178993225,exact_match,5791.0
6s,6s,True,1,1,31,31,0,0,0.9871876239776611,exact_match,5792.0
north,north,True,3,3,43,43,0,0,0.504851758480072,exact_match,5793.0
north,north,True,3,3,42,42,0,0,0.6490368843078613,exact_match,5794.0
south,9p,False,2,2,14,14,0,0,0.5099651217460632,equivalent,5795.0
9p,9p,True,1,1,12,12,0,0,0.9128437042236328,exact_match,5796.0
2s,2s,True,1,1,8,8,0,0,0.3007909953594208,exact_match,5797.0
south,south,True,1,1,8,8,0,0,0.9246422648429871,exact_match,5798.0
6p,3p,False,0,0,4,4,0,0,0.6214037537574768,equivalent,5799.0
6p,3p,False,0,0,4,4,0,0,0.5100098252296448,equivalent,5800.0
east,west,False,4,4,27,27,0,0,0.3832390606403351,equivalent,5801.0
1p,1p,True,4,4,78,78,0,0,0.4295767545700073,exact_match,5802.0
west,east,False,4,4,25,27,0,-2,0.45567843317985535,near_equivalent,5803.0
9m,9m,True,4,4,82,82,0,0,0.5681052803993225,exact_match,5804.0
north,east,False,4,4,81,83,0,-2,0.39844614267349243,near_equivalent,5805.0
9s,9p,False,3,4,22,79,-1,-57,0.3860071301460266,shanten_loss,5806.0
1m,1s,False,3,3,53,57,0,-4,0.4035359025001526,better_ukeire,5807.0
9s,9s,True,3,3,21,21,0,0,0.6827294826507568,exact_match,5808.0
1s,1s,True,2,2,14,14,0,0,0.7706272006034851,exact_match,5809.0
white,white,True,3,3,40,40,0,0,0.4645031988620758,exact_match,5810.0
1s,1s,True,2,2,14,14,0,0,0.9296451807022095,exact_match,5811.0
2m,2m,True,2,2,13,13,0,0,0.5100263953208923,exact_match,5812.0
east,4m,False,2,2,18,14,0,4,0.8199719786643982,ukeire_loss,5813.0
9p,9p,True,2,2,12,12,0,0,0.5626811385154724,exact_match,5814.0
2p,4m,False,2,2,23,25,0,-2,0.5531457662582397,near_equivalent,5815.0
south,south,True,2,2,12,12,0,0,0.7463564872741699,exact_match,5816.0
4m,east,False,2,2,19,22,0,-3,0.7001343369483948,better_ukeire,5817.0
8p,8p,True,2,2,12,12,0,0,0.4995448589324951,exact_match,5818.0
east,east,True,2,2,24,24,0,0,0.7637713551521301,exact_match,5819.0
2m,2m,True,2,2,12,12,0,0,0.7699050903320312,exact_match,5820.0
3p,7p,False,1,1,11,16,0,-5,0.8908251523971558,better_ukeire,5821.0
2p,2m,False,2,2,23,10,0,13,0.26925235986709595,ukeire_loss,5822.0
3p,3p,True,1,1,19,19,0,0,0.4446038603782654,exact_match,5823.0
6p,6p,True,2,2,14,14,0,0,0.543487012386322,exact_match,5824.0
west,west,True,1,1,17,17,0,0,0.9535773992538452,exact_match,5825.0
north,6p,False,1,1,8,6,0,2,0.7697492241859436,near_equivalent,5826.0
6m,5m,False,0,0,4,4,0,0,0.445641428232193,equivalent,5827.0
7m,6s,False,0,0,1,4,0,-3,0.934552013874054,better_ukeire,5828.0
1m,1m,True,0,0,4,4,0,0,0.9935385584831238,exact_match,5829.0
red,red,True,0,0,4,4,0,0,0.9893285632133484,exact_match,5830.0
2p,2p,True,0,0,4,4,0,0,0.9900795221328735,exact_match,5831.0
3m,3m,True,0,0,4,4,0,0,0.9593319892883301,exact_match,5832.0
west,west,True,2,2,59,59,0,0,0.768812358379364,exact_match,5833.0
east,east,True,2,2,59,59,0,0,0.630632221698761,exact_match,5834.0
north,north,True,1,1,40,40,0,0,0.9903592467308044,exact_match,5835.0
green,green,True,2,2,58,58,0,0,0.5818213224411011,exact_match,5836.0
8p,8p,True,1,1,39,39,0,0,0.9472708106040955,exact_match,5837.0
6s,8p,False,1,1,12,8,0,4,0.36574360728263855,ukeire_loss,5838.0
9p,9p,True,1,1,39,39,0,0,0.9835853576660156,exact_match,5839.0
8m,8m,True,1,1,11,11,0,0,0.7671970725059509,exact_match,5840.0
5p,5p,True,0,0,3,3,0,0,0.7015264630317688,exact_match,5841.0
north,north,True,1,1,11,11,0,0,0.5178927779197693,exact_match,5842.0
9m,9m,True,0,0,7,7,0,0,0.9136183261871338,exact_match,5843.0
north,west,False,4,4,65,65,0,0,0.33558663725852966,equivalent,5844.0
9s,9s,True,3,3,32,32,0,0,0.4140018820762634,exact_match,5845.0
west,west,True,3,3,52,52,0,0,0.5194607973098755,exact_match,5846.0
2s,east,False,3,2,51,16,1,35,0.8970823287963867,better_shanten,5847.0
1s,1s,True,3,3,59,59,0,0,0.6756771802902222,exact_match,5848.0
1m,1m,True,3,3,58,58,0,0,0.8500779867172241,exact_match,5849.0
1p,east,False,2,2,15,15,0,0,0.666898787021637,equivalent,5850.0
8s,8s,True,2,2,19,19,0,0,0.4633501172065735,exact_match,5851.0
4p,south,False,2,2,19,19,0,0,0.720794141292572,equivalent,5852.0
north,south,False,2,2,18,18,0,0,0.3747863173484802,equivalent,5853.0
south,south,True,1,1,11,11,0,0,0.5860315561294556,exact_match,5854.0
east,red,False,1,1,11,11,0,0,0.7396599650382996,equivalent,5855.0
red,red,True,1,1,10,10,0,0,0.5924350023269653,exact_match,5856.0
north,north,True,1,1,21,21,0,0,0.7856544256210327,exact_match,5857.0
1s,1s,True,1,1,20,20,0,0,0.8921507596969604,exact_match,5858.0
8m,8m,True,1,1,19,19,0,0,0.8293224573135376,exact_match,5859.0
green,green,True,1,1,18,18,0,0,0.857297420501709,exact_match,5860.0
9p,9p,True,0,0,6,6,0,0,0.819854736328125,exact_match,5861.0
1p,1p,True,3,3,21,21,0,0,0.7696307897567749,exact_match,5862.0
east,east,True,4,4,72,72,0,0,0.5353704690933228,exact_match,5863.0
9s,9s,True,3,3,39,39,0,0,0.7841954827308655,exact_match,5864.0
red,west,False,3,3,19,19,0,0,0.5981370806694031,equivalent,5865.0
1s,white,False,3,3,43,47,0,-4,0.8552180528640747,better_ukeire,5866.0
west,west,True,3,3,26,26,0,0,0.8019594550132751,exact_match,5867.0
2s,white,False,2,2,14,15,0,-1,0.6727191209793091,near_equivalent,5868.0
3s,white,False,3,3,25,25,0,0,0.9382185935974121,equivalent,5869.0
3s,3s,True,2,2,14,14,0,0,0.7520267963409424,exact_match,5870.0
white,east,False,3,3,25,25,0,0,0.7540929317474365,equivalent,5871.0
7m,white,False,2,2,13,15,0,-2,0.43437907099723816,near_equivalent,5872.0
5s,5s,True,3,3,24,24,0,0,0.6749257445335388,exact_match,5873.0
white,white,True,2,2,30,30,0,0,0.8349196314811707,exact_match,5874.0
east,east,True,2,2,18,18,0,0,0.6037480235099792,exact_match,5875.0
north,north,True,2,2,30,30,0,0,0.8698772192001343,exact_match,5876.0
9m,1m,False,2,2,17,18,0,-1,0.26479029655456543,near_equivalent,5877.0
2p,2p,True,1,1,8,8,0,0,0.48121240735054016,exact_match,5878.0
2m,9m,False,2,2,29,33,0,-4,0.32522204518318176,better_ukeire,5879.0
4p,2m,False,1,1,12,14,0,-2,0.46904274821281433,near_equivalent,5880.0
6s,6s,True,2,2,28,28,0,0,0.6684755682945251,exact_match,5881.0
9s,9s,True,2,2,28,28,0,0,0.8519238829612732,exact_match,5882.0
2p,2p,True,2,2,25,25,0,0,0.5895792841911316,exact_match,5883.0
north,north,True,2,2,23,23,0,0,0.7180529832839966,exact_match,5884.0
5m,2p,False,1,1,18,14,0,4,0.5633260607719421,ukeire_loss,5885.0
7m,7m,True,1,1,15,15,0,0,0.9571645259857178,exact_match,5886.0
2p,2p,True,0,0,2,2,0,0,0.9632220268249512,exact_match,5887.0
1m,1m,True,0,0,7,7,0,0,0.4743650555610657,exact_match,5888.0
west,west,True,0,0,7,7,0,0,0.9086329936981201,exact_match,5889.0
1m,1m,True,0,0,0,0,0,0,0.8407636284828186,exact_match,5890.0
west,west,True,2,2,47,47,0,0,0.9821507930755615,exact_match,5891.0
8s,1p,False,4,4,70,78,0,-8,0.6419393420219421,better_ukeire,5892.0
north,north,True,2,2,46,46,0,0,0.9383118152618408,exact_match,5893.0
south,1p,False,3,3,38,38,0,0,0.7488690614700317,equivalent,5894.0
2m,east,False,2,2,38,50,0,-12,0.6506609916687012,better_ukeire,5895.0
1p,1p,True,3,3,42,42,0,0,0.8672639727592468,exact_match,5896.0
east,east,True,1,1,7,7,0,0,0.8654550909996033,exact_match,5897.0
4p,east,False,2,2,15,15,0,0,0.5649034380912781,equivalent,5898.0
2p,2p,True,1,1,7,7,0,0,0.8271775245666504,exact_match,5899.0
2s,east,False,1,1,8,8,0,0,0.7186334729194641,equivalent,5900.0
2s,2s,True,1,1,14,14,0,0,0.8704246878623962,exact_match,5901.0
east,east,True,1,1,10,10,0,0,0.7545749545097351,exact_match,5902.0
1m,1m,True,1,1,13,13,0,0,0.990807831287384,exact_match,5903.0
6s,6s,True,1,1,10,10,0,0,0.8487836122512817,exact_match,5904.0
9m,5m,False,1,1,14,13,0,1,0.511242687702179,near_equivalent,5905.0
8p,8p,True,1,1,10,10,0,0,0.7278850078582764,exact_match,5906.0
9p,8s,False,0,1,2,7,-1,-5,0.4773075580596924,shanten_loss,5907.0
3p,3p,True,1,1,10,10,0,0,0.92244553565979,exact_match,5908.0
green,green,True,0,0,2,2,0,0,0.9406356811523438,exact_match,5909.0
3s,3s,True,1,1,10,10,0,0,0.6652767062187195,exact_match,5910.0
red,red,True,0,0,2,2,0,0,0.9107464551925659,exact_match,5911.0
5m,5m,True,0,0,4,4,0,0,0.6062728762626648,exact_match,5912.0
6p,6p,True,0,0,2,2,0,0,0.7399341464042664,exact_match,5913.0
4p,4p,True,0,0,4,4,0,0,0.9449294209480286,exact_match,5914.0
8s,5m,False,1,1,15,21,0,-6,0.40822574496269226,better_ukeire,5915.0
9p,9p,True,0,0,4,4,0,0,0.9491410255432129,exact_match,5916.0
2m,2m,True,1,1,15,15,0,0,0.8631267547607422,exact_match,5917.0
south,south,True,0,0,4,4,0,0,0.9849671721458435,exact_match,5918.0
east,east,True,1,1,14,14,0,0,0.9567875266075134,exact_match,5919.0
8m,8m,True,0,0,4,4,0,0,0.9606223702430725,exact_match,5920.0
8p,8p,True,1,1,14,14,0,0,0.8318132758140564,exact_match,5921.0
1s,1s,True,0,0,4,4,0,0,0.9855597019195557,exact_match,5922.0
1p,1p,True,1,1,14,14,0,0,0.9837827086448669,exact_match,5923.0
3p,3p,True,0,0,4,4,0,0,0.977818489074707,exact_match,5924.0
west,west,True,1,1,14,14,0,0,0.9206599593162537,exact_match,5925.0
6s,6s,True,0,0,4,4,0,0,0.7769047617912292,exact_match,5926.0
5m,5m,True,0,0,3,3,0,0,0.8306682705879211,exact_match,5927.0
north,north,True,4,4,63,63,0,0,0.5010770559310913,exact_match,5928.0
9m,9m,True,2,2,20,20,0,0,0.5397151708602905,exact_match,5929.0
1p,west,False,4,4,77,77,0,0,0.5553131103515625,equivalent,5930.0
6m,6m,True,2,2,20,20,0,0,0.5382309556007385,exact_match,5931.0
west,west,True,3,3,72,72,0,0,0.7117695808410645,exact_match,5932.0
8m,8m,True,2,2,20,20,0,0,0.7872788310050964,exact_match,5933.0
east,east,True,2,2,14,14,0,0,0.7676392197608948,exact_match,5934.0
2s,2s,True,2,2,20,20,0,0,0.8463380336761475,exact_match,5935.0
1p,1p,True,2,2,14,14,0,0,0.9628933072090149,exact_match,5936.0
3s,3s,True,2,2,19,19,0,0,0.8389230370521545,exact_match,5937.0
4s,7p,False,2,2,16,16,0,0,0.41228896379470825,equivalent,5938.0
east,west,False,1,1,15,15,0,0,0.7773696184158325,equivalent,5939.0
7p,7p,True,2,2,20,20,0,0,0.6568688750267029,exact_match,5940.0
8s,8s,True,1,1,12,12,0,0,0.7661352753639221,exact_match,5941.0
4s,4s,True,1,1,13,13,0,0,0.9138655066490173,exact_match,5942.0
2m,2s,False,1,1,12,12,0,0,0.9714334011077881,equivalent,5943.0
west,west,True,0,0,7,7,0,0,0.9849896430969238,exact_match,5944.0
6s,2s,False,1,1,12,12,0,0,0.671416699886322,equivalent,5945.0
9s,9s,True,2,2,12,12,0,0,0.45696744322776794,exact_match,5946.0
2m,1s,False,3,3,19,19,0,0,0.7706457376480103,equivalent,5947.0
3p,3p,True,2,2,15,15,0,0,0.46423882246017456,exact_match,5948.0
8m,1s,False,2,2,17,17,0,0,0.5109167695045471,equivalent,5949.0
1s,1s,True,1,1,13,13,0,0,0.3898248076438904,exact_match,5950.0
9p,6p,False,2,2,14,14,0,0,0.6116328835487366,equivalent,5951.0
east,4m,False,2,1,21,13,1,8,0.8610050082206726,better_shanten,5952.0
east,east,True,2,2,13,13,0,0,0.37160423398017883,exact_match,5953.0
east,east,True,1,1,13,13,0,0,0.3707738220691681,exact_match,5954.0
south,8s,False,3,2,29,12,1,17,0.7596049904823303,better_shanten,5955.0
4p,4m,False,2,1,51,14,1,37,0.7908015251159668,better_shanten,5956.0
south,2s,False,3,3,39,29,0,10,0.8166235685348511,ukeire_loss,5957.0
red,1m,False,3,2,54,51,1,3,0.6807511448860168,better_shanten,5958.0
red,north,False,3,3,63,63,0,0,0.868846595287323,equivalent,5959.0
north,north,True,2,2,19,19,0,0,0.8602627515792847,exact_match,5960.0
1m,1m,True,2,2,22,22,0,0,0.40458622574806213,exact_match,5961.0
2m,2m,True,2,2,22,22,0,0,0.4674440026283264,exact_match,5962.0
9p,9p,True,2,2,21,21,0,0,0.9687235355377197,exact_match,5963.0
9s,south,False,2,2,19,21,0,-2,0.8944723010063171,near_equivalent,5964.0
south,south,True,2,2,23,23,0,0,0.5199811458587646,exact_match,5965.0
1p,5p,False,2,2,23,22,0,1,0.721895694732666,near_equivalent,5966.0
1p,1p,True,1,1,15,15,0,0,0.9307277202606201,exact_match,5967.0
1m,1m,True,3,3,24,24,0,0,0.7119032740592957,exact_match,5968.0
1m,1m,True,3,3,22,22,0,0,0.8357164263725281,exact_match,5969.0
east,8s,False,2,2,13,13,0,0,0.4204944968223572,equivalent,5970.0
5s,5s,True,1,1,9,9,0,0,0.44896334409713745,exact_match,5971.0
8s,8s,True,1,1,13,13,0,0,0.4815491735935211,exact_match,5972.0
south,south,True,1,1,12,12,0,0,0.7823547124862671,exact_match,5973.0
2m,2m,True,1,1,11,11,0,0,0.4901447594165802,exact_match,5974.0
7p,7p,True,0,0,4,4,0,0,0.9842174053192139,exact_match,5975.0
east,east,True,0,0,4,4,0,0,0.9910750389099121,exact_match,5976.0
red,red,True,0,0,4,4,0,0,0.969068169593811,exact_match,5977.0
4s,4s,True,0,0,4,4,0,0,0.9938099980354309,exact_match,5978.0
7p,7p,True,1,1,9,9,0,0,0.946751594543457,exact_match,5979.0
6p,6p,True,1,1,9,9,0,0,0.8788408637046814,exact_match,5980.0
3p,3p,True,1,1,6,6,0,0,0.3684924244880676,exact_match,5981.0
5s,5s,True,0,0,4,4,0,0,0.5802649259567261,exact_match,5982.0
white,white,True,0,0,4,4,0,0,0.9559885263442993,exact_match,5983.0
1p,1p,True,2,2,15,15,0,0,0.9243534207344055,exact_match,5984.0
9p,9p,True,2,2,23,23,0,0,0.26558390259742737,exact_match,5985.0
9m,1s,False,2,2,18,22,0,-4,0.9707801342010498,better_ukeire,5986.0
8m,1s,False,2,2,22,22,0,0,0.7666223049163818,equivalent,5987.0
1s,1s,True,2,2,35,35,0,0,0.8833566308021545,exact_match,5988.0
west,west,True,2,2,35,35,0,0,0.934330403804779,exact_match,5989.0
5m,3m,False,1,1,5,6,0,-1,0.2728734612464905,near_equivalent,5990.0
north,north,True,1,1,5,5,0,0,0.8269718289375305,exact_match,5991.0
6m,6m,True,1,1,5,5,0,0,0.7259344458580017,exact_match,5992.0
2m,2m,True,1,1,5,5,0,0,0.2807268798351288,exact_match,5993.0
7m,7m,True,1,1,5,5,0,0,0.8259491324424744,exact_match,5994.0
5s,5s,True,1,1,5,5,0,0,0.47383174300193787,exact_match,5995.0
1m,1m,True,0,0,1,1,0,0,0.5033985376358032,exact_match,5996.0
3m,3m,True,0,0,2,2,0,0,0.6061921119689941,exact_match,5997.0
1p,1p,True,2,2,29,29,0,0,0.9514995217323303,exact_match,5998.0
south,1s,False,4,4,26,26,0,0,0.5768125653266907,equivalent,5999.0
4p,green,False,2,1,35,8,1,27,0.39966192841529846,better_shanten,6000.0
1s,1s,True,4,4,26,26,0,0,0.492024302482605,exact_match,6001.0
6p,6p,True,1,1,12,12,0,0,0.6821845173835754,exact_match,6002.0
1p,red,False,4,4,79,87,0,-8,0.4570441246032715,better_ukeire,6003.0
red,east,False,1,1,11,11,0,0,0.5522981286048889,equivalent,6004.0
red,red,True,3,3,63,63,0,0,0.4850669503211975,exact_match,6005.0
east,green,False,0,0,2,2,0,0,0.5800577402114868,equivalent,6006.0
west,2m,False,2,2,14,14,0,0,0.44227364659309387,equivalent,6007.0
green,green,True,0,0,8,8,0,0,0.6028884053230286,exact_match,6008.0
2m,2m,True,2,2,18,18,0,0,0.6075349450111389,exact_match,6009.0
1m,1m,True,0,0,8,8,0,0,0.9726889729499817,exact_match,6010.0
2p,red,False,2,2,47,55,0,-8,0.8117701411247253,better_ukeire,6011.0
red,red,True,2,2,67,67,0,0,0.8683524131774902,exact_match,6012.0
9m,6p,False,2,1,62,8,1,54,0.42910826206207275,better_shanten,6013.0
8m,8m,True,2,2,64,64,0,0,0.7421759963035583,exact_match,6014.0
8m,8m,True,2,2,62,62,0,0,0.9308030009269714,exact_match,6015.0
1p,1p,True,2,2,59,59,0,0,0.8893774151802063,exact_match,6016.0
1m,1m,True,1,1,43,43,0,0,0.5975803136825562,exact_match,6017.0
6p,6p,True,0,0,5,5,0,0,0.9161774516105652,exact_match,6018.0
4p,4p,True,0,0,5,5,0,0,0.9669517278671265,exact_match,6019.0
2p,2p,True,0,0,5,5,0,0,0.9794971942901611,exact_match,6020.0
5s,5s,True,0,0,5,5,0,0,0.6112607717514038,exact_match,6021.0
3p,3p,True,0,0,5,5,0,0,0.9580378532409668,exact_match,6022.0
east,east,True,0,0,5,5,0,0,0.9757730960845947,exact_match,6023.0
2m,2m,True,0,0,5,5,0,0,0.9554286599159241,exact_match,6024.0
9m,9m,True,3,3,20,20,0,0,0.6511407494544983,exact_match,6025.0
green,green,True,3,3,28,28,0,0,0.8865249752998352,exact_match,6026.0
9p,west,False,2,2,16,16,0,0,0.32337796688079834,equivalent,6027.0
south,south,True,2,2,16,16,0,0,0.8137790560722351,exact_match,6028.0
8p,east,False,2,2,15,15,0,0,0.8042011857032776,equivalent,6029.0
9p,9p,True,2,2,14,14,0,0,0.8650194406509399,exact_match,6030.0
south,south,True,2,2,14,14,0,0,0.6074593663215637,exact_match,6031.0
7p,7p,True,2,2,13,13,0,0,0.5758088231086731,exact_match,6032.0
east,east,True,1,1,9,9,0,0,0.4404371976852417,exact_match,6033.0
east,east,True,1,1,8,8,0,0,0.6441712975502014,exact_match,6034.0
west,4p,False,2,1,36,8,1,28,0.5827130675315857,better_shanten,6035.0
west,west,True,1,1,9,9,0,0,0.5487352013587952,exact_match,6036.0
red,red,True,1,1,9,9,0,0,0.7250824570655823,exact_match,6037.0
4p,4p,True,1,1,16,16,0,0,0.7440142631530762,exact_match,6038.0
4s,7s,False,0,0,4,7,0,-3,0.5867490768432617,better_ukeire,6039.0
1s,1s,True,3,3,31,31,0,0,0.9749235510826111,exact_match,6040.0
west,west,True,2,2,15,15,0,0,0.8514935374259949,exact_match,6041.0
east,south,False,3,3,32,30,0,2,0.7498690485954285,near_equivalent,6042.0
2s,2s,True,2,2,35,35,0,0,0.9256274700164795,exact_match,6043.0
6m,south,False,2,2,20,20,0,0,0.7889228463172913,equivalent,6044.0
7s,7s,True,2,2,44,44,0,0,0.6173704862594604,exact_match,6045.0
1m,south,False,2,2,19,23,0,-4,0.7697242498397827,better_ukeire,6046.0
north,north,True,2,2,43,43,0,0,0.8276160359382629,exact_match,6047.0
3m,3m,True,1,1,15,15,0,0,0.8757568001747131,exact_match,6048.0
5s,5s,True,2,2,42,42,0,0,0.8234395980834961,exact_match,6049.0
south,south,True,0,0,6,6,0,0,0.8080861568450928,exact_match,6050.0
9s,9s,True,2,2,41,41,0,0,0.9675171971321106,exact_match,6051.0
1p,1p,True,0,0,6,6,0,0,0.8809351325035095,exact_match,6052.0
5s,5s,True,2,2,40,40,0,0,0.9142460823059082,exact_match,6053.0
north,north,True,2,2,20,20,0,0,0.935569703578949,exact_match,6054.0
8m,8m,True,2,2,33,33,0,0,0.8817002177238464,exact_match,6055.0
east,east,True,2,2,33,33,0,0,0.9446017742156982,exact_match,6056.0
9m,9m,True,2,2,32,32,0,0,0.9778966903686523,exact_match,6057.0
3m,3m,True,2,2,35,35,0,0,0.6230660080909729,exact_match,6058.0
white,white,True,2,2,33,33,0,0,0.9001182317733765,exact_match,6059.0
7p,6p,False,1,2,14,32,-1,-18,0.3088993430137634,shanten_loss,6060.0
3m,3m,True,1,1,14,14,0,0,0.8393506407737732,exact_match,6061.0
east,east,True,1,1,10,10,0,0,0.9157324433326721,exact_match,6062.0
north,north,True,1,1,10,10,0,0,0.9198356866836548,exact_match,6063.0
1s,1s,True,3,3,23,23,0,0,0.8908527493476868,exact_match,6064.0
8s,8s,True,3,3,22,22,0,0,0.5241258144378662,exact_match,6065.0
south,south,True,3,3,22,22,0,0,0.5992732048034668,exact_match,6066.0
green,green,True,3,3,26,26,0,0,0.7777103781700134,exact_match,6067.0
3s,3s,True,3,3,26,26,0,0,0.9559075832366943,exact_match,6068.0
3p,5p,False,2,2,11,19,0,-8,0.595697283744812,better_ukeire,6069.0
3s,3s,True,2,2,10,10,0,0,0.8410157561302185,exact_match,6070.0
west,2p,False,3,2,41,10,1,31,0.25100910663604736,better_shanten,6071.0
west,4m,False,2,3,13,39,-1,-26,0.42588815093040466,shanten_loss,6072.0
west,west,True,3,3,24,24,0,0,0.9342397451400757,exact_match,6073.0
2s,2s,True,3,3,36,36,0,0,0.3602837324142456,exact_match,6074.0
white,green,False,2,2,16,16,0,0,0.5269973874092102,equivalent,6075.0
white,white,True,2,2,14,14,0,0,0.5789828896522522,exact_match,6076.0
green,green,True,2,2,16,16,0,0,0.5924968123435974,exact_match,6077.0
red,south,False,2,2,14,13,0,1,0.6922446489334106,near_equivalent,6078.0
red,red,True,2,2,18,18,0,0,0.8504214286804199,exact_match,6079.0
south,north,False,2,2,14,14,0,0,0.7474201917648315,equivalent,6080.0
8m,8m,True,2,2,18,18,0,0,0.669743001461029,exact_match,6081.0
north,1m,False,2,2,12,12,0,0,0.3271435797214508,equivalent,6082.0
1m,1m,True,2,2,18,18,0,0,0.962012767791748,exact_match,6083.0
2p,2p,True,2,2,9,9,0,0,0.8402202129364014,exact_match,6084.0
8m,8m,True,2,2,17,17,0,0,0.8301507830619812,exact_match,6085.0
8p,8p,True,2,2,11,11,0,0,0.41238075494766235,exact_match,6086.0
1m,1m,True,2,2,17,17,0,0,0.9342222809791565,exact_match,6087.0
9p,9p,True,2,2,19,19,0,0,0.7991337180137634,exact_match,6088.0
north,north,True,2,2,17,17,0,0,0.8169509768486023,exact_match,6089.0
9p,9p,True,2,2,19,19,0,0,0.905634880065918,exact_match,6090.0
5m,8p,False,1,2,15,16,-1,-1,0.36167994141578674,shanten_loss,6091.0
1m,5m,False,1,1,8,7,0,1,0.4694977402687073,near_equivalent,6092.0
5m,1p,False,1,1,4,8,0,-4,0.8884251713752747,better_ukeire,6093.0
west,6m,False,2,1,22,4,1,18,0.5175687670707703,better_shanten,6094.0
west,west,True,1,1,5,5,0,0,0.5279170274734497,exact_match,6095.0
4m,south,False,2,1,19,3,1,16,0.49230456352233887,better_shanten,6096.0
1p,1p,True,1,1,4,4,0,0,0.76482093334198,exact_match,6097.0
6m,east,False,1,1,4,4,0,0,0.6748571395874023,equivalent,6098.0
east,east,True,0,0,2,2,0,0,0.813268780708313,exact_match,6099.0
7m,7m,True,0,0,2,2,0,0,0.9690819382667542,exact_match,6100.0
1p,9m,False,4,4,84,88,0,-4,0.3347930908203125,better_ukeire,6101.0
east,east,True,5,5,32,32,0,0,0.5121551752090454,exact_match,6102.0
9m,9m,True,3,3,78,78,0,0,0.42475056648254395,exact_match,6103.0
1m,1m,True,5,5,72,72,0,0,0.3980827331542969,exact_match,6104.0
south,south,True,3,3,76,76,0,0,0.6619759202003479,exact_match,6105.0
2s,9p,False,4,4,63,59,0,4,0.3343794047832489,ukeire_loss,6106.0
white,west,False,3,3,76,76,0,0,0.731738805770874,equivalent,6107.0
green,9p,False,3,3,55,46,0,9,0.4040009677410126,ukeire_loss,6108.0
west,9p,False,2,2,56,53,0,3,0.7037035822868347,ukeire_loss,6109.0
white,9p,False,2,2,51,37,0,14,0.3881053030490875,ukeire_loss,6110.0
8m,9p,False,2,2,56,68,0,-12,0.5070790648460388,better_ukeire,6111.0
1s,1s,True,2,2,50,50,0,0,0.7954124212265015,exact_match,6112.0
6s,9p,False,1,1,16,16,0,0,0.8312989473342896,equivalent,6113.0
6p,9p,False,1,1,9,9,0,0,0.461435467004776,equivalent,6114.0
red,4m,False,2,1,40,9,1,31,0.4753425121307373,better_shanten,6115.0
red,red,True,2,2,48,48,0,0,0.46516138315200806,exact_match,6116.0
9p,9p,True,1,1,13,13,0,0,0.36293670535087585,exact_match,6117.0
6m,9p,False,1,2,10,49,-1,-39,0.5860700607299805,shanten_loss,6118.0
5s,5s,True,1,1,12,12,0,0,0.46830862760543823,exact_match,6119.0
8s,2p,False,0,0,3,3,0,0,0.49441081285476685,equivalent,6120.0
8m,8m,True,0,0,3,3,0,0,0.8996809124946594,exact_match,6121.0
1m,1m,True,3,3,24,24,0,0,0.8133698105812073,exact_match,6122.0
north,north,True,5,5,93,93,0,0,0.47151878476142883,exact_match,6123.0
east,east,True,2,2,20,20,0,0,0.7054619789123535,exact_match,6124.0
white,white,True,4,4,77,77,0,0,0.5517035722732544,exact_match,6125.0
2s,8m,False,1,1,11,11,0,0,0.832055926322937,equivalent,6126.0
green,green,True,3,3,65,65,0,0,0.6447063088417053,exact_match,6127.0
2s,8m,False,1,1,11,11,0,0,0.7008358240127563,equivalent,6128.0
red,red,True,3,3,70,70,0,0,0.4655790627002716,exact_match,6129.0
south,south,True,1,1,11,11,0,0,0.931228518486023,exact_match,6130.0
3m,3s,False,2,2,22,22,0,0,0.48021066188812256,equivalent,6131.0
8m,8m,True,1,1,14,14,0,0,0.8719099164009094,exact_match,6132.0
south,south,True,2,2,22,22,0,0,0.6760664582252502,exact_match,6133.0
1m,1m,True,1,1,13,13,0,0,0.9888911247253418,exact_match,6134.0
9m,6m,False,2,2,21,21,0,0,0.5839076638221741,equivalent,6135.0
2p,2p,True,1,1,13,13,0,0,0.9221786260604858,exact_match,6136.0
3s,8m,False,2,3,20,60,-1,-40,0.3541144132614136,shanten_loss,6137.0
red,red,True,1,1,11,11,0,0,0.9254857301712036,exact_match,6138.0
east,east,True,4,4,79,79,0,0,0.7813858985900879,exact_match,6139.0
9s,9s,True,4,4,87,87,0,0,0.7614570260047913,exact_match,6140.0
east,east,True,4,4,84,84,0,0,0.5525777339935303,exact_match,6141.0
9s,9s,True,4,4,81,81,0,0,0.7344529628753662,exact_match,6142.0
white,white,True,3,3,60,60,0,0,0.4926048815250397,exact_match,6143.0
red,red,True,2,2,48,48,0,0,0.7455852627754211,exact_match,6144.0
south,green,False,2,2,14,14,0,0,0.7610958218574524,equivalent,6145.0
east,east,True,2,2,47,47,0,0,0.8909404277801514,exact_match,6146.0
5m,green,False,2,2,13,13,0,0,0.6184863448143005,equivalent,6147.0
8m,6s,False,1,1,30,23,0,7,0.391359806060791,ukeire_loss,6148.0
9m,green,False,3,2,60,19,1,41,0.6311598420143127,better_shanten,6149.0
7m,7m,True,1,1,30,30,0,0,0.3817729949951172,exact_match,6150.0
9m,9m,True,2,2,11,11,0,0,0.734782338142395,exact_match,6151.0
2s,2s,True,1,1,29,29,0,0,0.8584675192832947,exact_match,6152.0
east,1p,False,3,3,54,54,0,0,0.6985245943069458,equivalent,6153.0
1p,1p,True,2,2,16,16,0,0,0.9435700178146362,exact_match,6154.0
8s,8s,True,2,2,27,27,0,0,0.8738117814064026,exact_match,6155.0
south,south,True,2,2,27,27,0,0,0.9512558579444885,exact_match,6156.0
4s,east,False,2,2,20,27,0,-7,0.915009617805481,better_ukeire,6157.0
9m,east,False,2,2,25,41,0,-16,0.5085942149162292,better_ukeire,6158.0
green,green,True,2,2,25,25,0,0,0.5718523263931274,exact_match,6159.0
north,north,True,2,2,25,25,0,0,0.6278030872344971,exact_match,6160.0
7m,8p,False,2,2,24,25,0,-1,0.5226892232894897,near_equivalent,6161.0
8m,8m,True,2,2,23,23,0,0,0.7836609482765198,exact_match,6162.0
east,east,True,1,1,21,21,0,0,0.6927312612533569,exact_match,6163.0
west,west,True,3,3,18,18,0,0,0.8405829071998596,exact_match,6164.0
8s,8s,True,3,3,26,26,0,0,0.6780797243118286,exact_match,6165.0
5m,1p,False,3,3,26,26,0,0,0.4119819700717926,equivalent,6166.0
2p,2p,True,2,2,23,23,0,0,0.3165155351161957,exact_match,6167.0
1p,1p,True,1,1,15,15,0,0,0.9119840264320374,exact_match,6168.0
green,green,True,1,1,14,14,0,0,0.9302235245704651,exact_match,6169.0
1s,1s,True,3,3,57,57,0,0,0.8372727632522583,exact_match,6170.0
red,red,True,2,2,16,16,0,0,0.8707411885261536,exact_match,6171.0
1p,1p,True,2,2,16,16,0,0,0.9568765759468079,exact_match,6172.0
6s,8m,False,2,2,16,16,0,0,0.5534191727638245,equivalent,6173.0
8m,8m,True,1,1,12,12,0,0,0.9212999939918518,exact_match,6174.0
4p,5s,False,1,1,12,12,0,0,0.4907796382904053,equivalent,6175.0
8s,8s,True,1,1,12,12,0,0,0.9678807854652405,exact_match,6176.0
9m,9m,True,3,3,78,78,0,0,0.8399782776832581,exact_match,6177.0
2m,2m,True,3,3,76,76,0,0,0.8218570947647095,exact_match,6178.0
1m,1m,True,3,3,75,75,0,0,0.9485213160514832,exact_match,6179.0
2s,2s,True,2,2,55,55,0,0,0.6135191917419434,exact_match,6180.0
3s,3s,True,2,2,54,54,0,0,0.7898343801498413,exact_match,6181.0
east,east,True,1,1,16,16,0,0,0.734073281288147,exact_match,6182.0
5m,1s,False,1,1,16,16,0,0,0.9742229580879211,equivalent,6183.0
1m,west,False,4,4,65,65,0,0,0.41606399416923523,equivalent,6184.0
south,west,False,3,3,27,27,0,0,0.5919418334960938,equivalent,6185.0
4m,west,False,2,2,19,19,0,0,0.5272126793861389,equivalent,6186.0
west,east,False,2,2,22,22,0,0,0.533545970916748,equivalent,6187.0
3p,3p,True,1,1,12,12,0,0,0.7990349531173706,exact_match,6188.0
east,3p,False,1,1,10,10,0,0,0.544314980506897,equivalent,6189.0
4p,4p,True,1,1,12,12,0,0,0.9228987693786621,exact_match,6190.0
3p,3p,True,1,1,10,10,0,0,0.5519633889198303,exact_match,6191.0
8s,8s,True,1,1,12,12,0,0,0.8913843035697937,exact_match,6192.0
8m,8m,True,1,1,10,10,0,0,0.9291863441467285,exact_match,6193.0
4s,white,False,1,0,21,8,1,13,0.9870519638061523,better_shanten,6194.0
red,red,True,1,1,10,10,0,0,0.7277657389640808,exact_match,6195.0
white,6m,False,1,1,33,21,0,12,0.6503162384033203,ukeire_loss,6196.0
1s,4s,False,1,1,10,10,0,0,0.8039132356643677,equivalent,6197.0
5s,2m,False,1,1,19,33,0,-14,0.7428203821182251,better_ukeire,6198.0
red,red,True,1,1,19,19,0,0,0.6350430250167847,exact_match,6199.0
6m,6m,True,0,0,2,2,0,0,0.9121336936950684,exact_match,6200.0
1s,1s,True,0,0,2,2,0,0,0.9970757961273193,exact_match,6201.0
5p,5p,True,1,1,11,11,0,0,0.5575633645057678,exact_match,6202.0
7m,8s,False,1,2,11,30,-1,-19,0.352921724319458,shanten_loss,6203.0
east,east,True,4,4,26,26,0,0,0.6299604177474976,exact_match,6204.0
green,east,False,3,3,60,61,0,-1,0.7888373732566833,near_equivalent,6205.0
1s,1s,True,3,3,21,21,0,0,0.710358202457428,exact_match,6206.0
east,east,True,2,2,48,48,0,0,0.5801602602005005,exact_match,6207.0
white,white,True,3,3,81,81,0,0,0.841246485710144,exact_match,6208.0
9p,1m,False,2,2,44,44,0,0,0.6907005310058594,equivalent,6209.0
north,north,True,3,3,79,79,0,0,0.9159886240959167,exact_match,6210.0
1m,1m,True,1,1,18,18,0,0,0.9780012369155884,exact_match,6211.0
2s,2s,True,3,3,78,78,0,0,0.9170525670051575,exact_match,6212.0
6p,6p,True,1,1,18,18,0,0,0.9472104907035828,exact_match,6213.0
7p,7p,True,2,2,46,46,0,0,0.5337515473365784,exact_match,6214.0
9p,9p,True,2,2,45,45,0,0,0.8778760433197021,exact_match,6215.0
red,red,True,1,1,18,18,0,0,0.9796486496925354,exact_match,6216.0
5s,5s,True,1,1,15,15,0,0,0.7378520965576172,exact_match,6217.0
5s,5s,True,1,1,18,18,0,0,0.7456652522087097,exact_match,6218.0
9m,9m,True,0,0,7,7,0,0,0.4509577453136444,exact_match,6219.0
west,west,True,1,1,13,13,0,0,0.8281252384185791,exact_match,6220.0
4p,4p,True,0,0,7,7,0,0,0.7507954239845276,exact_match,6221.0
1p,1p,True,1,1,23,23,0,0,0.9852334856987,exact_match,6222.0
north,north,True,1,1,23,23,0,0,0.9876788258552551,exact_match,6223.0
4p,4p,True,1,1,23,23,0,0,0.8799907565116882,exact_match,6224.0
5p,5p,True,1,1,23,23,0,0,0.8976128101348877,exact_match,6225.0
east,south,False,4,4,72,73,0,-1,0.49039432406425476,near_equivalent,6226.0
south,south,True,4,4,72,72,0,0,0.8431737422943115,exact_match,6227.0
white,white,True,3,3,19,19,0,0,0.34524738788604736,exact_match,6228.0
8m,green,False,3,3,19,19,0,0,0.5107905864715576,equivalent,6229.0
red,green,False,2,2,15,15,0,0,0.42383089661598206,equivalent,6230.0
green,green,True,2,2,18,18,0,0,0.4835084080696106,exact_match,6231.0
1p,1p,True,2,2,18,18,0,0,0.7827461361885071,exact_match,6232.0
2m,1m,False,2,2,13,11,0,2,0.43476566672325134,near_equivalent,6233.0
3s,3s,True,2,2,11,11,0,0,0.7066285610198975,exact_match,6234.0
1m,1m,True,3,3,46,46,0,0,0.3205460011959076,exact_match,6235.0
1m,1m,True,2,2,16,16,0,0,0.6559391021728516,exact_match,6236.0
north,north,True,3,3,34,34,0,0,0.8464632034301758,exact_match,6237.0
6p,east,False,3,3,23,23,0,0,0.48537319898605347,equivalent,6238.0
south,south,True,3,3,34,34,0,0,0.7745171189308167,exact_match,6239.0
east,2p,False,2,2,19,15,0,4,0.4647887051105499,ukeire_loss,6240.0
north,north,True,3,3,34,34,0,0,0.79571133852005,exact_match,6241.0
6m,6m,True,2,2,19,19,0,0,0.8581100702285767,exact_match,6242.0
red,white,False,3,3,32,33,0,-1,0.6820191740989685,near_equivalent,6243.0
2s,2p,False,1,1,8,7,0,1,0.8479200601577759,near_equivalent,6244.0
7m,white,False,3,3,57,62,0,-5,0.7726908922195435,better_ukeire,6245.0
1s,2p,False,1,1,20,9,0,11,0.4534851312637329,ukeire_loss,6246.0
white,white,True,2,2,10,10,0,0,0.5265868306159973,exact_match,6247.0
white,white,True,1,1,20,20,0,0,0.8969634175300598,exact_match,6248.0
east,east,True,2,2,10,10,0,0,0.7923508882522583,exact_match,6249.0
9p,9p,True,1,1,20,20,0,0,0.907547652721405,exact_match,6250.0
3p,2s,False,2,2,27,25,0,2,0.3954891562461853,near_equivalent,6251.0
5s,5s,True,1,1,18,18,0,0,0.9532595872879028,exact_match,6252.0
6m,6m,True,1,1,13,13,0,0,0.5099092721939087,exact_match,6253.0
1s,1s,True,1,1,18,18,0,0,0.8852144479751587,exact_match,6254.0
4m,4m,True,0,0,3,3,0,0,0.46438392996788025,exact_match,6255.0
white,white,True,1,1,9,9,0,0,0.8531366586685181,exact_match,6256.0
9s,9s,True,1,1,9,9,0,0,0.8918829560279846,exact_match,6257.0
west,west,True,5,5,81,81,0,0,0.4423261880874634,exact_match,6258.0
north,north,True,4,4,75,75,0,0,0.5464643239974976,exact_match,6259.0
1m,1m,True,3,3,69,69,0,0,0.8055527210235596,exact_match,6260.0
red,east,False,2,2,26,27,0,-1,0.5511378049850464,near_equivalent,6261.0
red,red,True,2,2,25,25,0,0,0.758610188961029,exact_match,6262.0
east,east,True,2,2,56,56,0,0,0.6645749807357788,exact_match,6263.0
north,north,True,2,2,54,54,0,0,0.9149743914604187,exact_match,6264.0
1p,1p,True,2,2,52,52,0,0,0.8832060694694519,exact_match,6265.0
1p,1p,True,2,2,51,51,0,0,0.9556761384010315,exact_match,6266.0
2s,2s,True,1,1,31,31,0,0,0.8796731233596802,exact_match,6267.0
west,west,True,3,3,21,21,0,0,0.6103260517120361,exact_match,6268.0
9m,9m,True,3,3,20,20,0,0,0.4037429690361023,exact_match,6269.0
9m,9m,True,3,3,20,20,0,0,0.4820834696292877,exact_match,6270.0
8p,1p,False,3,3,20,20,0,0,0.6740233302116394,equivalent,6271.0
8m,1p,False,3,3,20,20,0,0,0.5989198684692383,equivalent,6272.0
8s,1p,False,3,3,66,62,0,4,0.7516945004463196,ukeire_loss,6273.0
1p,1p,True,2,2,15,15,0,0,0.6778036952018738,exact_match,6274.0
4s,red,False,1,1,11,11,0,0,0.881799042224884,equivalent,6275.0
red,red,True,0,0,4,4,0,0,0.7785946726799011,exact_match,6276.0
9s,9s,True,0,0,4,4,0,0,0.9436248540878296,exact_match,6277.0
north,north,True,0,0,4,4,0,0,0.8806054592132568,exact_match,6278.0
3p,3p,True,0,0,4,4,0,0,0.8972111940383911,exact_match,6279.0
2p,2p,True,0,0,4,4,0,0,0.9523459672927856,exact_match,6280.0
2m,2m,True,0,0,4,4,0,0,0.7965112328529358,exact_match,6281.0
3s,2m,False,0,1,4,27,-1,-23,0.5384907722473145,shanten_loss,6282.0
8p,8p,True,0,0,4,4,0,0,0.9719903469085693,exact_match,6283.0
1s,1s,True,0,0,4,4,0,0,0.9498980641365051,exact_match,6284.0
7s,4m,False,0,1,4,22,-1,-18,0.48388856649398804,shanten_loss,6285.0
north,north,True,3,3,49,49,0,0,0.5032404661178589,exact_match,6286.0
east,east,True,3,3,20,20,0,0,0.4178512990474701,exact_match,6287.0
1p,1p,True,3,3,48,48,0,0,0.34520426392555237,exact_match,6288.0
9p,9p,True,3,3,49,49,0,0,0.39679330587387085,exact_match,6289.0
2m,2m,True,3,3,48,48,0,0,0.6824783682823181,exact_match,6290.0
green,green,True,2,2,18,18,0,0,0.6686693429946899,exact_match,6291.0
green,green,True,3,3,47,47,0,0,0.3955388367176056,exact_match,6292.0
white,white,True,2,2,18,18,0,0,0.796093225479126,exact_match,6293.0
white,white,True,3,3,46,46,0,0,0.4587644040584564,exact_match,6294.0
5s,3p,False,2,2,34,35,0,-1,0.45995086431503296,near_equivalent,6295.0
7p,west,False,2,2,31,33,0,-2,0.483708918094635,near_equivalent,6296.0
3p,7p,False,2,2,37,32,0,5,0.6885519623756409,ukeire_loss,6297.0
west,west,True,1,1,20,20,0,0,0.8687331676483154,exact_match,6298.0
7s,7p,False,1,1,13,19,0,-6,0.322834849357605,better_ukeire,6299.0
6m,6m,True,0,0,3,3,0,0,0.7243699431419373,exact_match,6300.0
white,white,True,3,3,65,65,0,0,0.48721393942832947,exact_match,6301.0
white,white,True,3,3,65,65,0,0,0.7723362445831299,exact_match,6302.0
red,red,True,3,3,64,64,0,0,0.6589560508728027,exact_match,6303.0
1p,1p,True,2,2,53,53,0,0,0.531434953212738,exact_match,6304.0
3s,8s,False,1,1,16,16,0,0,0.7481957077980042,equivalent,6305.0
3s,3s,True,1,1,16,16,0,0,0.7160523533821106,exact_match,6306.0
west,west,True,4,4,27,27,0,0,0.4290480315685272,exact_match,6307.0
9s,east,False,4,4,21,55,0,-34,0.34515851736068726,better_ukeire,6308.0
north,north,True,4,4,27,27,0,0,0.5258091688156128,exact_match,6309.0
7s,west,False,4,4,45,61,0,-16,0.32849153876304626,better_ukeire,6310.0
1s,1s,True,4,4,73,73,0,0,0.5538881421089172,exact_match,6311.0
8m,8m,True,4,4,43,43,0,0,0.39054739475250244,exact_match,6312.0
green,green,True,3,3,34,34,0,0,0.4494042694568634,exact_match,6313.0
7p,2m,False,2,2,14,14,0,0,0.6077590584754944,equivalent,6314.0
1p,5p,False,2,1,52,12,1,40,0.4557647407054901,better_shanten,6315.0
2p,2p,True,2,2,62,62,0,0,0.8326832056045532,exact_match,6316.0
5s,5s,True,1,1,35,35,0,0,0.5106542110443115,exact_match,6317.0
9p,east,False,3,3,43,51,0,-8,0.7896588444709778,better_ukeire,6318.0
east,east,True,2,2,14,14,0,0,0.7836572527885437,exact_match,6319.0
1m,1m,True,2,2,14,14,0,0,0.8773956894874573,exact_match,6320.0
white,white,True,2,2,18,18,0,0,0.955505907535553,exact_match,6321.0
1p,6s,False,2,2,17,23,0,-6,0.459510862827301,better_ukeire,6322.0
9m,9m,True,2,2,17,17,0,0,0.9338757395744324,exact_match,6323.0
west,west,True,2,2,17,17,0,0,0.9621649384498596,exact_match,6324.0
1p,5p,False,2,2,17,17,0,0,0.24563303589820862,equivalent,6325.0
5p,5p,True,2,2,17,17,0,0,0.35300692915916443,exact_match,6326.0
4m,6m,False,2,2,21,17,0,4,0.2945004999637604,ukeire_loss,6327.0
8m,8m,True,1,1,11,11,0,0,0.4539112150669098,exact_match,6328.0
3p,9m,False,1,1,10,10,0,0,0.9708432555198669,equivalent,6329.0
9m,9m,True,0,0,6,6,0,0,0.9637799859046936,exact_match,6330.0
8p,8p,True,0,0,6,6,0,0,0.9928981065750122,exact_match,6331.0
2s,5s,False,0,0,4,6,0,-2,0.5704367756843567,near_equivalent,6332.0
north,north,True,0,0,4,4,0,0,0.9530655741691589,exact_match,6333.0
4m,4m,True,0,0,4,4,0,0,0.9835051894187927,exact_match,6334.0
8p,8p,True,0,0,4,4,0,0,0.9879462122917175,exact_match,6335.0
6s,2s,False,1,1,14,16,0,-2,0.6764999032020569,near_equivalent,6336.0
south,south,True,0,0,3,3,0,0,0.9752194881439209,exact_match,6337.0
2s,6m,False,1,1,12,14,0,-2,0.48884332180023193,near_equivalent,6338.0
9p,9p,True,0,0,3,3,0,0,0.8790314793586731,exact_match,6339.0
6s,6s,True,1,1,12,12,0,0,0.5393422842025757,exact_match,6340.0
1s,1s,True,0,0,3,3,0,0,0.933601975440979,exact_match,6341.0
6s,6s,True,1,1,12,12,0,0,0.5824949145317078,exact_match,6342.0
7p,7p,True,0,0,3,3,0,0,0.8523056507110596,exact_match,6343.0
1s,1s,True,0,0,4,4,0,0,0.8998256325721741,exact_match,6344.0
5s,5s,True,0,0,3,3,0,0,0.738323986530304,exact_match,6345.0
east,east,True,0,0,4,4,0,0,0.9761629104614258,exact_match,6346.0
east,east,True,0,0,3,3,0,0,0.9711084961891174,exact_match,6347.0
1m,1m,True,0,0,4,4,0,0,0.9620478749275208,exact_match,6348.0
8m,5m,False,0,0,3,7,0,-4,0.5828133225440979,better_ukeire,6349.0
8m,8m,True,0,0,2,2,0,0,0.8194510340690613,exact_match,6350.0
6p,6p,True,0,0,3,3,0,0,0.3348362147808075,exact_match,6351.0
west,west,True,0,0,2,2,0,0,0.8101307153701782,exact_match,6352.0
red,red,True,0,0,3,3,0,0,0.9521793723106384,exact_match,6353.0
2s,2s,True,2,2,54,54,0,0,0.8829800486564636,exact_match,6354.0
east,east,True,4,4,63,63,0,0,0.7045308351516724,exact_match,6355.0
2s,2s,True,2,2,54,54,0,0,0.9412207007408142,exact_match,6356.0
red,1s,False,4,4,73,67,0,6,0.27289441227912903,ukeire_loss,6357.0
8m,8m,True,1,1,37,37,0,0,0.5712869763374329,exact_match,6358.0
green,green,True,3,3,60,60,0,0,0.3920349180698395,exact_match,6359.0
2s,2s,True,1,1,37,37,0,0,0.9658769965171814,exact_match,6360.0
1p,1s,False,3,3,58,58,0,0,0.3202076852321625,equivalent,6361.0
5s,5s,True,1,1,33,33,0,0,0.8219461441040039,exact_match,6362.0
9p,1m,False,2,2,18,18,0,0,0.44188764691352844,equivalent,6363.0
7s,8s,False,0,0,8,4,0,4,0.44197067618370056,ukeire_loss,6364.0
green,green,True,2,2,18,18,0,0,0.6770525574684143,exact_match,6365.0
north,north,True,3,3,73,73,0,0,0.5122137665748596,exact_match,6366.0
south,south,True,2,2,64,64,0,0,0.6343110799789429,exact_match,6367.0
1s,white,False,2,2,54,63,0,-9,0.6638693809509277,better_ukeire,6368.0
white,9m,False,2,2,56,53,0,3,0.7623473405838013,ukeire_loss,6369.0
9m,9m,True,1,1,21,21,0,0,0.7136249542236328,exact_match,6370.0
east,east,True,1,1,21,21,0,0,0.8815279006958008,exact_match,6371.0
south,south,True,1,1,20,20,0,0,0.9022067189216614,exact_match,6372.0
2p,2p,True,1,1,19,19,0,0,0.41556188464164734,exact_match,6373.0
west,west,True,4,4,76,76,0,0,0.7821131944656372,exact_match,6374.0
9m,1m,False,4,4,60,62,0,-2,0.5182963013648987,near_equivalent,6375.0
1p,1p,True,4,4,74,74,0,0,0.38316506147384644,exact_match,6376.0
1m,1m,True,4,4,59,59,0,0,0.35256266593933105,exact_match,6377.0
green,green,True,3,3,33,33,0,0,0.33948415517807007,exact_match,6378.0
9m,8p,False,4,3,49,34,1,15,0.35872337222099304,better_shanten,6379.0
red,red,True,1,1,20,20,0,0,0.9557088017463684,exact_match,6380.0
2m,2m,True,1,1,20,20,0,0,0.9801419973373413,exact_match,6381.0
9p,9p,True,0,0,4,4,0,0,0.9257583022117615,exact_match,6382.0
8p,8p,True,0,0,4,4,0,0,0.8701942563056946,exact_match,6383.0
9m,9m,True,0,0,4,4,0,0,0.9959243535995483,exact_match,6384.0
4m,4m,True,0,0,4,4,0,0,0.9775517582893372,exact_match,6385.0
1m,1m,True,0,0,4,4,0,0,0.9957491159439087,exact_match,6386.0
1m,1m,True,0,0,4,4,0,0,0.994333028793335,exact_match,6387.0
west,west,True,3,3,41,41,0,0,0.7428199648857117,exact_match,6388.0
1p,1p,True,3,3,43,43,0,0,0.8280818462371826,exact_match,6389.0
south,south,True,3,3,41,41,0,0,0.8596872687339783,exact_match,6390.0
white,white,True,3,3,46,46,0,0,0.8787220120429993,exact_match,6391.0
green,green,True,3,3,40,40,0,0,0.6375964879989624,exact_match,6392.0
4s,4s,True,2,2,23,23,0,0,0.7418854832649231,exact_match,6393.0
west,west,True,3,3,40,40,0,0,0.8290416598320007,exact_match,6394.0
7m,8m,False,1,1,12,12,0,0,0.47223132848739624,equivalent,6395.0
east,east,True,2,2,19,19,0,0,0.657110869884491,exact_match,6396.0
8m,8m,True,0,0,8,8,0,0,0.9883441925048828,exact_match,6397.0
white,white,True,2,2,19,19,0,0,0.8832311630249023,exact_match,6398.0
west,west,True,0,0,8,8,0,0,0.9837137460708618,exact_match,6399.0
6s,9m,False,2,2,22,22,0,0,0.6243513226509094,equivalent,6400.0
red,red,True,0,0,8,8,0,0,0.985226571559906,exact_match,6401.0
9p,9p,True,2,2,22,22,0,0,0.8027941584587097,exact_match,6402.0
red,red,True,0,0,8,8,0,0,0.9779177904129028,exact_match,6403.0
north,north,True,2,2,22,22,0,0,0.806486964225769,exact_match,6404.0
white,white,True,0,0,8,8,0,0,0.9881525635719299,exact_match,6405.0
9m,9m,True,1,1,15,15,0,0,0.7522801160812378,exact_match,6406.0
4s,4s,True,0,0,8,8,0,0,0.972764253616333,exact_match,6407.0
4s,4m,False,1,1,15,15,0,0,0.7442464828491211,equivalent,6408.0
9p,9p,True,3,3,53,53,0,0,0.5605300068855286,exact_match,6409.0
9s,1s,False,3,3,46,51,0,-5,0.5749989748001099,better_ukeire,6410.0
9m,9m,True,2,2,21,21,0,0,0.8120138645172119,exact_match,6411.0
1s,1s,True,3,3,66,66,0,0,0.775738000869751,exact_match,6412.0
4m,4m,True,2,2,20,20,0,0,0.864022433757782,exact_match,6413.0
east,east,True,3,3,65,65,0,0,0.5472042560577393,exact_match,6414.0
9s,9s,True,2,2,20,20,0,0,0.904268741607666,exact_match,6415.0
south,south,True,1,1,18,18,0,0,0.6237978339195251,exact_match,6416.0
south,7p,False,2,2,45,30,0,15,0.4732261896133423,ukeire_loss,6417.0
2p,2p,True,1,1,17,17,0,0,0.5091727375984192,exact_match,6418.0
7p,7p,True,1,1,13,13,0,0,0.669389009475708,exact_match,6419.0
3s,3s,True,0,0,6,6,0,0,0.6306100487709045,exact_match,6420.0
red,2p,False,3,3,55,47,0,8,0.2517969608306885,ukeire_loss,6421.0
south,south,True,2,2,15,15,0,0,0.8922142386436462,exact_match,6422.0
east,east,True,3,3,53,53,0,0,0.6258031129837036,exact_match,6423.0
green,green,True,2,2,15,15,0,0,0.7843427658081055,exact_match,6424.0
9m,south,False,3,3,63,65,0,-2,0.5227754712104797,near_equivalent,6425.0
4m,7m,False,2,2,15,15,0,0,0.7801998853683472,equivalent,6426.0
south,south,True,3,3,70,70,0,0,0.769216775894165,exact_match,6427.0
6p,7m,False,1,1,9,9,0,0,0.530466616153717,equivalent,6428.0
2p,2p,True,2,2,61,61,0,0,0.7861314415931702,exact_match,6429.0
3s,7m,False,1,1,8,8,0,0,0.4437570869922638,equivalent,6430.0
8p,8p,True,2,2,59,59,0,0,0.8140026926994324,exact_match,6431.0
9m,2p,False,1,1,8,7,0,1,0.6004919409751892,near_equivalent,6432.0
green,green,True,2,2,57,57,0,0,0.8234977126121521,exact_match,6433.0
9m,2p,False,1,1,8,6,0,2,0.330207884311676,near_equivalent,6434.0
west,west,True,2,2,56,56,0,0,0.773819088935852,exact_match,6435.0
7s,7s,True,1,1,8,8,0,0,0.3997420370578766,exact_match,6436.0
8s,8s,True,2,2,55,55,0,0,0.5849406123161316,exact_match,6437.0
5s,8s,False,1,2,8,11,-1,-3,0.4068293869495392,shanten_loss,6438.0
4s,4s,True,2,2,42,42,0,0,0.47021934390068054,exact_match,6439.0
1m,8s,False,2,2,9,9,0,0,0.3851858973503113,equivalent,6440.0
9p,9p,True,1,1,35,35,0,0,0.3782289922237396,exact_match,6441.0
1m,1m,True,2,2,9,9,0,0,0.6383132934570312,exact_match,6442.0
1m,1m,True,3,3,53,53,0,0,0.7784978747367859,exact_match,6443.0
white,west,False,3,3,53,53,0,0,0.6353874802589417,equivalent,6444.0
green,west,False,2,2,21,21,0,0,0.5169224739074707,equivalent,6445.0
3s,3s,True,1,1,12,12,0,0,0.4947800636291504,exact_match,6446.0
5m,west,False,1,1,12,12,0,0,0.5923442244529724,equivalent,6447.0
9s,9s,True,1,1,12,12,0,0,0.8006884455680847,exact_match,6448.0
west,west,True,1,1,22,22,0,0,0.8188616037368774,exact_match,6449.0
6s,6s,True,0,0,8,8,0,0,0.5928699970245361,exact_match,6450.0
white,white,True,0,0,8,8,0,0,0.9329924583435059,exact_match,6451.0
9p,9p,True,0,0,8,8,0,0,0.9686235189437866,exact_match,6452.0
5m,5m,True,0,0,8,8,0,0,0.6940186619758606,exact_match,6453.0
south,south,True,0,0,8,8,0,0,0.9215472936630249,exact_match,6454.0
8p,8p,True,0,0,8,8,0,0,0.8487676978111267,exact_match,6455.0
8m,8m,True,0,0,8,8,0,0,0.9089275002479553,exact_match,6456.0
1s,1s,True,0,0,8,8,0,0,0.9605618715286255,exact_match,6457.0
1m,1m,True,0,0,8,8,0,0,0.9867247343063354,exact_match,6458.0
7s,north,False,3,3,23,43,0,-20,0.31548166275024414,better_ukeire,6459.0
7s,north,False,3,3,17,42,0,-25,0.3282645344734192,better_ukeire,6460.0
9p,green,False,4,3,64,41,1,23,0.544276773929596,better_shanten,6461.0
9p,east,False,3,3,24,24,0,0,0.7191563844680786,equivalent,6462.0
green,green,True,4,4,85,85,0,0,0.5422224998474121,exact_match,6463.0
east,east,True,3,3,46,46,0,0,0.7609580159187317,exact_match,6464.0
red,red,True,3,3,66,66,0,0,0.5567563772201538,exact_match,6465.0
6m,6m,True,2,2,15,15,0,0,0.3181236982345581,exact_match,6466.0
2m,2m,True,2,2,20,20,0,0,0.8163343667984009,exact_match,6467.0
2m,2m,True,2,2,33,33,0,0,0.7365673780441284,exact_match,6468.0
9m,9m,True,2,2,27,27,0,0,0.9702863693237305,exact_match,6469.0
green,green,True,2,2,32,32,0,0,0.8824687600135803,exact_match,6470.0
north,north,True,2,2,27,27,0,0,0.9922507405281067,exact_match,6471.0
4m,4m,True,2,2,32,32,0,0,0.9236939549446106,exact_match,6472.0
4p,8m,False,1,2,16,47,-1,-31,0.24917937815189362,shanten_loss,6473.0
6m,6m,True,2,2,30,30,0,0,0.9376581907272339,exact_match,6474.0
3p,3p,True,1,1,16,16,0,0,0.6319176554679871,exact_match,6475.0
2s,7s,False,2,2,31,29,0,2,0.43401193618774414,near_equivalent,6476.0
west,west,True,1,1,15,15,0,0,0.9767370820045471,exact_match,6477.0
1s,1s,True,1,1,9,9,0,0,0.8987085819244385,exact_match,6478.0
8m,8m,True,1,1,14,14,0,0,0.910664439201355,exact_match,6479.0
6p,7p,False,0,0,8,4,0,4,0.5475687384605408,ukeire_loss,6480.0
6p,6p,True,0,0,3,3,0,0,0.7820746898651123,exact_match,6481.0
7p,7p,True,0,0,8,8,0,0,0.9952608942985535,exact_match,6482.0
3s,3s,True,0,0,8,8,0,0,0.8362318277359009,exact_match,6483.0
2p,2p,True,0,0,8,8,0,0,0.9965949654579163,exact_match,6484.0
red,red,True,3,3,76,76,0,0,0.9857344627380371,exact_match,6485.0
north,north,True,2,2,19,19,0,0,0.8472411036491394,exact_match,6486.0
4m,4m,True,2,2,64,64,0,0,0.5650457143783569,exact_match,6487.0
green,green,True,1,1,12,12,0,0,0.49129340052604675,exact_match,6488.0
8s,7m,False,1,1,44,39,0,5,0.7567703127861023,ukeire_loss,6489.0
1m,east,False,1,1,12,12,0,0,0.5790903568267822,equivalent,6490.0
west,west,True,1,1,43,43,0,0,0.9334215521812439,exact_match,6491.0
red,red,True,1,1,12,12,0,0,0.4837040901184082,exact_match,6492.0
south,south,True,1,1,42,42,0,0,0.908405601978302,exact_match,6493.0
east,east,True,1,1,16,16,0,0,0.7647023797035217,exact_match,6494.0
1s,1s,True,1,1,42,42,0,0,0.8209271430969238,exact_match,6495.0
3p,5p,False,0,1,4,30,-1,-26,0.37514740228652954,shanten_loss,6496.0
4s,4s,True,0,0,4,4,0,0,0.576718270778656,exact_match,6497.0
7m,7m,True,0,0,4,4,0,0,0.83167564868927,exact_match,6498.0
9m,9m,True,3,3,24,24,0,0,0.5761975049972534,exact_match,6499.0
white,red,False,2,2,16,16,0,0,0.48252224922180176,equivalent,6500.0
red,red,True,2,2,20,20,0,0,0.6326411962509155,exact_match,6501.0
2p,south,False,2,2,20,20,0,0,0.7160840034484863,equivalent,6502.0
south,6p,False,2,2,22,20,0,2,0.4412032961845398,near_equivalent,6503.0
1m,8m,False,2,1,43,16,1,27,0.8585513234138489,better_shanten,6504.0
8m,8m,True,1,1,31,31,0,0,0.4189690351486206,exact_match,6505.0
9p,9p,True,1,1,31,31,0,0,0.8638993501663208,exact_match,6506.0
1s,5p,False,1,1,30,25,0,5,0.4382667541503906,ukeire_loss,6507.0
1s,1s,True,1,1,29,29,0,0,0.6572681665420532,exact_match,6508.0
south,1p,False,3,3,27,27,0,0,0.5390801429748535,equivalent,6509.0
red,9s,False,4,4,77,78,0,-1,0.7326670289039612,near_equivalent,6510.0
1p,1p,True,3,3,49,49,0,0,0.656834602355957,exact_match,6511.0
8m,9s,False,4,3,74,19,1,55,0.8490225076675415,better_shanten,6512.0
9m,9m,True,3,3,49,49,0,0,0.832724928855896,exact_match,6513.0
9s,9s,True,3,3,19,19,0,0,0.7800015211105347,exact_match,6514.0
4s,4s,True,2,2,18,18,0,0,0.6687405109405518,exact_match,6515.0
north,north,True,2,2,18,18,0,0,0.8121349811553955,exact_match,6516.0
8m,white,False,4,3,66,19,1,47,0.8339609503746033,better_shanten,6517.0
7m,7m,True,2,2,18,18,0,0,0.9224417805671692,exact_match,6518.0
1p,white,False,3,3,41,45,0,-4,0.6342217922210693,better_ukeire,6519.0
2m,1m,False,1,1,14,14,0,0,0.5096518397331238,equivalent,6520.0
white,white,True,2,2,20,20,0,0,0.7192685604095459,exact_match,6521.0
1m,9m,False,1,1,14,14,0,0,0.8208764791488647,equivalent,6522.0
2m,east,False,3,2,49,23,1,26,0.278506338596344,better_shanten,6523.0
3s,9m,False,1,1,14,14,0,0,0.5215378403663635,equivalent,6524.0
2m,8m,False,3,3,53,46,0,7,0.5982495546340942,ukeire_loss,6525.0
9m,9m,True,0,0,8,8,0,0,0.9507730603218079,exact_match,6526.0
8m,2s,False,3,3,41,50,0,-9,0.5349434018135071,better_ukeire,6527.0
3s,3s,True,0,0,8,8,0,0,0.9828363060951233,exact_match,6528.0
7m,7m,True,3,3,38,38,0,0,0.7445636987686157,exact_match,6529.0
green,green,True,2,2,19,19,0,0,0.9819285869598389,exact_match,6530.0
5s,2p,False,1,1,12,15,0,-3,0.8490616083145142,better_ukeire,6531.0
8m,8m,True,1,1,12,12,0,0,0.5348239541053772,exact_match,6532.0
2p,2p,True,0,0,4,4,0,0,0.9499906301498413,exact_match,6533.0
south,south,True,0,0,4,4,0,0,0.9614775776863098,exact_match,6534.0
7s,5m,False,0,1,4,38,-1,-34,0.37912020087242126,shanten_loss,6535.0
north,north,True,4,4,71,71,0,0,0.5328184962272644,exact_match,6536.0
south,east,False,2,2,18,18,0,0,0.8446577787399292,equivalent,6537.0
south,south,True,3,3,20,20,0,0,0.917658805847168,exact_match,6538.0
8p,east,False,2,2,18,18,0,0,0.8711630702018738,equivalent,6539.0
red,red,True,3,3,22,22,0,0,0.9079561829566956,exact_match,6540.0
2p,east,False,3,3,26,26,0,0,0.8517247438430786,equivalent,6541.0
east,east,True,3,3,48,48,0,0,0.8518518209457397,exact_match,6542.0
7p,4m,False,2,2,14,14,0,0,0.5118113160133362,equivalent,6543.0
9p,9p,True,1,1,9,9,0,0,0.7105203866958618,exact_match,6544.0
4m,4m,True,0,0,3,3,0,0,0.7596978545188904,exact_match,6545.0
2m,2m,True,1,1,17,17,0,0,0.6203186511993408,exact_match,6546.0
9p,9p,True,1,1,17,17,0,0,0.8829568028450012,exact_match,6547.0
4m,4m,True,1,1,16,16,0,0,0.9058053493499756,exact_match,6548.0
7p,7p,True,1,1,15,15,0,0,0.9238767623901367,exact_match,6549.0
3m,3m,True,2,2,13,13,0,0,0.7662957310676575,exact_match,6550.0
east,east,True,0,0,3,3,0,0,0.6776456236839294,exact_match,6551.0
1m,1m,True,2,2,13,13,0,0,0.9062594771385193,exact_match,6552.0
3m,3m,True,0,0,3,3,0,0,0.9885685443878174,exact_match,6553.0
1s,green,False,3,3,49,49,0,0,0.36738958954811096,equivalent,6554.0
east,east,True,4,4,71,71,0,0,0.467610239982605,exact_match,6555.0
green,green,True,3,3,53,53,0,0,0.46052154898643494,exact_match,6556.0
green,green,True,3,3,54,54,0,0,0.421620637178421,exact_match,6557.0
9m,red,False,3,3,55,55,0,0,0.6279839277267456,equivalent,6558.0
north,south,False,2,2,16,16,0,0,0.4505564570426941,equivalent,6559.0
red,red,True,2,2,43,43,0,0,0.9667055606842041,exact_match,6560.0
south,south,True,2,2,20,20,0,0,0.7586708068847656,exact_match,6561.0
8p,3s,False,2,2,33,22,0,11,0.38189777731895447,ukeire_loss,6562.0
8m,6m,False,1,1,14,14,0,0,0.2773750126361847,equivalent,6563.0
9p,3s,False,2,1,49,10,1,39,0.6174776554107666,better_shanten,6564.0
6m,white,False,1,1,14,14,0,0,0.8536758422851562,equivalent,6565.0
9p,9p,True,1,1,14,14,0,0,0.9070215821266174,exact_match,6566.0
white,white,True,1,1,25,25,0,0,0.9171229600906372,exact_match,6567.0
7p,7p,True,1,1,14,14,0,0,0.9535685181617737,exact_match,6568.0
1m,1m,True,1,1,23,23,0,0,0.9846240282058716,exact_match,6569.0
9s,4m,False,0,0,7,3,0,4,0.32822269201278687,ukeire_loss,6570.0
north,north,True,3,3,49,49,0,0,0.8454685807228088,exact_match,6571.0
2p,white,False,2,2,16,16,0,0,0.8884430527687073,equivalent,6572.0
white,white,True,2,2,18,18,0,0,0.9624528288841248,exact_match,6573.0
red,red,True,2,2,18,18,0,0,0.9863366484642029,exact_match,6574.0
7s,7s,True,1,1,11,11,0,0,0.8062955141067505,exact_match,6575.0
white,white,True,1,1,11,11,0,0,0.9352414608001709,exact_match,6576.0
7s,7s,True,1,1,14,14,0,0,0.6550481915473938,exact_match,6577.0
5p,green,False,1,1,14,14,0,0,0.9473882913589478,equivalent,6578.0
north,north,True,5,5,74,74,0,0,0.49912142753601074,exact_match,6579.0
1m,1m,True,3,3,73,73,0,0,0.7903785705566406,exact_match,6580.0
green,south,False,4,4,66,66,0,0,0.6093500852584839,equivalent,6581.0
9s,red,False,2,2,52,60,0,-8,0.5103029012680054,better_ukeire,6582.0
south,south,True,3,3,50,50,0,0,0.5507297515869141,exact_match,6583.0
4m,red,False,1,1,15,15,0,0,0.822607696056366,equivalent,6584.0
9p,red,False,3,3,48,50,0,-2,0.38617169857025146,near_equivalent,6585.0
9s,9s,True,3,3,33,33,0,0,0.6843833923339844,exact_match,6586.0
9p,west,False,3,3,32,32,0,0,0.534944474697113,equivalent,6587.0
9m,west,False,2,2,24,24,0,0,0.6197483539581299,equivalent,6588.0
west,west,True,1,1,15,15,0,0,0.9586129188537598,exact_match,6589.0
north,north,True,1,1,14,14,0,0,0.9818990230560303,exact_match,6590.0
3m,3m,True,0,0,5,5,0,0,0.5163494348526001,exact_match,6591.0
8m,8m,True,0,0,5,5,0,0,0.995154619216919,exact_match,6592.0
1s,1s,True,3,3,69,69,0,0,0.5596128106117249,exact_match,6593.0
1m,1p,False,3,2,64,15,1,49,0.7756099700927734,better_shanten,6594.0
3m,1p,False,3,3,63,70,0,-7,0.5512319803237915,better_ukeire,6595.0
red,1p,False,2,2,48,44,0,4,0.5496692061424255,ukeire_loss,6596.0
1p,white,False,2,2,41,46,0,-5,0.4990832507610321,better_ukeire,6597.0
white,6m,False,2,2,39,24,0,15,0.5616847276687622,ukeire_loss,6598.0
6m,east,False,1,1,17,16,0,1,0.5860453844070435,near_equivalent,6599.0
north,north,True,2,2,23,23,0,0,0.6546571254730225,exact_match,6600.0
white,white,True,2,2,45,45,0,0,0.5346970558166504,exact_match,6601.0
red,red,True,2,2,43,43,0,0,0.6712717413902283,exact_match,6602.0
1s,1s,True,1,1,17,17,0,0,0.9120004177093506,exact_match,6603.0
9p,9p,True,3,3,39,39,0,0,0.6953009366989136,exact_match,6604.0
east,east,True,2,2,15,15,0,0,0.7617582678794861,exact_match,6605.0
1s,2s,False,2,2,26,26,0,0,0.3507756292819977,equivalent,6606.0
2s,2s,True,1,1,12,12,0,0,0.8904448747634888,exact_match,6607.0
8p,8p,True,0,0,4,4,0,0,0.9102644920349121,exact_match,6608.0
3s,3s,True,0,0,4,4,0,0,0.9538280963897705,exact_match,6609.0
2p,2p,True,2,2,24,24,0,0,0.9877810478210449,exact_match,6610.0
5m,9p,False,1,1,14,18,0,-4,0.3838736414909363,better_ukeire,6611.0
4m,4m,True,1,1,17,17,0,0,0.8003491759300232,exact_match,6612.0
7p,7p,True,1,1,14,14,0,0,0.6747046709060669,exact_match,6613.0
green,green,True,1,1,14,14,0,0,0.5096544027328491,exact_match,6614.0
5p,5p,True,1,1,14,14,0,0,0.9812584519386292,exact_match,6615.0
9p,7s,False,1,1,12,8,0,4,0.3322374224662781,ukeire_loss,6616.0
9p,9p,True,0,0,9,9,0,0,0.9848543405532837,exact_match,6617.0
7m,7m,True,0,0,9,9,0,0,0.9945095181465149,exact_match,6618.0
8m,8m,True,0,0,9,9,0,0,0.9926398992538452,exact_match,6619.0
9p,9p,True,0,0,9,9,0,0,0.9917914867401123,exact_match,6620.0
9m,9m,True,2,2,19,19,0,0,0.8095966577529907,exact_match,6621.0
1m,1m,True,4,4,27,27,0,0,0.6495001912117004,exact_match,6622.0
red,red,True,2,2,19,19,0,0,0.9731237292289734,exact_match,6623.0
north,1s,False,4,4,27,26,0,1,0.4618973433971405,near_equivalent,6624.0
2m,6m,False,2,2,22,42,0,-20,0.39181917905807495,better_ukeire,6625.0
1s,south,False,4,4,25,26,0,-1,0.3531215488910675,near_equivalent,6626.0
1m,west,False,2,2,23,22,0,1,0.6879741549491882,near_equivalent,6627.0
8m,green,False,4,4,66,74,0,-8,0.34800559282302856,better_ukeire,6628.0
6m,west,False,1,1,8,8,0,0,0.5486400723457336,equivalent,6629.0
south,green,False,3,3,42,42,0,0,0.2505250871181488,equivalent,6630.0
6s,green,False,1,1,9,8,0,1,0.583046555519104,near_equivalent,6631.0
4m,green,False,3,3,44,58,0,-14,0.3105134963989258,better_ukeire,6632.0
3s,south,False,2,1,15,9,1,6,0.7576658725738525,better_shanten,6633.0
red,red,True,2,2,35,35,0,0,0.3520553410053253,exact_match,6634.0
1s,1s,True,2,2,21,21,0,0,0.6240112781524658,exact_match,6635.0
green,3m,False,2,2,42,34,0,8,0.7796509265899658,ukeire_loss,6636.0
west,green,False,1,1,15,17,0,-2,0.8691224455833435,near_equivalent,6637.0
3m,3m,True,1,1,30,30,0,0,0.7617312669754028,exact_match,6638.0
red,green,False,1,1,15,15,0,0,0.5311233997344971,equivalent,6639.0
5s,5s,True,0,0,6,6,0,0,0.9692625999450684,exact_match,6640.0
3m,3m,True,1,1,13,13,0,0,0.6713668704032898,exact_match,6641.0
west,west,True,3,3,20,20,0,0,0.8456478714942932,exact_match,6642.0
white,south,False,3,3,20,20,0,0,0.6090041399002075,equivalent,6643.0
7p,south,False,2,2,16,16,0,0,0.7949992418289185,equivalent,6644.0
south,south,True,2,2,16,16,0,0,0.5132511854171753,exact_match,6645.0
1p,2s,False,1,1,12,12,0,0,0.8657641410827637,equivalent,6646.0
3p,2s,False,1,1,12,12,0,0,0.6496274471282959,equivalent,6647.0
2s,2s,True,0,0,4,4,0,0,0.9952398538589478,exact_match,6648.0
green,green,True,0,0,4,4,0,0,0.995947539806366,exact_match,6649.0
north,north,True,0,0,4,4,0,0,0.9972844123840332,exact_match,6650.0
3m,3m,True,0,0,4,4,0,0,0.9962307810783386,exact_match,6651.0
south,south,True,1,1,11,11,0,0,0.6148613691329956,exact_match,6652.0
1m,1m,True,1,1,11,11,0,0,0.9587894678115845,exact_match,6653.0
1p,1p,True,1,1,12,12,0,0,0.4690532386302948,exact_match,6654.0
4s,2p,False,1,1,14,11,0,3,0.6445724368095398,ukeire_loss,6655.0
east,east,True,1,1,14,14,0,0,0.8825075030326843,exact_match,6656.0
1s,1s,True,1,1,14,14,0,0,0.8587418794631958,exact_match,6657.0
1m,north,False,4,4,27,27,0,0,0.40795931220054626,equivalent,6658.0
1s,red,False,2,2,53,61,0,-8,0.5771122574806213,better_ukeire,6659.0
west,2p,False,4,4,26,27,0,-1,0.3868699073791504,near_equivalent,6660.0
red,red,True,1,1,14,14,0,0,0.9422178864479065,exact_match,6661.0
north,2p,False,4,4,26,27,0,-1,0.2599109411239624,near_equivalent,6662.0
east,east,True,1,1,14,14,0,0,0.8761411309242249,exact_match,6663.0
5p,north,False,4,4,24,23,0,1,0.5037246346473694,near_equivalent,6664.0
8p,8m,False,1,1,17,17,0,0,0.6760479807853699,equivalent,6665.0
2p,2p,True,3,3,18,18,0,0,0.460526704788208,exact_match,6666.0
2p,3s,False,2,1,20,17,1,3,0.5034406781196594,better_shanten,6667.0
9p,8p,False,3,2,29,14,1,15,0.3556079566478729,better_shanten,6668.0
5p,9s,False,3,2,26,20,1,6,0.8397157192230225,better_shanten,6669.0
9p,north,False,3,3,19,31,0,-12,0.22805900871753693,better_ukeire,6670.0
4p,9s,False,3,3,26,53,0,-27,0.45134636759757996,better_ukeire,6671.0
8p,6p,False,3,3,20,19,0,1,0.41338399052619934,near_equivalent,6672.0
4p,9s,False,3,3,26,57,0,-31,0.20943313837051392,better_ukeire,6673.0
north,north,True,2,2,24,24,0,0,0.9301551580429077,exact_match,6674.0
green,green,True,2,2,24,24,0,0,0.5988890528678894,exact_match,6675.0
red,red,True,2,2,23,23,0,0,0.6540796160697937,exact_match,6676.0
9s,9s,True,2,2,23,23,0,0,0.8414421081542969,exact_match,6677.0
9m,1s,False,2,2,22,29,0,-7,0.5223496556282043,better_ukeire,6678.0
1s,1s,True,1,1,11,11,0,0,0.625876784324646,exact_match,6679.0
4s,1m,False,1,1,11,11,0,0,0.5392539501190186,equivalent,6680.0
1s,1s,True,3,3,20,20,0,0,0.46630480885505676,exact_match,6681.0
west,west,True,2,2,66,66,0,0,0.8407678008079529,exact_match,6682.0
9p,9p,True,3,3,43,43,0,0,0.4892209470272064,exact_match,6683.0
red,red,True,2,2,66,66,0,0,0.49697116017341614,exact_match,6684.0
8s,9s,False,2,2,16,16,0,0,0.42981621623039246,equivalent,6685.0
9p,9p,True,2,2,65,65,0,0,0.9532888531684875,exact_match,6686.0
9s,1s,False,2,2,16,16,0,0,0.678295373916626,equivalent,6687.0
7s,6p,False,1,1,8,8,0,0,0.400890588760376,equivalent,6688.0
9s,9s,True,2,2,15,15,0,0,0.6942183971405029,exact_match,6689.0
4s,4s,True,1,1,8,8,0,0,0.5777857899665833,exact_match,6690.0
white,1s,False,1,1,10,10,0,0,0.8346279859542847,equivalent,6691.0
2p,2p,True,1,1,7,7,0,0,0.6966052055358887,exact_match,6692.0
1s,1p,False,1,1,10,10,0,0,0.698747992515564,equivalent,6693.0
red,red,True,1,1,7,7,0,0,0.8083916306495667,exact_match,6694.0
2s,2s,True,1,1,10,10,0,0,0.775461733341217,exact_match,6695.0
east,6p,False,1,1,6,16,0,-10,0.354076087474823,better_ukeire,6696.0
1p,1p,True,0,0,6,6,0,0,0.9132530093193054,exact_match,6697.0
south,south,True,2,2,12,12,0,0,0.9660826921463013,exact_match,6698.0
1p,1p,True,2,2,11,11,0,0,0.45671865344047546,exact_match,6699.0
9p,3m,False,2,1,68,7,1,61,0.4898991584777832,better_shanten,6700.0
6s,5p,False,1,1,8,7,0,1,0.36321768164634705,near_equivalent,6701.0
6m,7p,False,1,1,13,12,0,1,0.3670213520526886,near_equivalent,6702.0
red,red,True,1,1,12,12,0,0,0.9264497756958008,exact_match,6703.0
5p,3p,False,1,1,15,12,0,3,0.48349398374557495,ukeire_loss,6704.0
red,red,True,1,1,15,15,0,0,0.9252366423606873,exact_match,6705.0
7p,7p,True,0,0,5,5,0,0,0.9286323189735413,exact_match,6706.0
4m,4m,True,0,0,5,5,0,0,0.7528538703918457,exact_match,6707.0
2m,2m,True,0,0,5,5,0,0,0.835465133190155,exact_match,6708.0
1p,1p,True,4,4,62,62,0,0,0.4079526662826538,exact_match,6709.0
9m,red,False,3,3,16,24,0,-8,0.6274631023406982,better_ukeire,6710.0
9p,east,False,3,3,42,51,0,-9,0.32213056087493896,better_ukeire,6711.0
2s,red,False,3,3,16,31,0,-15,0.796776294708252,better_ukeire,6712.0
north,east,False,3,3,52,52,0,0,0.3294267952442169,equivalent,6713.0
1s,1s,True,2,2,12,12,0,0,0.7445120811462402,exact_match,6714.0
east,east,True,2,2,21,21,0,0,0.5707692503929138,exact_match,6715.0
2m,red,False,2,2,12,12,0,0,0.6008510589599609,equivalent,6716.0
2m,south,False,2,2,24,28,0,-4,0.711701512336731,better_ukeire,6717.0
3m,red,False,2,2,11,11,0,0,0.5394018292427063,equivalent,6718.0
south,south,True,2,2,28,28,0,0,0.858048141002655,exact_match,6719.0
4s,red,False,1,1,10,10,0,0,0.7226697206497192,equivalent,6720.0
1p,1p,True,2,2,28,28,0,0,0.9912959337234497,exact_match,6721.0
red,south,False,1,1,10,10,0,0,0.8038583397865295,equivalent,6722.0
8m,8m,True,2,2,27,27,0,0,0.9508825540542603,exact_match,6723.0
south,south,True,1,1,14,14,0,0,0.717980146408081,exact_match,6724.0
1p,1p,True,2,2,26,26,0,0,0.9830580353736877,exact_match,6725.0
9s,9s,True,1,1,18,18,0,0,0.9192479252815247,exact_match,6726.0
9p,9p,True,2,2,26,26,0,0,0.9800395965576172,exact_match,6727.0
6p,6p,True,0,0,8,8,0,0,0.9612528085708618,exact_match,6728.0
6s,6s,True,2,2,25,25,0,0,0.6852887272834778,exact_match,6729.0
7p,7p,True,0,0,7,7,0,0,0.790103018283844,exact_match,6730.0
green,6m,False,1,1,15,13,0,2,0.40822112560272217,near_equivalent,6731.0
1p,1p,True,4,4,23,23,0,0,0.5994243025779724,exact_match,6732.0
8m,8m,True,4,4,57,57,0,0,0.29403525590896606,exact_match,6733.0
8m,8m,True,4,4,56,56,0,0,0.7993367910385132,exact_match,6734.0
8p,8p,True,3,3,32,32,0,0,0.5693943500518799,exact_match,6735.0
west,4p,False,2,3,13,29,-1,-16,0.4500924050807953,shanten_loss,6736.0
4p,north,False,2,2,8,18,0,-10,0.43397584557533264,better_ukeire,6737.0
3p,3p,True,2,2,19,19,0,0,0.8872991800308228,exact_match,6738.0
9s,8s,False,1,1,9,7,0,2,0.47634023427963257,near_equivalent,6739.0
7m,7m,True,1,1,9,9,0,0,0.9355289340019226,exact_match,6740.0
5s,5s,True,0,0,3,3,0,0,0.863714873790741,exact_match,6741.0
1p,north,False,3,3,55,59,0,-4,0.6563010811805725,better_ukeire,6742.0
north,north,True,2,2,16,16,0,0,0.5319929718971252,exact_match,6743.0
9s,9s,True,2,2,18,18,0,0,0.6595101356506348,exact_match,6744.0
5p,5p,True,2,2,20,20,0,0,0.5224964618682861,exact_match,6745.0
9p,4s,False,2,2,18,20,0,-2,0.6081415414810181,near_equivalent,6746.0
8m,east,False,3,2,42,16,1,26,0.6002856492996216,better_shanten,6747.0
9p,9p,True,2,2,8,8,0,0,0.3759172558784485,exact_match,6748.0
east,east,True,1,1,5,5,0,0,0.6260672211647034,exact_match,6749.0
3m,1s,False,1,1,9,5,0,4,0.8080422282218933,ukeire_loss,6750.0
5m,1s,False,1,1,13,13,0,0,0.3803386986255646,equivalent,6751.0
green,green,True,1,1,13,13,0,0,0.9117057919502258,exact_match,6752.0
3s,west,False,2,2,16,16,0,0,0.5041618347167969,equivalent,6753.0
2p,2p,True,2,2,8,8,0,0,0.5456600189208984,exact_match,6754.0
1p,1p,True,1,1,4,4,0,0,0.8525426387786865,exact_match,6755.0
west,east,False,1,1,4,4,0,0,0.5471878051757812,equivalent,6756.0
east,east,True,0,0,3,3,0,0,0.8456343412399292,exact_match,6757.0
9p,9p,True,0,0,3,3,0,0,0.9904156923294067,exact_match,6758.0
1m,1m,True,0,0,4,4,0,0,0.7304510474205017,exact_match,6759.0
3s,3s,True,0,0,4,4,0,0,0.9890905022621155,exact_match,6760.0
4p,4p,True,0,0,4,4,0,0,0.9850655198097229,exact_match,6761.0
1m,1m,True,3,3,28,28,0,0,0.6598383188247681,exact_match,6762.0
red,red,True,3,3,28,28,0,0,0.9224808216094971,exact_match,6763.0
9s,9s,True,3,3,51,51,0,0,0.5688837170600891,exact_match,6764.0
north,north,True,3,3,50,50,0,0,0.8756890296936035,exact_match,6765.0
red,red,True,3,3,50,50,0,0,0.8741272687911987,exact_match,6766.0
south,8s,False,3,3,27,50,0,-23,0.4190085828304291,better_ukeire,6767.0
south,south,True,2,2,22,22,0,0,0.7616386413574219,exact_match,6768.0
8s,8s,True,2,2,27,27,0,0,0.4073152244091034,exact_match,6769.0
5p,8p,False,1,1,16,13,0,3,0.5013875961303711,ukeire_loss,6770.0
red,red,True,1,1,16,16,0,0,0.9681267142295837,exact_match,6771.0
5m,5m,True,1,1,15,15,0,0,0.7534046173095703,exact_match,6772.0
3s,6s,False,0,0,6,6,0,0,0.5630696415901184,equivalent,6773.0
south,west,False,3,3,24,24,0,0,0.5777555704116821,equivalent,6774.0
green,west,False,3,3,28,28,0,0,0.8691503405570984,equivalent,6775.0
6m,west,False,3,3,49,49,0,0,0.7873764634132385,equivalent,6776.0
west,west,True,2,2,27,27,0,0,0.39231693744659424,exact_match,6777.0
4p,4p,True,1,1,15,15,0,0,0.7327735424041748,exact_match,6778.0
5s,5s,True,1,1,18,18,0,0,0.5317621827125549,exact_match,6779.0
4m,8p,False,1,1,13,18,0,-5,0.37785470485687256,better_ukeire,6780.0
6m,6m,True,1,1,13,13,0,0,0.9740603566169739,exact_match,6781.0
5m,5m,True,1,1,13,13,0,0,0.9369590282440186,exact_match,6782.0
1m,1m,True,1,1,13,13,0,0,0.8968059420585632,exact_match,6783.0
7p,7p,True,0,0,4,4,0,0,0.6574896574020386,exact_match,6784.0
9p,9p,True,0,0,4,4,0,0,0.9720284938812256,exact_match,6785.0
5m,5m,True,0,0,4,4,0,0,0.9929121136665344,exact_match,6786.0
8p,west,False,3,3,36,48,0,-12,0.7049285173416138,better_ukeire,6787.0
east,west,False,3,3,36,36,0,0,0.3288269340991974,equivalent,6788.0
west,7s,False,3,3,47,34,0,13,0.5264825224876404,ukeire_loss,6789.0
8p,8p,True,3,3,42,42,0,0,0.8923560976982117,exact_match,6790.0
1s,north,False,2,2,18,21,0,-3,0.4889843165874481,better_ukeire,6791.0
1s,2m,False,3,2,49,18,1,31,0.7340533137321472,better_shanten,6792.0
3p,north,False,3,2,53,16,1,37,0.5496037006378174,better_shanten,6793.0
8m,north,False,3,2,18,16,1,2,0.3784533739089966,better_shanten,6794.0
9m,north,False,3,3,19,21,0,-2,0.28349536657333374,near_equivalent,6795.0
3p,4p,False,3,3,27,17,0,10,0.35917922854423523,ukeire_loss,6796.0
8s,2m,False,2,2,10,8,0,2,0.7284596562385559,near_equivalent,6797.0
7s,7s,True,2,2,9,9,0,0,0.49081721901893616,exact_match,6798.0
east,east,True,3,3,24,24,0,0,0.9177303910255432,exact_match,6799.0
north,north,True,3,3,24,24,0,0,0.6356132626533508,exact_match,6800.0
1m,white,False,2,2,15,19,0,-4,0.8701267838478088,better_ukeire,6801.0
white,white,True,2,2,19,19,0,0,0.635349690914154,exact_match,6802.0
8m,3s,False,2,2,17,17,0,0,0.342938095331192,equivalent,6803.0
8p,8p,True,2,2,15,15,0,0,0.4498852491378784,exact_match,6804.0
west,west,True,5,5,78,78,0,0,0.5547312498092651,exact_match,6805.0
south,south,True,3,3,16,16,0,0,0.3793574869632721,exact_match,6806.0
south,south,True,5,5,88,88,0,0,0.49267369508743286,exact_match,6807.0
north,north,True,2,2,12,12,0,0,0.366106241941452,exact_match,6808.0
9s,white,False,4,4,66,75,0,-9,0.3522033095359802,better_ukeire,6809.0
east,east,True,1,1,8,8,0,0,0.6311163902282715,exact_match,6810.0
west,west,True,4,4,65,65,0,0,0.6498099565505981,exact_match,6811.0
1p,9s,False,1,2,11,57,-1,-46,0.45830902457237244,shanten_loss,6812.0
9p,9p,True,4,4,63,63,0,0,0.6585673093795776,exact_match,6813.0
3m,3m,True,1,1,9,9,0,0,0.6112545728683472,exact_match,6814.0
1m,red,False,4,3,62,55,1,7,0.24436865746974945,better_shanten,6815.0
2p,2p,True,1,1,9,9,0,0,0.5018658638000488,exact_match,6816.0
1m,8m,False,4,3,65,43,1,22,0.2786979377269745,better_shanten,6817.0
8p,8p,True,1,1,8,8,0,0,0.4667365849018097,exact_match,6818.0
8m,white,False,3,3,50,61,0,-11,0.2333020567893982,better_ukeire,6819.0
9p,9s,False,1,1,7,7,0,0,0.397201806306839,equivalent,6820.0
2s,2s,True,2,2,25,25,0,0,0.5270867943763733,exact_match,6821.0
red,9m,False,3,2,33,25,1,8,0.5568458437919617,better_shanten,6822.0
red,red,True,2,2,23,23,0,0,0.40263891220092773,exact_match,6823.0
white,white,True,2,2,36,36,0,0,0.45231911540031433,exact_match,6824.0
east,east,True,1,1,7,7,0,0,0.5915997624397278,exact_match,6825.0
east,east,True,1,1,6,6,0,0,0.5528092384338379,exact_match,6826.0
6s,6s,True,1,1,6,6,0,0,0.3420981764793396,exact_match,6827.0
4s,4s,True,1,1,7,7,0,0,0.6411663889884949,exact_match,6828.0
white,white,True,2,2,15,15,0,0,0.5919003486633301,exact_match,6829.0
red,red,True,2,2,23,23,0,0,0.9556604623794556,exact_match,6830.0
4m,4m,True,1,1,11,11,0,0,0.42932698130607605,exact_match,6831.0
7p,2m,False,1,1,15,27,0,-12,0.8060038089752197,better_ukeire,6832.0
south,east,False,3,3,28,28,0,0,0.4994097650051117,equivalent,6833.0
east,east,True,3,3,46,46,0,0,0.7599309682846069,exact_match,6834.0
green,green,True,3,3,63,63,0,0,0.5724843740463257,exact_match,6835.0
red,red,True,2,2,54,54,0,0,0.8899677991867065,exact_match,6836.0
8m,2s,False,2,2,56,52,0,4,0.6915569305419922,ukeire_loss,6837.0
west,west,True,5,5,85,85,0,0,0.4190569221973419,exact_match,6838.0
1s,1s,True,3,3,56,56,0,0,0.7444568872451782,exact_match,6839.0
north,1m,False,5,5,90,83,0,7,0.3561405837535858,ukeire_loss,6840.0
9s,9s,True,3,3,54,54,0,0,0.7541307210922241,exact_match,6841.0
9s,9s,True,5,5,89,89,0,0,0.7171702980995178,exact_match,6842.0
red,1p,False,3,3,66,17,0,49,0.5134183168411255,ukeire_loss,6843.0
white,1m,False,4,4,79,72,0,7,0.5357581973075867,ukeire_loss,6844.0
1p,8p,False,3,3,75,70,0,5,0.49269047379493713,ukeire_loss,6845.0
1m,1m,True,3,3,65,65,0,0,0.43990322947502136,exact_match,6846.0
8p,8p,True,2,2,16,16,0,0,0.5979464650154114,exact_match,6847.0
2s,2s,True,2,2,54,54,0,0,0.789314329624176,exact_match,6848.0
8m,8m,True,2,2,27,27,0,0,0.9129127264022827,exact_match,6849.0
6m,6m,True,1,1,11,11,0,0,0.8741163611412048,exact_match,6850.0
east,east,True,2,2,26,26,0,0,0.8134601712226868,exact_match,6851.0
south,7p,False,1,1,16,11,0,5,0.8318601846694946,ukeire_loss,6852.0
red,red,True,2,2,26,26,0,0,0.7922512292861938,exact_match,6853.0
6m,6m,True,1,1,15,15,0,0,0.7603903412818909,exact_match,6854.0
1s,1s,True,2,2,25,25,0,0,0.7981816530227661,exact_match,6855.0
south,south,True,1,1,15,15,0,0,0.8499657511711121,exact_match,6856.0
6s,2s,False,1,1,13,14,0,-1,0.4378700852394104,near_equivalent,6857.0
1p,1p,True,1,1,15,15,0,0,0.41040220856666565,exact_match,6858.0
4m,4m,True,1,1,13,13,0,0,0.35774144530296326,exact_match,6859.0
5m,green,False,1,1,15,15,0,0,0.6238929629325867,equivalent,6860.0
6s,2p,False,1,1,15,13,0,2,0.26140090823173523,near_equivalent,6861.0
2s,5m,False,1,1,10,11,0,-1,0.40145379304885864,near_equivalent,6862.0
8m,8m,True,1,1,10,10,0,0,0.8941070437431335,exact_match,6863.0
9s,9s,True,1,1,10,10,0,0,0.7089323401451111,exact_match,6864.0
4s,8p,False,0,0,2,2,0,0,0.48401951789855957,equivalent,6865.0
north,north,True,0,0,2,2,0,0,0.9603834748268127,exact_match,6866.0
green,9p,False,3,3,50,42,0,8,0.504793643951416,ukeire_loss,6867.0
south,1m,False,3,3,59,55,0,4,0.4564734101295471,ukeire_loss,6868.0
9p,9p,True,2,2,16,16,0,0,0.9592121839523315,exact_match,6869.0
west,west,True,2,2,16,16,0,0,0.9720593690872192,exact_match,6870.0
1m,1m,True,1,1,8,8,0,0,0.8129292726516724,exact_match,6871.0
8s,8m,False,1,1,8,8,0,0,0.8876586556434631,equivalent,6872.0
2s,8m,False,1,1,12,8,0,4,0.6258708834648132,ukeire_loss,6873.0
1s,1s,True,1,1,12,12,0,0,0.4751189947128296,exact_match,6874.0
8m,green,False,1,1,14,14,0,0,0.4121076464653015,equivalent,6875.0
red,green,False,1,1,13,13,0,0,0.511782169342041,equivalent,6876.0
green,green,True,0,0,6,6,0,0,0.9949878454208374,exact_match,6877.0
9p,west,False,3,3,21,21,0,0,0.4281061887741089,equivalent,6878.0
west,north,False,3,3,21,21,0,0,0.5964240431785583,equivalent,6879.0
north,1p,False,3,3,21,21,0,0,0.7090344429016113,equivalent,6880.0
south,1p,False,3,3,21,21,0,0,0.5652780532836914,equivalent,6881.0
1p,1p,True,2,2,15,15,0,0,0.5955104827880859,exact_match,6882.0
9s,9s,True,2,2,35,35,0,0,0.546658456325531,exact_match,6883.0
4s,5s,False,2,1,32,7,1,25,0.42246803641319275,better_shanten,6884.0
1s,1s,True,2,2,29,29,0,0,0.9363043308258057,exact_match,6885.0
4m,4s,False,1,1,8,6,0,2,0.5444680452346802,near_equivalent,6886.0
4m,4m,True,1,1,8,8,0,0,0.5793700218200684,exact_match,6887.0
5s,north,False,2,1,21,8,1,13,0.5545824766159058,better_shanten,6888.0
1s,1s,True,3,3,21,21,0,0,0.5761746168136597,exact_match,6889.0
green,green,True,2,2,15,15,0,0,0.45498350262641907,exact_match,6890.0
8s,8s,True,2,2,15,15,0,0,0.40841758251190186,exact_match,6891.0
3p,3p,True,2,2,12,12,0,0,0.7536506652832031,exact_match,6892.0
5s,red,False,2,1,43,10,1,33,0.5445351004600525,better_shanten,6893.0
5s,5s,True,1,1,21,21,0,0,0.7643650770187378,exact_match,6894.0
5m,red,False,0,0,3,3,0,0,0.5321613550186157,equivalent,6895.0
red,north,False,0,0,3,3,0,0,0.898308515548706,equivalent,6896.0
9m,east,False,2,2,36,45,0,-9,0.4154990315437317,better_ukeire,6897.0
1m,1m,True,1,1,8,8,0,0,0.7032086253166199,exact_match,6898.0
east,6p,False,1,1,9,8,0,1,0.7780888676643372,near_equivalent,6899.0
2s,2s,True,0,0,4,4,0,0,0.9071390628814697,exact_match,6900.0
8m,8m,True,0,0,4,4,0,0,0.9910467267036438,exact_match,6901.0
9m,9m,True,3,3,20,20,0,0,0.768180787563324,exact_match,6902.0
1m,9p,False,4,4,76,76,0,0,0.6746463179588318,equivalent,6903.0
east,east,True,3,3,20,20,0,0,0.7276370525360107,exact_match,6904.0
2s,9p,False,3,4,45,82,-1,-37,0.45373356342315674,shanten_loss,6905.0
red,red,True,2,2,13,13,0,0,0.732020378112793,exact_match,6906.0
white,white,True,2,2,12,12,0,0,0.867938756942749,exact_match,6907.0
2s,7s,False,2,2,29,27,0,2,0.5224817395210266,near_equivalent,6908.0
7p,7p,True,2,2,28,28,0,0,0.9453027248382568,exact_match,6909.0
east,east,True,2,2,28,28,0,0,0.8128549456596375,exact_match,6910.0
3p,3p,True,1,1,16,16,0,0,0.5856756567955017,exact_match,6911.0
1m,1m,True,1,1,15,15,0,0,0.9659187197685242,exact_match,6912.0
5s,5s,True,0,0,7,7,0,0,0.8790969848632812,exact_match,6913.0
east,east,True,2,2,49,49,0,0,0.916015088558197,exact_match,6914.0
7s,7s,True,0,0,7,7,0,0,0.356233686208725,exact_match,6915.0
north,6s,False,2,1,47,32,1,15,0.28321415185928345,better_shanten,6916.0
south,north,False,3,3,21,21,0,0,0.5231781005859375,equivalent,6917.0
north,north,True,3,3,43,43,0,0,0.8465344905853271,exact_match,6918.0
west,west,True,3,3,43,43,0,0,0.8451972603797913,exact_match,6919.0
red,red,True,2,2,14,14,0,0,0.5832093358039856,exact_match,6920.0
white,white,True,2,2,14,14,0,0,0.7151916027069092,exact_match,6921.0
south,south,True,2,2,14,14,0,0,0.8764320611953735,exact_match,6922.0
1p,3m,False,3,2,40,14,1,26,0.8435943722724915,better_shanten,6923.0
1p,6m,False,2,2,11,15,0,-4,0.473882794380188,better_ukeire,6924.0
2s,2s,True,2,2,11,11,0,0,0.4923742711544037,exact_match,6925.0
5s,6m,False,1,1,5,5,0,0,0.5920154452323914,equivalent,6926.0
6m,6m,True,0,0,2,2,0,0,0.9425409436225891,exact_match,6927.0
green,green,True,0,0,2,2,0,0,0.9807447791099548,exact_match,6928.0
9p,9p,True,3,3,54,54,0,0,0.6027002930641174,exact_match,6929.0
1s,1s,True,3,3,45,45,0,0,0.6314179301261902,exact_match,6930.0
red,red,True,3,3,65,65,0,0,0.6360079050064087,exact_match,6931.0
south,south,True,2,2,12,12,0,0,0.3013375997543335,exact_match,6932.0
8p,white,False,3,3,53,64,0,-11,0.7252472043037415,better_ukeire,6933.0
9s,1m,False,2,2,40,35,0,5,0.40990355610847473,ukeire_loss,6934.0
white,white,True,2,2,12,12,0,0,0.42318522930145264,exact_match,6935.0
1m,white,False,2,1,37,8,1,29,0.4886099398136139,better_shanten,6936.0
7m,west,False,2,2,31,31,0,0,0.5261787176132202,equivalent,6937.0
red,red,True,2,2,37,37,0,0,0.5258793234825134,exact_match,6938.0
west,west,True,1,1,8,8,0,0,0.5110765099525452,exact_match,6939.0
white,white,True,1,1,30,30,0,0,0.7981231808662415,exact_match,6940.0
2p,2p,True,1,1,15,15,0,0,0.5403492450714111,exact_match,6941.0
north,north,True,1,1,29,29,0,0,0.9276644587516785,exact_match,6942.0
9p,9p,True,1,1,14,14,0,0,0.910558819770813,exact_match,6943.0
north,north,True,1,1,28,28,0,0,0.9172189235687256,exact_match,6944.0
1s,1s,True,1,1,14,14,0,0,0.8792937397956848,exact_match,6945.0
3m,3m,True,0,0,4,4,0,0,0.3662172257900238,exact_match,6946.0
2m,2m,True,1,1,14,14,0,0,0.9045604467391968,exact_match,6947.0
5s,9m,False,0,0,2,4,0,-2,0.9793806672096252,near_equivalent,6948.0
north,1s,False,3,3,15,15,0,0,0.4922075569629669,equivalent,6949.0
north,north,True,3,3,82,82,0,0,0.8664605021476746,exact_match,6950.0
1s,1s,True,2,2,11,11,0,0,0.7495291829109192,exact_match,6951.0
9s,green,False,3,3,78,82,0,-4,0.6585724949836731,better_ukeire,6952.0
white,white,True,2,2,15,15,0,0,0.7207521796226501,exact_match,6953.0
green,green,True,2,2,19,19,0,0,0.9698926210403442,exact_match,6954.0
4s,4s,True,1,1,8,8,0,0,0.8275201320648193,exact_match,6955.0
9m,9m,True,2,2,19,19,0,0,0.7457125782966614,exact_match,6956.0
8p,8p,True,1,1,8,8,0,0,0.8489957451820374,exact_match,6957.0
6p,6p,True,2,2,53,53,0,0,0.5592828989028931,exact_match,6958.0
8m,3p,False,1,1,11,8,0,3,0.5377915501594543,ukeire_loss,6959.0
6s,6s,True,1,1,33,33,0,0,0.5046526193618774,exact_match,6960.0
3p,8s,False,1,1,11,11,0,0,0.3030105233192444,equivalent,6961.0
red,red,True,1,1,11,11,0,0,0.8196015357971191,exact_match,6962.0
west,west,True,1,1,11,11,0,0,0.7786173820495605,exact_match,6963.0
west,north,False,3,3,21,21,0,0,0.470080703496933,equivalent,6964.0
south,south,True,4,4,69,69,0,0,0.4968453049659729,exact_match,6965.0
9p,north,False,3,3,47,51,0,-4,0.6304165720939636,better_ukeire,6966.0
west,west,True,4,4,69,69,0,0,0.5258676409721375,exact_match,6967.0
9m,9m,True,3,3,55,55,0,0,0.5282818675041199,exact_match,6968.0
white,red,False,3,3,45,46,0,-1,0.5448276400566101,near_equivalent,6969.0
1s,1s,True,3,3,55,55,0,0,0.628012478351593,exact_match,6970.0
2m,2m,True,3,3,43,43,0,0,0.8320331573486328,exact_match,6971.0
1s,1s,True,3,3,54,54,0,0,0.7737067341804504,exact_match,6972.0
red,red,True,2,2,15,15,0,0,0.530994713306427,exact_match,6973.0
north,north,True,1,1,13,13,0,0,0.8380962014198303,exact_match,6974.0
north,2m,False,3,3,54,49,0,5,0.7837473750114441,ukeire_loss,6975.0
2p,2p,True,1,1,17,17,0,0,0.7031152844429016,exact_match,6976.0
5p,5p,True,0,0,5,5,0,0,0.5262492895126343,exact_match,6977.0
white,white,True,3,3,46,46,0,0,0.4027424156665802,exact_match,6978.0
5m,5m,True,0,0,5,5,0,0,0.9963276982307434,exact_match,6979.0
2p,2m,False,2,2,31,31,0,0,0.5544857978820801,equivalent,6980.0
7p,7p,True,0,0,5,5,0,0,0.9356734156608582,exact_match,6981.0
2m,2m,True,1,1,14,14,0,0,0.6909130215644836,exact_match,6982.0
2s,3s,False,0,0,4,5,0,-1,0.6134198904037476,near_equivalent,6983.0
1p,1p,True,1,1,14,14,0,0,0.8069766163825989,exact_match,6984.0
north,north,True,0,0,4,4,0,0,0.9929510354995728,exact_match,6985.0
north,north,True,1,1,14,14,0,0,0.9712980389595032,exact_match,6986.0
6m,6m,True,0,0,4,4,0,0,0.9962326884269714,exact_match,6987.0
west,west,True,3,3,20,20,0,0,0.42059510946273804,exact_match,6988.0
south,north,False,4,4,48,48,0,0,0.7329912185668945,equivalent,6989.0
east,9s,False,3,3,21,19,0,2,0.4257824420928955,near_equivalent,6990.0
1p,1p,True,3,3,21,21,0,0,0.4217296242713928,exact_match,6991.0
red,north,False,3,3,23,23,0,0,0.45188477635383606,equivalent,6992.0
9s,9s,True,3,3,67,67,0,0,0.6736699342727661,exact_match,6993.0
white,north,False,2,2,15,15,0,0,0.5964632034301758,equivalent,6994.0
white,2m,False,3,3,74,65,0,9,0.5659661889076233,ukeire_loss,6995.0
white,white,True,3,3,69,69,0,0,0.8108940124511719,exact_match,6996.0
east,east,True,2,2,15,15,0,0,0.6475356221199036,exact_match,6997.0
2m,2m,True,2,2,29,29,0,0,0.707370400428772,exact_match,6998.0
7s,north,False,2,2,15,19,0,-4,0.5054594874382019,better_ukeire,6999.0
2s,6m,False,1,1,13,9,0,4,0.5872578620910645,ukeire_loss,7000.0
9p,9p,True,2,2,15,15,0,0,0.39968404173851013,exact_match,7001.0
6m,6m,True,1,1,14,14,0,0,0.5331376194953918,exact_match,7002.0
6p,north,False,2,2,24,29,0,-5,0.5848552584648132,better_ukeire,7003.0
1p,1p,True,1,1,14,14,0,0,0.9173908233642578,exact_match,7004.0
8p,2p,False,2,2,23,23,0,0,0.3311140537261963,equivalent,7005.0
9p,9p,True,1,1,11,11,0,0,0.5509908199310303,exact_match,7006.0
2p,2p,True,2,2,22,22,0,0,0.25934940576553345,exact_match,7007.0
2p,2p,True,1,1,9,9,0,0,0.5282797813415527,exact_match,7008.0
2m,north,False,1,1,10,10,0,0,0.7451305985450745,equivalent,7009.0
9p,9p,True,0,0,6,6,0,0,0.8908150792121887,exact_match,7010.0
north,north,True,0,0,4,4,0,0,0.9526666402816772,exact_match,7011.0
8s,8s,True,0,0,5,5,0,0,0.9706743955612183,exact_match,7012.0
3m,3m,True,0,0,4,4,0,0,0.7321557402610779,exact_match,7013.0
red,red,True,3,3,77,77,0,0,0.4903946816921234,exact_match,7014.0
9m,9m,True,2,2,55,55,0,0,0.5812371969223022,exact_match,7015.0
2m,2m,True,1,1,6,6,0,0,0.8164212107658386,exact_match,7016.0
2m,2m,True,1,1,6,6,0,0,0.9150815010070801,exact_match,7017.0
5s,5s,True,1,1,6,6,0,0,0.6619850993156433,exact_match,7018.0
9s,9s,True,1,1,6,6,0,0,0.9600088000297546,exact_match,7019.0
east,east,True,0,0,4,4,0,0,0.8965495228767395,exact_match,7020.0
east,east,True,0,0,4,4,0,0,0.9746219515800476,exact_match,7021.0
6s,6s,True,0,0,4,4,0,0,0.985295295715332,exact_match,7022.0
9p,9p,True,0,0,4,4,0,0,0.9293543696403503,exact_match,7023.0
green,green,True,3,3,79,79,0,0,0.6736599802970886,exact_match,7024.0
west,west,True,3,3,67,67,0,0,0.49994587898254395,exact_match,7025.0
east,8p,False,3,3,78,67,0,11,0.6473072171211243,ukeire_loss,7026.0
red,red,True,2,2,20,20,0,0,0.7675892114639282,exact_match,7027.0
8p,8p,True,3,3,69,69,0,0,0.7534382343292236,exact_match,7028.0
8p,8p,True,1,1,12,12,0,0,0.7411603331565857,exact_match,7029.0
9s,9s,True,3,3,69,69,0,0,0.944705069065094,exact_match,7030.0
south,9s,False,3,3,20,67,0,-47,0.9276700019836426,better_ukeire,7031.0
south,9m,False,4,3,24,20,1,4,0.7226330637931824,better_shanten,7032.0
south,south,True,4,4,70,70,0,0,0.4254944622516632,exact_match,7033.0
7p,7p,True,4,4,69,69,0,0,0.7610036730766296,exact_match,7034.0
6m,north,False,4,4,66,67,0,-1,0.5170180201530457,near_equivalent,7035.0
5m,5m,True,4,4,63,63,0,0,0.34304022789001465,exact_match,7036.0
1s,1s,True,3,3,57,57,0,0,0.515248715877533,exact_match,7037.0
south,9s,False,3,3,61,55,0,6,0.6506611704826355,ukeire_loss,7038.0
green,9s,False,3,3,73,67,0,6,0.5156183838844299,ukeire_loss,7039.0
9s,9s,True,2,2,13,13,0,0,0.7372557520866394,exact_match,7040.0
7p,2s,False,1,1,5,5,0,0,0.439547061920166,equivalent,7041.0
5p,1m,False,1,1,11,8,0,3,0.2059268206357956,ukeire_loss,7042.0
4p,4p,True,1,1,11,11,0,0,0.3624207377433777,exact_match,7043.0
8m,8m,True,1,1,21,21,0,0,0.7109513282775879,exact_match,7044.0
2m,2m,True,0,0,2,2,0,0,0.665067732334137,exact_match,7045.0
1m,1m,True,2,2,43,43,0,0,0.817724347114563,exact_match,7046.0
red,red,True,1,1,15,15,0,0,0.8129634261131287,exact_match,7047.0
green,8s,False,1,1,9,9,0,0,0.5198631286621094,equivalent,7048.0
green,green,True,1,1,9,9,0,0,0.8294567465782166,exact_match,7049.0
green,green,True,1,1,9,9,0,0,0.8071008920669556,exact_match,7050.0
1m,south,False,4,4,66,74,0,-8,0.61916184425354,better_ukeire,7051.0
1m,1m,True,3,3,44,44,0,0,0.4416844844818115,exact_match,7052.0
9m,south,False,4,4,56,65,0,-9,0.5266404151916504,better_ukeire,7053.0
south,south,True,2,2,22,22,0,0,0.7858982682228088,exact_match,7054.0
south,south,True,4,4,70,70,0,0,0.5346128940582275,exact_match,7055.0
green,9s,False,2,2,22,22,0,0,0.374961793422699,equivalent,7056.0
red,red,True,3,3,19,19,0,0,0.5796623229980469,exact_match,7057.0
white,white,True,1,1,18,18,0,0,0.8915497064590454,exact_match,7058.0
white,white,True,2,2,15,15,0,0,0.8664836287498474,exact_match,7059.0
1s,1s,True,1,1,18,18,0,0,0.7900093793869019,exact_match,7060.0
3m,3m,True,2,2,22,22,0,0,0.5464363098144531,exact_match,7061.0
9s,north,False,1,1,18,18,0,0,0.9576612710952759,equivalent,7062.0
3m,3m,True,2,2,20,20,0,0,0.9532744288444519,exact_match,7063.0
9s,1p,False,5,5,86,78,0,8,0.5232105851173401,ukeire_loss,7064.0
1p,1p,True,4,4,53,53,0,0,0.8750749230384827,exact_match,7065.0
8m,south,False,4,4,55,59,0,-4,0.6511518359184265,better_ukeire,7066.0
8s,south,False,3,3,33,40,0,-7,0.6036162972450256,better_ukeire,7067.0
south,south,True,2,2,26,26,0,0,0.44482505321502686,exact_match,7068.0
red,red,True,1,1,19,19,0,0,0.4805474877357483,exact_match,7069.0
9m,9m,True,1,1,19,19,0,0,0.9263142943382263,exact_match,7070.0
green,green,True,0,0,4,4,0,0,0.8896328806877136,exact_match,7071.0
1s,1s,True,0,0,4,4,0,0,0.9451935887336731,exact_match,7072.0
1p,1p,True,0,0,4,4,0,0,0.9941032528877258,exact_match,7073.0
west,1s,False,2,2,19,19,0,0,0.7964159846305847,equivalent,7074.0
south,south,True,3,3,35,35,0,0,0.43374526500701904,exact_match,7075.0
1s,1s,True,1,1,11,11,0,0,0.9910231828689575,exact_match,7076.0
green,green,True,3,3,34,34,0,0,0.4059858024120331,exact_match,7077.0
1m,5s,False,2,1,57,11,1,46,0.34702926874160767,better_shanten,7078.0
north,9m,False,3,3,41,37,0,4,0.684112548828125,ukeire_loss,7079.0
2m,green,False,2,2,47,56,0,-9,0.8967118859291077,better_ukeire,7080.0
3m,3m,True,2,2,18,18,0,0,0.8487452864646912,exact_match,7081.0
3m,3m,True,2,2,45,45,0,0,0.6073684692382812,exact_match,7082.0
6m,4s,False,2,2,16,17,0,-1,0.4359985291957855,near_equivalent,7083.0
9s,9s,True,4,4,26,26,0,0,0.40376633405685425,exact_match,7084.0
1m,1m,True,4,4,26,26,0,0,0.6069437265396118,exact_match,7085.0
east,south,False,4,4,25,25,0,0,0.5788606405258179,equivalent,7086.0
north,south,False,4,4,80,81,0,-1,0.4706578850746155,near_equivalent,7087.0
8p,south,False,3,3,65,74,0,-9,0.5078661441802979,better_ukeire,7088.0
4m,south,False,2,2,31,32,0,-1,0.6125277280807495,near_equivalent,7089.0
9m,south,False,2,2,31,33,0,-2,0.5347664952278137,near_equivalent,7090.0
5p,south,False,1,1,12,12,0,0,0.632846474647522,equivalent,7091.0
2p,2p,True,1,1,12,12,0,0,0.9333258867263794,exact_match,7092.0
south,south,True,0,0,7,7,0,0,0.9750077724456787,exact_match,7093.0
1s,1s,True,0,0,7,7,0,0,0.9824711680412292,exact_match,7094.0
1s,1s,True,4,4,65,65,0,0,0.49864980578422546,exact_match,7095.0
west,west,True,3,3,56,56,0,0,0.6902906894683838,exact_match,7096.0
red,red,True,3,3,69,69,0,0,0.8278049826622009,exact_match,7097.0
1p,1p,True,3,3,72,72,0,0,0.27785801887512207,exact_match,7098.0
7m,3p,False,2,2,15,15,0,0,0.2267395257949829,equivalent,7099.0
9p,4s,False,2,2,52,38,0,14,0.3822883367538452,ukeire_loss,7100.0
5p,south,False,2,2,39,50,0,-11,0.7654514312744141,better_ukeire,7101.0
1s,1s,True,2,2,38,38,0,0,0.7477332949638367,exact_match,7102.0
4s,south,False,1,1,10,10,0,0,0.2560237646102905,equivalent,7103.0
5p,2p,False,1,1,12,10,0,2,0.3160032629966736,near_equivalent,7104.0
3p,5s,False,2,1,25,6,1,19,0.46526142954826355,better_shanten,7105.0
2p,2p,True,1,1,3,3,0,0,0.6673287153244019,exact_match,7106.0
east,5s,False,1,0,16,2,1,14,0.7890269160270691,better_shanten,7107.0
east,east,True,1,1,28,28,0,0,0.9260294437408447,exact_match,7108.0
4p,4p,True,1,1,27,27,0,0,0.8325303792953491,exact_match,7109.0
7m,5s,False,1,0,23,3,1,20,0.5372948050498962,better_shanten,7110.0
2m,west,False,4,4,38,51,0,-13,0.7408267259597778,better_ukeire,7111.0
1s,1s,True,3,3,52,52,0,0,0.5080456733703613,exact_match,7112.0
7p,west,False,3,3,19,21,0,-2,0.6740474700927734,near_equivalent,7113.0
red,green,False,3,3,50,50,0,0,0.5112876892089844,equivalent,7114.0
west,west,True,3,3,20,20,0,0,0.29180628061294556,exact_match,7115.0
green,green,True,2,2,27,27,0,0,0.5063757300376892,exact_match,7116.0
5s,8m,False,3,3,18,19,0,-1,0.7446925044059753,near_equivalent,7117.0
white,1p,False,2,2,26,27,0,-1,0.6461416482925415,near_equivalent,7118.0
8m,8m,True,3,3,21,21,0,0,0.4653828740119934,exact_match,7119.0
south,south,True,2,2,26,26,0,0,0.782633364200592,exact_match,7120.0
3m,3m,True,3,3,19,19,0,0,0.7741590142250061,exact_match,7121.0
1p,1p,True,2,2,43,43,0,0,0.5512930750846863,exact_match,7122.0
9m,9m,True,3,3,18,18,0,0,0.8265781998634338,exact_match,7123.0
1m,1m,True,1,1,19,19,0,0,0.5126689076423645,exact_match,7124.0
2m,2m,True,3,3,18,18,0,0,0.8471816778182983,exact_match,7125.0
9m,9m,True,1,1,18,18,0,0,0.7989718317985535,exact_match,7126.0
south,south,True,2,2,10,10,0,0,0.44452187418937683,exact_match,7127.0
white,white,True,1,1,18,18,0,0,0.6194331049919128,exact_match,7128.0
red,white,False,2,2,22,21,0,1,0.3569633662700653,near_equivalent,7129.0
1s,west,False,3,3,69,77,0,-8,0.6821950674057007,better_ukeire,7130.0
west,west,True,2,2,22,22,0,0,0.9154762029647827,exact_match,7131.0
9m,2m,False,1,1,13,15,0,-2,0.708125650882721,near_equivalent,7132.0
2m,red,False,1,1,13,13,0,0,0.9079499840736389,equivalent,7133.0
7s,red,False,1,1,12,13,0,-1,0.7818877696990967,near_equivalent,7134.0
north,north,True,1,1,12,12,0,0,0.6917545795440674,exact_match,7135.0
7p,red,False,1,1,12,11,0,1,0.8023215532302856,near_equivalent,7136.0
red,red,True,1,1,36,36,0,0,0.8877355456352234,exact_match,7137.0
9p,9p,True,2,2,31,31,0,0,0.9337857961654663,exact_match,7138.0
north,north,True,2,2,23,23,0,0,0.7543290257453918,exact_match,7139.0
2p,2m,False,2,2,27,31,0,-4,0.7648731470108032,better_ukeire,7140.0
white,white,True,2,2,23,23,0,0,0.8112164735794067,exact_match,7141.0
6m,2m,False,1,1,19,19,0,0,0.9265395402908325,equivalent,7142.0
green,green,True,2,2,22,22,0,0,0.8900963664054871,exact_match,7143.0
1s,1s,True,1,1,19,19,0,0,0.9384854435920715,exact_match,7144.0
8s,2m,False,2,2,35,50,0,-15,0.7104437947273254,better_ukeire,7145.0
6s,2m,False,0,0,3,3,0,0,0.8620996475219727,equivalent,7146.0
6s,1s,False,2,2,32,32,0,0,0.8974513411521912,equivalent,7147.0
4m,4m,True,0,0,3,3,0,0,0.7633397579193115,exact_match,7148.0
1s,1s,True,2,2,48,48,0,0,0.42464151978492737,exact_match,7149.0
8s,2m,False,0,1,3,95,-1,-92,0.48754173517227173,shanten_loss,7150.0
9p,7m,False,1,2,17,47,-1,-30,0.4724084436893463,shanten_loss,7151.0
9s,9s,True,1,1,16,16,0,0,0.8026037216186523,exact_match,7152.0
south,south,True,1,1,15,15,0,0,0.8507542610168457,exact_match,7153.0
4m,4m,True,1,1,18,18,0,0,0.4568730592727661,exact_match,7154.0
green,green,True,1,1,18,18,0,0,0.6898086667060852,exact_match,7155.0
white,white,True,1,1,18,18,0,0,0.7941436767578125,exact_match,7156.0
south,south,True,3,3,54,54,0,0,0.8576114177703857,exact_match,7157.0
1p,1p,True,3,3,58,58,0,0,0.6076174378395081,exact_match,7158.0
1p,1p,True,2,2,18,18,0,0,0.7029730081558228,exact_match,7159.0
white,white,True,2,2,47,47,0,0,0.6204633712768555,exact_match,7160.0
red,red,True,1,1,12,12,0,0,0.9082096815109253,exact_match,7161.0
south,south,True,1,1,12,12,0,0,0.9228761196136475,exact_match,7162.0
6m,6m,True,0,0,8,8,0,0,0.9795147180557251,exact_match,7163.0
8s,8s,True,1,1,12,12,0,0,0.7438997626304626,exact_match,7164.0
west,west,True,0,0,8,8,0,0,0.9886005520820618,exact_match,7165.0
9p,9p,True,1,1,12,12,0,0,0.7753778696060181,exact_match,7166.0
white,white,True,0,0,8,8,0,0,0.9913508892059326,exact_match,7167.0
9s,9s,True,1,1,12,12,0,0,0.992660641670227,exact_match,7168.0
4s,4s,True,0,0,8,8,0,0,0.9940958023071289,exact_match,7169.0
7m,7p,False,2,1,39,11,1,28,0.857149600982666,better_shanten,7170.0
1m,1m,True,0,0,8,8,0,0,0.9950003027915955,exact_match,7171.0
7m,7p,False,1,1,7,22,0,-15,0.7817988395690918,better_ukeire,7172.0
green,green,True,0,0,8,8,0,0,0.996173083782196,exact_match,7173.0
7p,7p,True,0,0,2,2,0,0,0.6615946888923645,exact_match,7174.0
6p,6p,True,0,0,8,8,0,0,0.985957682132721,exact_match,7175.0
3s,3s,True,0,0,2,2,0,0,0.8741397857666016,exact_match,7176.0
3p,3p,True,0,0,8,8,0,0,0.9463365077972412,exact_match,7177.0
green,green,True,0,0,2,2,0,0,0.9673717617988586,exact_match,7178.0
east,east,True,1,1,17,17,0,0,0.9956770539283752,exact_match,7179.0
1s,1s,True,3,3,21,21,0,0,0.8230989575386047,exact_match,7180.0
north,north,True,3,3,21,21,0,0,0.8682643175125122,exact_match,7181.0
white,white,True,2,2,15,15,0,0,0.8600119352340698,exact_match,7182.0
3s,9p,False,2,2,14,15,0,-1,0.6874186992645264,near_equivalent,7183.0
9p,9p,True,2,2,15,15,0,0,0.5293439626693726,exact_match,7184.0
4s,4s,True,2,2,14,14,0,0,0.49507129192352295,exact_match,7185.0
4p,4p,True,2,2,14,14,0,0,0.8363882899284363,exact_match,7186.0
north,east,False,2,2,13,14,0,-1,0.6901518106460571,near_equivalent,7187.0
5p,5p,True,2,2,12,12,0,0,0.8690580725669861,exact_match,7188.0
1m,1m,True,4,4,74,74,0,0,0.8289089798927307,exact_match,7189.0
6s,6s,True,2,2,11,11,0,0,0.9144778847694397,exact_match,7190.0
5s,5s,True,4,4,72,72,0,0,0.27190905809402466,exact_match,7191.0
red,east,False,2,2,10,11,0,-1,0.42972084879875183,near_equivalent,7192.0
5s,4m,False,4,3,71,18,1,53,0.21460962295532227,better_shanten,7193.0
1p,1p,True,2,2,10,10,0,0,0.8050392270088196,exact_match,7194.0
6p,6p,True,3,3,22,22,0,0,0.46932172775268555,exact_match,7195.0
green,green,True,1,1,7,7,0,0,0.5666752457618713,exact_match,7196.0
3s,3p,False,3,3,22,22,0,0,0.7480877637863159,equivalent,7197.0
1p,1p,True,1,1,7,7,0,0,0.8469774127006531,exact_match,7198.0
6s,6s,True,3,3,21,21,0,0,0.5058155059814453,exact_match,7199.0
7p,7p,True,1,1,7,7,0,0,0.659260630607605,exact_match,7200.0
3p,6p,False,3,3,19,17,0,2,0.30847641825675964,near_equivalent,7201.0
west,east,False,0,0,1,3,0,-2,0.7131786942481995,near_equivalent,7202.0
1s,1s,True,0,0,1,1,0,0,0.5417065620422363,exact_match,7203.0
west,west,True,2,2,14,14,0,0,0.6521934866905212,exact_match,7204.0
3s,3s,True,0,0,1,1,0,0,0.616724967956543,exact_match,7205.0
8s,8s,True,3,3,38,38,0,0,0.3864663541316986,exact_match,7206.0
white,east,False,0,1,1,52,-1,-51,0.6408020853996277,shanten_loss,7207.0
white,white,True,3,3,39,39,0,0,0.566560685634613,exact_match,7208.0
5m,east,False,0,0,1,2,0,-1,0.5930251479148865,near_equivalent,7209.0
4m,1s,False,3,3,36,40,0,-4,0.2162410467863083,better_ukeire,7210.0
1p,1p,True,0,0,1,1,0,0,0.5710040330886841,exact_match,7211.0
south,8s,False,3,3,30,33,0,-3,0.7521665096282959,better_ukeire,7212.0
1m,9p,False,3,3,74,74,0,0,0.6510182023048401,equivalent,7213.0
south,south,True,3,3,74,74,0,0,0.765220582485199,exact_match,7214.0
9p,9p,True,2,2,23,23,0,0,0.7075843214988708,exact_match,7215.0
7m,7m,True,2,2,27,27,0,0,0.7871124744415283,exact_match,7216.0
3p,1p,False,1,1,15,15,0,0,0.4929209053516388,equivalent,7217.0
7p,1p,False,1,1,15,15,0,0,0.9893726706504822,equivalent,7218.0
9p,9p,True,1,1,15,15,0,0,0.8636079430580139,exact_match,7219.0
4p,1p,False,1,1,15,15,0,0,0.5896353721618652,equivalent,7220.0
1p,1p,True,1,1,26,26,0,0,0.9927436113357544,exact_match,7221.0
1p,1p,True,1,1,26,26,0,0,0.9977399110794067,exact_match,7222.0
green,green,True,1,1,26,26,0,0,0.9962860345840454,exact_match,7223.0
3m,8m,False,1,1,12,26,0,-14,0.9971494078636169,better_ukeire,7224.0
8m,8m,True,1,1,25,25,0,0,0.9857962131500244,exact_match,7225.0
4m,6p,False,0,1,3,20,-1,-17,0.750895619392395,shanten_loss,7226.0
8p,8p,True,0,0,3,3,0,0,0.9820719361305237,exact_match,7227.0
5m,3s,False,0,0,5,3,0,2,0.6599913239479065,near_equivalent,7228.0
3s,6p,False,0,1,5,18,-1,-13,0.3167354166507721,shanten_loss,7229.0
5m,5m,True,0,0,5,5,0,0,0.9909597635269165,exact_match,7230.0
1m,1m,True,2,2,16,16,0,0,0.9741462469100952,exact_match,7231.0
7p,7p,True,1,1,12,12,0,0,0.4297124445438385,exact_match,7232.0
6p,6p,True,1,1,12,12,0,0,0.8253558278083801,exact_match,7233.0
3m,3m,True,1,1,12,12,0,0,0.9703363180160522,exact_match,7234.0
9m,9m,True,3,3,31,31,0,0,0.5155317783355713,exact_match,7235.0
north,north,True,3,3,21,21,0,0,0.555946946144104,exact_match,7236.0
white,east,False,3,3,30,31,0,-1,0.45883485674858093,near_equivalent,7237.0
south,1m,False,3,3,48,48,0,0,0.4637986719608307,equivalent,7238.0
north,north,True,3,3,30,30,0,0,0.7763720750808716,exact_match,7239.0
1m,1m,True,2,2,19,19,0,0,0.5962516069412231,exact_match,7240.0
east,east,True,2,2,19,19,0,0,0.5415517091751099,exact_match,7241.0
9p,3p,False,3,2,65,18,1,47,0.5703552961349487,better_shanten,7242.0
2s,9p,False,2,2,35,26,0,9,0.4491947293281555,ukeire_loss,7243.0
5s,8m,False,2,2,20,17,0,3,0.34528619050979614,ukeire_loss,7244.0
8s,8s,True,2,2,35,35,0,0,0.514982283115387,exact_match,7245.0
9s,9s,True,2,2,20,20,0,0,0.30185386538505554,exact_match,7246.0
9p,9p,True,1,1,14,14,0,0,0.5293107628822327,exact_match,7247.0
east,east,True,2,2,20,20,0,0,0.692493200302124,exact_match,7248.0
2p,2p,True,1,1,13,13,0,0,0.6293933391571045,exact_match,7249.0
green,green,True,2,2,18,18,0,0,0.6326797008514404,exact_match,7250.0
1p,8m,False,2,2,18,17,0,1,0.2988045811653137,near_equivalent,7251.0
3s,red,False,1,1,13,13,0,0,0.9126375913619995,equivalent,7252.0
9p,1s,False,3,2,52,17,1,35,0.5656880736351013,better_shanten,7253.0
red,red,True,1,1,17,17,0,0,0.7293340563774109,exact_match,7254.0
1s,1s,True,2,2,18,18,0,0,0.5414457321166992,exact_match,7255.0
3s,3s,True,1,1,17,17,0,0,0.9486227035522461,exact_match,7256.0
4m,7p,False,2,2,16,18,0,-2,0.39232558012008667,near_equivalent,7257.0
white,white,True,1,1,16,16,0,0,0.9766026735305786,exact_match,7258.0
white,white,True,2,2,16,16,0,0,0.9421281218528748,exact_match,7259.0
7m,2m,False,1,1,16,14,0,2,0.4313393235206604,near_equivalent,7260.0
4m,7m,False,2,2,16,17,0,-1,0.5642635226249695,near_equivalent,7261.0
south,south,True,1,1,15,15,0,0,0.9166585206985474,exact_match,7262.0
7m,red,False,2,2,11,16,0,-5,0.7651426792144775,better_ukeire,7263.0
2m,7m,False,1,2,11,25,-1,-14,0.30785900354385376,shanten_loss,7264.0
red,red,True,2,2,15,15,0,0,0.8362269401550293,exact_match,7265.0
8s,8s,True,1,1,11,11,0,0,0.803327739238739,exact_match,7266.0
4m,7p,False,2,2,11,15,0,-4,0.5824510455131531,better_ukeire,7267.0
6s,6s,True,0,0,4,4,0,0,0.9389408230781555,exact_match,7268.0
north,north,True,2,2,22,22,0,0,0.8862190246582031,exact_match,7269.0
9m,2m,False,2,2,16,28,0,-12,0.8838170170783997,better_ukeire,7270.0
9m,9m,True,2,2,24,24,0,0,0.7589889764785767,exact_match,7271.0
2m,2m,True,1,1,19,19,0,0,0.8872368335723877,exact_match,7272.0
5s,3p,False,1,1,17,18,0,-1,0.6546147465705872,near_equivalent,7273.0
1m,north,False,4,4,30,30,0,0,0.3485652506351471,equivalent,7274.0
south,north,False,4,4,57,57,0,0,0.3830999433994293,equivalent,7275.0
north,green,False,4,4,56,58,0,-2,0.38249239325523376,near_equivalent,7276.0
green,green,True,3,3,52,52,0,0,0.3488580882549286,exact_match,7277.0
red,red,True,2,2,15,15,0,0,0.44893085956573486,exact_match,7278.0
east,east,True,2,2,18,18,0,0,0.7897684574127197,exact_match,7279.0
east,1m,False,3,3,21,21,0,0,0.4169005751609802,equivalent,7280.0
1s,1s,True,3,3,21,21,0,0,0.5526042580604553,exact_match,7281.0
1m,1m,True,2,2,15,15,0,0,0.4148100018501282,exact_match,7282.0
west,west,True,2,2,15,15,0,0,0.6547137498855591,exact_match,7283.0
8p,white,False,2,2,14,15,0,-1,0.7954583168029785,near_equivalent,7284.0
white,white,True,2,2,33,33,0,0,0.6254441738128662,exact_match,7285.0
4p,4p,True,1,1,10,10,0,0,0.4987921118736267,exact_match,7286.0
7p,7p,True,1,1,10,10,0,0,0.8811652064323425,exact_match,7287.0
9s,9s,True,1,1,10,10,0,0,0.9463173151016235,exact_match,7288.0
7s,4m,False,1,1,15,13,0,2,0.3626093566417694,near_equivalent,7289.0
4m,4m,True,0,0,7,7,0,0,0.8073880672454834,exact_match,7290.0
2p,2p,True,3,3,47,47,0,0,0.7841135859489441,exact_match,7291.0
9s,9s,True,3,3,58,58,0,0,0.6314070224761963,exact_match,7292.0
1s,1s,True,2,2,20,20,0,0,0.9091119766235352,exact_match,7293.0
west,west,True,3,3,76,76,0,0,0.3932539224624634,exact_match,7294.0
9p,5p,False,2,1,46,15,1,31,0.5775806307792664,better_shanten,7295.0
red,red,True,2,2,63,63,0,0,0.4164179563522339,exact_match,7296.0
8p,2p,False,2,2,46,46,0,0,0.8092957139015198,equivalent,7297.0
2s,2s,True,2,2,66,66,0,0,0.6050767302513123,exact_match,7298.0
south,south,True,2,2,45,45,0,0,0.8716807961463928,exact_match,7299.0
7p,7p,True,1,1,17,17,0,0,0.6049431562423706,exact_match,7300.0
2p,2p,True,2,2,53,53,0,0,0.6889728307723999,exact_match,7301.0
6s,8p,False,2,2,41,51,0,-10,0.9290807843208313,better_ukeire,7302.0
6s,1s,False,3,2,57,40,1,17,0.47295719385147095,better_shanten,7303.0
2s,8p,False,3,2,63,11,1,52,0.42941173911094666,better_shanten,7304.0
2s,red,False,1,1,9,9,0,0,0.853887140750885,equivalent,7305.0
6p,red,False,1,1,9,9,0,0,0.7208751440048218,equivalent,7306.0
9m,9m,True,1,1,9,9,0,0,0.743691623210907,exact_match,7307.0
4s,4s,True,1,1,8,8,0,0,0.7387470006942749,exact_match,7308.0
3p,1p,False,1,1,8,7,0,1,0.7155527472496033,near_equivalent,7309.0
7s,1p,False,0,0,2,3,0,-1,0.5230798125267029,near_equivalent,7310.0
west,west,True,5,5,91,91,0,0,0.5365673899650574,exact_match,7311.0
red,9m,False,3,3,50,46,0,4,0.4815804362297058,ukeire_loss,7312.0
south,south,True,4,4,69,69,0,0,0.40424251556396484,exact_match,7313.0
white,9m,False,3,3,50,46,0,4,0.4619416892528534,ukeire_loss,7314.0
green,green,True,3,3,58,58,0,0,0.46974918246269226,exact_match,7315.0
9m,west,False,3,3,44,50,0,-6,0.5090797543525696,better_ukeire,7316.0
red,red,True,2,2,51,51,0,0,0.7619229555130005,exact_match,7317.0
west,west,True,3,3,54,54,0,0,0.5702705383300781,exact_match,7318.0
1p,1p,True,1,1,16,16,0,0,0.9035706520080566,exact_match,7319.0
3p,3p,True,3,3,54,54,0,0,0.7430228590965271,exact_match,7320.0
north,north,True,1,1,16,16,0,0,0.9443713426589966,exact_match,7321.0
7p,1s,False,1,1,14,27,0,-13,0.9822856187820435,better_ukeire,7322.0
west,west,True,3,3,53,53,0,0,0.6950042843818665,exact_match,7323.0
6p,6p,True,1,1,26,26,0,0,0.8961139917373657,exact_match,7324.0
9s,9s,True,2,2,41,41,0,0,0.41550302505493164,exact_match,7325.0
2m,3m,False,0,1,4,25,-1,-21,0.4610523581504822,shanten_loss,7326.0
1m,1m,True,1,1,15,15,0,0,0.4309191405773163,exact_match,7327.0
1m,1m,True,0,0,4,4,0,0,0.9313222169876099,exact_match,7328.0
9m,9m,True,0,0,4,4,0,0,0.5682873725891113,exact_match,7329.0
9p,9p,True,1,1,11,11,0,0,0.9680292010307312,exact_match,7330.0
1p,1p,True,0,0,4,4,0,0,0.982088029384613,exact_match,7331.0
5p,5p,True,1,1,11,11,0,0,0.6531634330749512,exact_match,7332.0
8p,8p,True,0,0,4,4,0,0,0.9630813598632812,exact_match,7333.0
1p,1p,True,1,1,11,11,0,0,0.986957848072052,exact_match,7334.0
8m,8m,True,0,0,4,4,0,0,0.33652541041374207,exact_match,7335.0
9m,9m,True,1,1,10,10,0,0,0.9772024750709534,exact_match,7336.0
2p,2p,True,0,0,4,4,0,0,0.986973226070404,exact_match,7337.0
7p,7p,True,1,1,10,10,0,0,0.9038823246955872,exact_match,7338.0
7p,7p,True,0,0,4,4,0,0,0.9849448800086975,exact_match,7339.0
3m,1s,False,1,1,7,11,0,-4,0.2535775899887085,better_ukeire,7340.0
3s,1s,False,0,0,3,6,0,-3,0.728672981262207,better_ukeire,7341.0
4p,3m,False,1,1,7,7,0,0,0.8265327215194702,equivalent,7342.0
white,white,True,0,0,3,3,0,0,0.896786093711853,exact_match,7343.0
3m,3m,True,0,0,4,4,0,0,0.6159986257553101,exact_match,7344.0
south,south,True,0,0,3,3,0,0,0.9357156753540039,exact_match,7345.0
south,south,True,0,0,4,4,0,0,0.9693794250488281,exact_match,7346.0
west,west,True,5,5,69,69,0,0,0.5604699850082397,exact_match,7347.0
9p,9p,True,4,4,73,73,0,0,0.49052876234054565,exact_match,7348.0
9s,9s,True,5,5,69,69,0,0,0.8329030275344849,exact_match,7349.0
east,east,True,3,3,54,54,0,0,0.6048935651779175,exact_match,7350.0
east,9m,False,4,4,45,42,0,3,0.43757930397987366,ukeire_loss,7351.0
1m,north,False,3,2,58,19,1,39,0.6079559922218323,better_shanten,7352.0
9m,9m,True,3,3,30,30,0,0,0.4856705665588379,exact_match,7353.0
north,north,True,3,3,69,69,0,0,0.8527588844299316,exact_match,7354.0
green,2p,False,3,3,40,29,0,11,0.3838113248348236,ukeire_loss,7355.0
white,white,True,2,2,17,17,0,0,0.5128095149993896,exact_match,7356.0
7m,6p,False,2,2,50,54,0,-4,0.5538696646690369,better_ukeire,7357.0
2p,2p,True,2,2,20,20,0,0,0.9260529279708862,exact_match,7358.0
6p,6p,True,1,1,16,16,0,0,0.5646824836730957,exact_match,7359.0
4p,4p,True,2,2,19,19,0,0,0.8142070174217224,exact_match,7360.0
9m,west,False,2,2,16,16,0,0,0.508558452129364,equivalent,7361.0
2m,2m,True,2,2,16,16,0,0,0.6073225140571594,exact_match,7362.0
8m,8m,True,2,2,16,16,0,0,0.8508087992668152,exact_match,7363.0
5m,green,False,2,2,10,33,0,-23,0.5809105038642883,better_ukeire,7364.0
4m,9p,False,2,2,10,10,0,0,0.6545583605766296,equivalent,7365.0
4m,4m,True,2,2,9,9,0,0,0.7733244895935059,exact_match,7366.0
9p,9p,True,2,2,9,9,0,0,0.5851721167564392,exact_match,7367.0
6m,6m,True,2,2,9,9,0,0,0.628308892250061,exact_match,7368.0
red,red,True,2,2,9,9,0,0,0.5387184619903564,exact_match,7369.0
north,east,False,2,2,8,8,0,0,0.6636162996292114,equivalent,7370.0
east,east,True,2,2,21,21,0,0,0.7479122877120972,exact_match,7371.0
west,2m,False,3,2,27,21,1,6,0.940807044506073,better_shanten,7372.0
west,west,True,3,3,38,38,0,0,0.5653600692749023,exact_match,7373.0
3s,2m,False,3,3,14,33,0,-19,0.3765808343887329,better_ukeire,7374.0
white,white,True,3,3,14,14,0,0,0.692100465297699,exact_match,7375.0
6s,green,False,3,3,24,47,0,-23,0.6383389234542847,better_ukeire,7376.0
2m,green,False,3,3,20,24,0,-4,0.6297889351844788,better_ukeire,7377.0
1m,south,False,4,3,66,18,1,48,0.3593815863132477,better_shanten,7378.0
south,1m,False,3,3,16,16,0,0,0.6185551285743713,equivalent,7379.0
1m,1m,True,3,3,18,18,0,0,0.6807458400726318,exact_match,7380.0
9p,2p,False,3,3,19,20,0,-1,0.2274504154920578,near_equivalent,7381.0
9p,9p,True,3,3,19,19,0,0,0.46627622842788696,exact_match,7382.0
2s,7p,False,3,3,39,39,0,0,0.3039746880531311,equivalent,7383.0
south,south,True,2,2,51,51,0,0,0.5148138999938965,exact_match,7384.0
8p,8p,True,2,2,38,38,0,0,0.400420606136322,exact_match,7385.0
green,4s,False,2,2,41,25,0,16,0.6658676266670227,ukeire_loss,7386.0
4s,4s,True,1,1,6,6,0,0,0.7356281876564026,exact_match,7387.0
8s,8s,True,1,1,6,6,0,0,0.9097386002540588,exact_match,7388.0
white,white,True,0,0,4,4,0,0,0.9686819314956665,exact_match,7389.0
7s,7s,True,0,0,4,4,0,0,0.990013599395752,exact_match,7390.0
3s,3s,True,0,0,4,4,0,0,0.9842413067817688,exact_match,7391.0
9p,9p,True,0,0,4,4,0,0,0.9797646999359131,exact_match,7392.0
east,east,True,0,0,4,4,0,0,0.9572589993476868,exact_match,7393.0
4s,4s,True,0,0,4,4,0,0,0.9455029368400574,exact_match,7394.0
5p,5p,True,0,0,4,4,0,0,0.9787974953651428,exact_match,7395.0
south,south,True,0,0,4,4,0,0,0.9755383133888245,exact_match,7396.0
1m,north,False,2,2,20,20,0,0,0.9507846236228943,equivalent,7397.0
2p,2p,True,2,2,22,22,0,0,0.7222927808761597,exact_match,7398.0
1p,1p,True,1,1,18,18,0,0,0.9816797971725464,exact_match,7399.0
1m,1m,True,1,1,18,18,0,0,0.9882640838623047,exact_match,7400.0
7p,7p,True,1,1,17,17,0,0,0.9917134046554565,exact_match,7401.0
1p,1p,True,4,4,78,78,0,0,0.7310851812362671,exact_match,7402.0
1m,1m,True,3,3,67,67,0,0,0.6389084458351135,exact_match,7403.0
8p,2m,False,3,3,64,61,0,3,0.5031192898750305,ukeire_loss,7404.0
south,south,True,2,2,22,22,0,0,0.79788738489151,exact_match,7405.0
4p,2m,False,3,3,58,67,0,-9,0.44078266620635986,better_ukeire,7406.0
1s,4m,False,2,1,44,11,1,33,0.32482337951660156,better_shanten,7407.0
2p,2p,True,3,3,56,56,0,0,0.6322409510612488,exact_match,7408.0
2s,2s,True,2,2,42,42,0,0,0.6009073257446289,exact_match,7409.0
6m,2m,False,2,2,36,42,0,-6,0.4924756586551666,better_ukeire,7410.0
8m,8m,True,1,1,16,16,0,0,0.5899432897567749,exact_match,7411.0
3p,3p,True,2,2,35,35,0,0,0.6828095316886902,exact_match,7412.0
8p,8p,True,1,1,27,27,0,0,0.9302827715873718,exact_match,7413.0
2m,9p,False,2,2,30,35,0,-5,0.6792169809341431,better_ukeire,7414.0
9s,9s,True,1,1,26,26,0,0,0.9811050295829773,exact_match,7415.0
2p,2p,True,2,2,28,28,0,0,0.7278058528900146,exact_match,7416.0
south,9p,False,1,1,25,20,0,5,0.834740936756134,ukeire_loss,7417.0
9p,9p,True,1,1,21,21,0,0,0.8207414746284485,exact_match,7418.0
red,4p,False,1,1,29,20,0,9,0.9590267539024353,ukeire_loss,7419.0
north,north,True,1,1,29,29,0,0,0.6972723007202148,exact_match,7420.0
4p,4p,True,0,0,2,2,0,0,0.9044175744056702,exact_match,7421.0
3p,3p,True,0,0,2,2,0,0,0.9909760355949402,exact_match,7422.0
3p,3p,True,0,0,2,2,0,0,0.9949867725372314,exact_match,7423.0
9m,9m,True,0,0,2,2,0,0,0.9938356280326843,exact_match,7424.0
9m,9m,True,0,0,2,2,0,0,0.9963094592094421,exact_match,7425.0
5m,5m,True,0,0,2,2,0,0,0.9848304986953735,exact_match,7426.0
5p,green,False,2,2,14,14,0,0,0.9044055342674255,equivalent,7427.0
9m,9m,True,3,3,69,69,0,0,0.32325175404548645,exact_match,7428.0
green,green,True,2,2,14,14,0,0,0.790917158126831,exact_match,7429.0
south,south,True,1,1,10,10,0,0,0.9099790453910828,exact_match,7430.0
2s,2s,True,1,1,13,13,0,0,0.7978932857513428,exact_match,7431.0
9p,5s,False,2,1,30,10,1,20,0.9521909356117249,better_shanten,7432.0
7p,4s,False,1,1,10,13,0,-3,0.7835214734077454,better_ukeire,7433.0
9p,9p,True,2,2,35,35,0,0,0.6219938397407532,exact_match,7434.0
4s,4s,True,0,0,7,7,0,0,0.9797483086585999,exact_match,7435.0
3m,2p,False,1,1,8,14,0,-6,0.39178159832954407,better_ukeire,7436.0
1s,1s,True,0,0,7,7,0,0,0.9876776337623596,exact_match,7437.0
1s,1s,True,1,1,7,7,0,0,0.9398055076599121,exact_match,7438.0
west,west,True,4,4,67,67,0,0,0.6331331729888916,exact_match,7439.0
south,south,True,4,4,74,74,0,0,0.5876269340515137,exact_match,7440.0
north,north,True,4,4,74,74,0,0,0.7325332164764404,exact_match,7441.0
green,green,True,3,3,63,63,0,0,0.5234881043434143,exact_match,7442.0
white,white,True,2,2,19,19,0,0,0.7368263006210327,exact_match,7443.0
east,east,True,2,2,19,19,0,0,0.8312419652938843,exact_match,7444.0
2s,2s,True,2,2,38,38,0,0,0.7973377108573914,exact_match,7445.0
8p,8s,False,1,1,16,23,0,-7,0.6240511536598206,better_ukeire,7446.0
4s,9p,False,1,1,16,16,0,0,0.5273866653442383,equivalent,7447.0
4s,4s,True,1,1,15,15,0,0,0.7998709082603455,exact_match,7448.0
west,west,True,3,3,64,64,0,0,0.5870194435119629,exact_match,7449.0
9m,9m,True,3,3,59,59,0,0,0.4846959710121155,exact_match,7450.0
north,north,True,2,2,57,57,0,0,0.894939124584198,exact_match,7451.0
red,north,False,2,2,19,19,0,0,0.5083252787590027,equivalent,7452.0
7m,3m,False,1,1,13,13,0,0,0.39180710911750793,equivalent,7453.0
north,west,False,2,2,19,19,0,0,0.5519179105758667,equivalent,7454.0
5m,5m,True,1,1,12,12,0,0,0.49178868532180786,exact_match,7455.0
west,7s,False,2,2,18,18,0,0,0.800014853477478,equivalent,7456.0
3m,3m,True,1,1,23,23,0,0,0.6755863428115845,exact_match,7457.0
east,east,True,2,2,18,18,0,0,0.6004239320755005,exact_match,7458.0
green,8s,False,4,4,77,65,0,12,0.20638582110404968,ukeire_loss,7459.0
red,8s,False,3,3,61,49,0,12,0.2422686219215393,ukeire_loss,7460.0
white,west,False,3,3,60,59,0,1,0.39580339193344116,near_equivalent,7461.0
west,west,True,2,2,48,48,0,0,0.577133297920227,exact_match,7462.0
4p,4p,True,1,1,12,12,0,0,0.423656702041626,exact_match,7463.0
4p,4p,True,1,1,11,11,0,0,0.7844699025154114,exact_match,7464.0
5m,5m,True,1,1,10,10,0,0,0.5093229413032532,exact_match,7465.0
5m,5m,True,1,1,10,10,0,0,0.8606685996055603,exact_match,7466.0
9m,9m,True,1,1,10,10,0,0,0.9115026593208313,exact_match,7467.0
south,south,True,3,3,64,64,0,0,0.8197253942489624,exact_match,7468.0
1p,green,False,3,3,63,63,0,0,0.6712192893028259,equivalent,7469.0
green,green,True,3,3,63,63,0,0,0.5597872734069824,exact_match,7470.0
red,north,False,3,3,61,61,0,0,0.7658172845840454,equivalent,7471.0
north,north,True,2,2,27,27,0,0,0.7891191244125366,exact_match,7472.0
5s,5s,True,1,1,15,15,0,0,0.541227400302887,exact_match,7473.0
7m,7m,True,1,1,15,15,0,0,0.9630336761474609,exact_match,7474.0
5m,5m,True,1,1,15,15,0,0,0.8507857322692871,exact_match,7475.0
7s,7s,True,0,0,7,7,0,0,0.8530286550521851,exact_match,7476.0
south,south,True,3,3,43,43,0,0,0.9479182362556458,exact_match,7477.0
9s,east,False,2,2,14,15,0,-1,0.7648287415504456,near_equivalent,7478.0
8s,east,False,2,2,28,29,0,-1,0.5178897976875305,near_equivalent,7479.0
9m,9m,True,2,2,28,28,0,0,0.89072185754776,exact_match,7480.0
east,east,True,1,1,8,8,0,0,0.6403335928916931,exact_match,7481.0
6p,6p,True,1,1,16,16,0,0,0.743413507938385,exact_match,7482.0
green,green,True,1,1,16,16,0,0,0.9398048520088196,exact_match,7483.0
7m,7m,True,1,1,16,16,0,0,0.8872212767601013,exact_match,7484.0
4m,4m,True,0,0,4,4,0,0,0.9538691639900208,exact_match,7485.0
7p,7p,True,0,0,4,4,0,0,0.9810643196105957,exact_match,7486.0
white,white,True,0,0,4,4,0,0,0.4808095395565033,exact_match,7487.0
9p,9p,True,0,0,4,4,0,0,0.9440138339996338,exact_match,7488.0
9s,9s,True,0,0,4,4,0,0,0.9721404910087585,exact_match,7489.0
4p,4p,True,0,0,4,4,0,0,0.4853997230529785,exact_match,7490.0
3m,3m,True,0,0,4,4,0,0,0.8109153509140015,exact_match,7491.0
8p,south,False,4,4,56,68,0,-12,0.44519031047821045,better_ukeire,7492.0
5p,9s,False,4,4,55,65,0,-10,0.3824228048324585,better_ukeire,7493.0
9s,9s,True,3,3,38,38,0,0,0.6323012709617615,exact_match,7494.0
red,red,True,2,2,32,32,0,0,0.6094781160354614,exact_match,7495.0
south,south,True,1,1,27,27,0,0,0.575424313545227,exact_match,7496.0
9m,3s,False,1,1,41,27,0,14,0.8500812649726868,ukeire_loss,7497.0
south,south,True,1,1,40,40,0,0,0.8633325695991516,exact_match,7498.0
3s,3s,True,1,1,36,36,0,0,0.6221312880516052,exact_match,7499.0
6s,6s,True,1,1,36,36,0,0,0.6521137952804565,exact_match,7500.0
3s,3s,True,1,1,36,36,0,0,0.9296903610229492,exact_match,7501.0
5p,3m,False,0,0,3,1,0,2,0.5196357369422913,near_equivalent,7502.0
9p,9p,True,4,4,51,51,0,0,0.4071598947048187,exact_match,7503.0
south,west,False,3,3,40,40,0,0,0.38650742173194885,equivalent,7504.0
white,white,True,3,3,39,39,0,0,0.6673709154129028,exact_match,7505.0
south,south,True,3,3,37,37,0,0,0.6150473952293396,exact_match,7506.0
green,red,False,2,2,17,17,0,0,0.3418579399585724,equivalent,7507.0
red,5m,False,2,2,21,17,0,4,0.4911586046218872,ukeire_loss,7508.0
3p,3p,True,2,2,21,21,0,0,0.8465318083763123,exact_match,7509.0
2s,west,False,2,2,27,34,0,-7,0.5433779954910278,better_ukeire,7510.0
west,west,True,1,1,13,13,0,0,0.6538516283035278,exact_match,7511.0
green,green,True,1,1,12,12,0,0,0.8424152731895447,exact_match,7512.0
8s,8m,False,1,1,11,13,0,-2,0.45644259452819824,near_equivalent,7513.0
9m,8m,False,0,0,3,2,0,1,0.5404663681983948,near_equivalent,7514.0
5p,8p,False,0,0,3,3,0,0,0.4792870283126831,equivalent,7515.0
7m,7m,True,0,0,3,3,0,0,0.6425991058349609,exact_match,7516.0
green,west,False,3,3,21,21,0,0,0.7397879362106323,equivalent,7517.0
8s,2s,False,3,3,60,60,0,0,0.4270325303077698,equivalent,7518.0
2s,2s,True,2,2,12,12,0,0,0.5061669945716858,exact_match,7519.0
3s,west,False,2,2,12,20,0,-8,0.45684540271759033,better_ukeire,7520.0
5s,5s,True,2,2,16,16,0,0,0.4726114869117737,exact_match,7521.0
5m,5m,True,2,2,15,15,0,0,0.3142952024936676,exact_match,7522.0
1m,west,False,2,1,31,7,1,24,0.6839863061904907,better_shanten,7523.0
9s,9s,True,2,2,29,29,0,0,0.6209018230438232,exact_match,7524.0
6m,6m,True,2,2,27,27,0,0,0.7614688277244568,exact_match,7525.0
7s,7s,True,2,2,27,27,0,0,0.8039853572845459,exact_match,7526.0
5s,5s,True,2,2,27,27,0,0,0.7807171940803528,exact_match,7527.0
3m,9p,False,2,2,27,27,0,0,0.3378593921661377,equivalent,7528.0
8m,west,False,3,3,61,74,0,-13,0.4116075932979584,better_ukeire,7529.0
7s,7s,True,2,2,12,12,0,0,0.5092307329177856,exact_match,7530.0
1s,1s,True,2,2,16,16,0,0,0.6015019416809082,exact_match,7531.0
west,west,True,2,2,41,41,0,0,0.5538837909698486,exact_match,7532.0
1m,1m,True,2,2,40,40,0,0,0.9237329363822937,exact_match,7533.0
5m,5m,True,2,2,38,38,0,0,0.8267834186553955,exact_match,7534.0
3p,3p,True,1,1,15,15,0,0,0.3768381178379059,exact_match,7535.0
9p,9p,True,0,0,7,7,0,0,0.9383721947669983,exact_match,7536.0
7p,7p,True,0,0,7,7,0,0,0.535865843296051,exact_match,7537.0
7s,7s,True,0,0,7,7,0,0,0.9849321246147156,exact_match,7538.0
9m,9m,True,0,0,6,6,0,0,0.9768968224525452,exact_match,7539.0
4p,4p,True,0,0,6,6,0,0,0.949583888053894,exact_match,7540.0
7s,7s,True,0,0,6,6,0,0,0.9796594977378845,exact_match,7541.0
8m,8m,True,0,0,6,6,0,0,0.9774497747421265,exact_match,7542.0
south,north,False,4,4,68,68,0,0,0.5034050345420837,equivalent,7543.0
north,north,True,4,4,86,86,0,0,0.7123498320579529,exact_match,7544.0
9m,green,False,3,3,68,75,0,-7,0.5671975612640381,better_ukeire,7545.0
green,green,True,2,2,20,20,0,0,0.8189658522605896,exact_match,7546.0
8m,8m,True,2,2,20,20,0,0,0.9453651905059814,exact_match,7547.0
east,east,True,2,2,33,33,0,0,0.544455885887146,exact_match,7548.0
8p,north,False,1,1,10,10,0,0,0.8545911908149719,equivalent,7549.0
1m,1m,True,3,3,21,21,0,0,0.9671300053596497,exact_match,7550.0
white,north,False,3,3,53,53,0,0,0.5439191460609436,equivalent,7551.0
green,green,True,3,3,21,21,0,0,0.6136665344238281,exact_match,7552.0
north,north,True,2,2,19,19,0,0,0.5073432922363281,exact_match,7553.0
1s,east,False,3,3,20,43,0,-23,0.8523663878440857,better_ukeire,7554.0
8p,1p,False,2,2,19,19,0,0,0.8451197743415833,equivalent,7555.0
2s,east,False,3,3,48,49,0,-1,0.8654365539550781,near_equivalent,7556.0
9p,9p,True,2,2,18,18,0,0,0.7881542444229126,exact_match,7557.0
south,south,True,3,3,48,48,0,0,0.7248314619064331,exact_match,7558.0
1p,1p,True,2,2,21,21,0,0,0.9231580495834351,exact_match,7559.0
4m,east,False,3,3,54,55,0,-1,0.728153645992279,near_equivalent,7560.0
9m,5m,False,2,1,40,10,1,30,0.2561475932598114,better_shanten,7561.0
1s,1s,True,3,3,52,52,0,0,0.9151550531387329,exact_match,7562.0
9m,2m,False,2,2,39,40,0,-1,0.6539309620857239,near_equivalent,7563.0
east,east,True,2,2,14,14,0,0,0.4402886927127838,exact_match,7564.0
2m,2m,True,2,2,36,36,0,0,0.509178876876831,exact_match,7565.0
9p,9p,True,2,2,14,14,0,0,0.9617144465446472,exact_match,7566.0
west,west,True,1,1,19,19,0,0,0.6173327565193176,exact_match,7567.0
7m,7p,False,1,2,8,13,-1,-5,0.5158720016479492,shanten_loss,7568.0
6m,6m,True,0,0,6,6,0,0,0.9417262077331543,exact_match,7569.0
2s,south,False,3,3,54,58,0,-4,0.5295183658599854,better_ukeire,7570.0
south,south,True,2,2,43,43,0,0,0.4519670605659485,exact_match,7571.0
1s,1s,True,2,2,43,43,0,0,0.8074626922607422,exact_match,7572.0
1m,white,False,3,2,58,42,1,16,0.6622989773750305,better_shanten,7573.0
3m,3m,True,2,2,33,33,0,0,0.4573812484741211,exact_match,7574.0
9m,9m,True,2,2,32,32,0,0,0.8362531661987305,exact_match,7575.0
9m,9m,True,2,2,32,32,0,0,0.8769366145133972,exact_match,7576.0
red,white,False,1,1,15,15,0,0,0.591642439365387,equivalent,7577.0
8s,8s,True,1,1,15,15,0,0,0.8624873757362366,exact_match,7578.0
white,white,True,0,0,8,8,0,0,0.9956448078155518,exact_match,7579.0
8m,8m,True,0,0,8,8,0,0,0.9988799691200256,exact_match,7580.0
3p,7p,False,0,0,2,4,0,-2,0.8062620162963867,near_equivalent,7581.0
green,green,True,0,0,2,2,0,0,0.9952465891838074,exact_match,7582.0
4p,7p,False,0,0,2,5,0,-3,0.681172251701355,better_ukeire,7583.0
8s,8s,True,0,0,2,2,0,0,0.8560032248497009,exact_match,7584.0
red,red,True,0,0,2,2,0,0,0.9784308075904846,exact_match,7585.0
5m,7p,False,0,1,2,30,-1,-28,0.5336300730705261,shanten_loss,7586.0
green,green,True,3,3,46,46,0,0,0.974481999874115,exact_match,7587.0
east,south,False,4,4,66,66,0,0,0.44559934735298157,equivalent,7588.0
4p,4p,True,3,3,49,49,0,0,0.8345687985420227,exact_match,7589.0
south,south,True,4,4,87,87,0,0,0.4093211591243744,exact_match,7590.0
3p,3p,True,3,3,48,48,0,0,0.9227069020271301,exact_match,7591.0
9s,9s,True,4,4,84,84,0,0,0.41050732135772705,exact_match,7592.0
red,red,True,3,3,46,46,0,0,0.9626712799072266,exact_match,7593.0
green,green,True,3,3,54,54,0,0,0.5288440585136414,exact_match,7594.0
4m,4m,True,3,3,46,46,0,0,0.5216513276100159,exact_match,7595.0
9m,9m,True,2,2,19,19,0,0,0.5194689035415649,exact_match,7596.0
green,green,True,3,3,45,45,0,0,0.9331868886947632,exact_match,7597.0
2s,2s,True,1,1,11,11,0,0,0.6370211243629456,exact_match,7598.0
6s,9s,False,2,2,28,34,0,-6,0.23804233968257904,better_ukeire,7599.0
6m,2p,False,1,1,10,13,0,-3,0.5417208671569824,better_ukeire,7600.0
5s,5s,True,2,2,27,27,0,0,0.5093898773193359,exact_match,7601.0
red,red,True,1,1,10,10,0,0,0.8528176546096802,exact_match,7602.0
2p,2p,True,2,2,26,26,0,0,0.934382438659668,exact_match,7603.0
1m,4p,False,1,1,15,20,0,-5,0.3406974673271179,better_ukeire,7604.0
7p,1p,False,2,2,13,24,0,-11,0.8532117605209351,better_ukeire,7605.0
north,north,True,1,1,14,14,0,0,0.7574138045310974,exact_match,7606.0
8s,1p,False,2,2,13,19,0,-6,0.45516103506088257,better_ukeire,7607.0
west,west,True,1,1,6,6,0,0,0.8272265195846558,exact_match,7608.0
9p,9p,True,1,1,6,6,0,0,0.576522946357727,exact_match,7609.0
3m,3m,True,1,1,6,6,0,0,0.9156637191772461,exact_match,7610.0
7m,white,False,2,1,10,6,1,4,0.7721458077430725,better_shanten,7611.0
6s,9p,False,4,4,73,65,0,8,0.416439026594162,ukeire_loss,7612.0
green,south,False,1,1,7,7,0,0,0.8857190608978271,equivalent,7613.0
4p,9p,False,3,3,19,19,0,0,0.33165401220321655,equivalent,7614.0
south,south,True,1,1,7,7,0,0,0.9240642189979553,exact_match,7615.0
6p,2p,False,3,3,18,18,0,0,0.47511813044548035,equivalent,7616.0
1p,1p,True,1,1,7,7,0,0,0.9902482628822327,exact_match,7617.0
5m,5m,True,2,2,12,12,0,0,0.4977269172668457,exact_match,7618.0
8s,8s,True,1,1,20,20,0,0,0.4872397482395172,exact_match,7619.0
2m,2m,True,2,2,11,11,0,0,0.8252038955688477,exact_match,7620.0
west,west,True,4,4,70,70,0,0,0.5961284637451172,exact_match,7621.0
1m,green,False,4,4,74,82,0,-8,0.35163432359695435,better_ukeire,7622.0
green,green,True,4,4,83,83,0,0,0.3597687780857086,exact_match,7623.0
white,white,True,3,3,25,25,0,0,0.5676813721656799,exact_match,7624.0
1s,2m,False,3,3,43,51,0,-8,0.5083283185958862,better_ukeire,7625.0
2s,2m,False,3,3,50,50,0,0,0.453470915555954,equivalent,7626.0
6p,6p,True,2,2,23,23,0,0,0.629219114780426,exact_match,7627.0
5m,3p,False,2,2,24,23,0,1,0.6363154053688049,near_equivalent,7628.0
8s,2m,False,2,2,27,23,0,4,0.40993666648864746,ukeire_loss,7629.0
8s,8m,False,2,2,24,26,0,-2,0.6579087376594543,near_equivalent,7630.0
red,red,True,1,1,7,7,0,0,0.5979434847831726,exact_match,7631.0
9s,9s,True,5,5,98,98,0,0,0.4763563275337219,exact_match,7632.0
south,9p,False,5,5,97,90,0,7,0.49954426288604736,ukeire_loss,7633.0
north,9p,False,4,4,66,59,0,7,0.5557129979133606,ukeire_loss,7634.0
9p,9p,True,3,3,14,14,0,0,0.5851341485977173,exact_match,7635.0
white,white,True,2,2,9,9,0,0,0.5851413011550903,exact_match,7636.0
east,8p,False,2,2,9,9,0,0,0.6059643626213074,equivalent,7637.0
east,east,True,2,2,9,9,0,0,0.7197048664093018,exact_match,7638.0
red,red,True,3,3,37,37,0,0,0.49239322543144226,exact_match,7639.0
2p,2p,True,4,4,55,55,0,0,0.5329546928405762,exact_match,7640.0
5p,7p,False,4,4,62,62,0,0,0.6430954337120056,equivalent,7641.0
3p,3p,True,4,4,61,61,0,0,0.7172948122024536,exact_match,7642.0
7p,7p,True,3,3,41,41,0,0,0.8949611783027649,exact_match,7643.0
green,9m,False,2,3,11,39,-1,-28,0.5497773885726929,shanten_loss,7644.0
red,white,False,2,2,15,15,0,0,0.2889185845851898,equivalent,7645.0
4p,4p,True,2,2,15,15,0,0,0.9204992055892944,exact_match,7646.0
3s,3s,True,2,2,15,15,0,0,0.9268127083778381,exact_match,7647.0
1m,white,False,1,1,11,11,0,0,0.8831906318664551,equivalent,7648.0
white,white,True,0,0,4,4,0,0,0.9859996438026428,exact_match,7649.0
6s,6s,True,0,0,4,4,0,0,0.9963633418083191,exact_match,7650.0
east,east,True,3,3,24,24,0,0,0.5715755820274353,exact_match,7651.0
west,south,False,3,3,32,32,0,0,0.6799917221069336,equivalent,7652.0
south,south,True,3,3,35,35,0,0,0.8220035433769226,exact_match,7653.0
south,south,True,3,3,35,35,0,0,0.9369907975196838,exact_match,7654.0
3m,3m,True,2,2,22,22,0,0,0.741496205329895,exact_match,7655.0
9p,9p,True,2,2,21,21,0,0,0.9522174000740051,exact_match,7656.0
3p,9s,False,1,1,11,11,0,0,0.43445026874542236,equivalent,7657.0
7p,7p,True,1,1,11,11,0,0,0.6945950388908386,exact_match,7658.0
1p,1p,True,1,1,15,15,0,0,0.45636507868766785,exact_match,7659.0
east,north,False,2,2,44,44,0,0,0.5257672667503357,equivalent,7660.0
9m,north,False,3,3,28,28,0,0,0.7745799422264099,equivalent,7661.0
north,north,True,2,2,61,61,0,0,0.5417346954345703,exact_match,7662.0
green,north,False,3,3,27,27,0,0,0.9014503955841064,equivalent,7663.0
1p,1p,True,1,1,25,25,0,0,0.6530393958091736,exact_match,7664.0
red,red,True,2,2,19,19,0,0,0.5056275725364685,exact_match,7665.0
red,red,True,1,1,40,40,0,0,0.765108585357666,exact_match,7666.0
north,north,True,2,2,19,19,0,0,0.6911623477935791,exact_match,7667.0
3p,8s,False,1,1,33,40,0,-7,0.40047916769981384,better_ukeire,7668.0
5m,9s,False,2,2,17,15,0,2,0.4963492453098297,near_equivalent,7669.0
7m,7m,True,0,0,4,4,0,0,0.9569897055625916,exact_match,7670.0
9s,9s,True,1,1,9,9,0,0,0.5122235417366028,exact_match,7671.0
1p,1p,True,2,2,16,16,0,0,0.5283045172691345,exact_match,7672.0
9s,9s,True,1,1,12,12,0,0,0.7293679118156433,exact_match,7673.0
5s,5s,True,1,1,12,12,0,0,0.6208590865135193,exact_match,7674.0
east,4p,False,1,1,24,13,0,11,0.40513715147972107,ukeire_loss,7675.0
white,6p,False,1,1,24,14,0,10,0.39926594495773315,ukeire_loss,7676.0
2s,2s,True,1,1,24,24,0,0,0.9583756923675537,exact_match,7677.0
9p,9p,True,1,1,24,24,0,0,0.9269782304763794,exact_match,7678.0
6p,6p,True,0,0,3,3,0,0,0.8190122842788696,exact_match,7679.0
south,south,True,3,3,34,34,0,0,0.4957996606826782,exact_match,7680.0
2s,north,False,2,2,24,27,0,-3,0.5993452072143555,better_ukeire,7681.0
2p,north,False,2,2,20,23,0,-3,0.7301612496376038,better_ukeire,7682.0
green,green,True,2,2,20,20,0,0,0.7996423244476318,exact_match,7683.0
north,north,True,2,2,36,36,0,0,0.8427845239639282,exact_match,7684.0
north,north,True,2,2,36,36,0,0,0.9677999019622803,exact_match,7685.0
white,white,True,2,2,36,36,0,0,0.9676089882850647,exact_match,7686.0
5s,4p,False,1,2,8,32,-1,-24,0.6626931428909302,shanten_loss,7687.0
8s,8s,True,1,1,8,8,0,0,0.7769187092781067,exact_match,7688.0
west,west,True,3,3,33,33,0,0,0.5203390717506409,exact_match,7689.0
9m,9m,True,4,4,67,67,0,0,0.38315969705581665,exact_match,7690.0
white,west,False,3,3,33,32,0,1,0.5800816416740417,near_equivalent,7691.0
north,north,True,3,3,20,20,0,0,0.6537578105926514,exact_match,7692.0
west,north,False,3,3,63,63,0,0,0.5435017347335815,equivalent,7693.0
9s,9s,True,3,3,20,20,0,0,0.8089810609817505,exact_match,7694.0
north,north,True,3,3,80,80,0,0,0.5749244093894958,exact_match,7695.0
9p,9p,True,3,3,24,24,0,0,0.652822732925415,exact_match,7696.0
8m,8m,True,2,2,26,26,0,0,0.6396828293800354,exact_match,7697.0
3p,9m,False,3,3,24,24,0,0,0.905100405216217,equivalent,7698.0
4p,2p,False,1,1,14,14,0,0,0.8350226879119873,equivalent,7699.0
9m,9m,True,3,3,27,27,0,0,0.821975588798523,exact_match,7700.0
2p,green,False,1,1,14,14,0,0,0.8044388890266418,equivalent,7701.0
8p,4s,False,3,3,44,26,0,18,0.39342817664146423,ukeire_loss,7702.0
2s,2s,True,2,2,19,19,0,0,0.5927504301071167,exact_match,7703.0
1s,1s,True,1,1,10,10,0,0,0.6324182152748108,exact_match,7704.0
4p,4p,True,2,2,17,17,0,0,0.737270712852478,exact_match,7705.0
west,west,True,4,4,81,81,0,0,0.7278293967247009,exact_match,7706.0
red,red,True,3,3,76,76,0,0,0.5481356978416443,exact_match,7707.0
1p,1p,True,2,2,50,50,0,0,0.5139557719230652,exact_match,7708.0
9s,9s,True,1,1,7,7,0,0,0.8766703009605408,exact_match,7709.0
9m,9m,True,1,1,11,11,0,0,0.787247896194458,exact_match,7710.0
8s,8s,True,1,1,11,11,0,0,0.9157229065895081,exact_match,7711.0
1m,6s,False,1,1,16,9,0,7,0.3423207998275757,ukeire_loss,7712.0
3m,3m,True,1,1,16,16,0,0,0.6013610363006592,exact_match,7713.0
3s,3s,True,1,1,15,15,0,0,0.8620164394378662,exact_match,7714.0
5s,4p,False,1,1,12,15,0,-3,0.8812147974967957,better_ukeire,7715.0
6m,7p,False,1,2,15,35,-1,-20,0.48586973547935486,shanten_loss,7716.0
5s,5s,True,1,1,14,14,0,0,0.48970577120780945,exact_match,7717.0
south,south,True,3,3,66,66,0,0,0.5273402333259583,exact_match,7718.0
north,north,True,3,3,70,70,0,0,0.9937534928321838,exact_match,7719.0
1s,1s,True,3,3,70,70,0,0,0.9783061146736145,exact_match,7720.0
2m,2m,True,2,2,26,26,0,0,0.48613056540489197,exact_match,7721.0
4m,4m,True,1,1,18,18,0,0,0.8020489811897278,exact_match,7722.0
6p,west,False,1,1,18,18,0,0,0.9625862240791321,equivalent,7723.0
6p,6p,True,1,1,18,18,0,0,0.5219430923461914,exact_match,7724.0
west,west,True,1,1,18,18,0,0,0.9595497250556946,exact_match,7725.0
6p,6p,True,1,1,18,18,0,0,0.6064345836639404,exact_match,7726.0
west,west,True,0,0,7,7,0,0,0.9960818886756897,exact_match,7727.0
green,green,True,0,0,7,7,0,0,0.9980119466781616,exact_match,7728.0
7m,7m,True,0,0,7,7,0,0,0.8088814616203308,exact_match,7729.0
9p,9p,True,4,4,62,62,0,0,0.6609695553779602,exact_match,7730.0
1m,1m,True,3,3,53,53,0,0,0.7643053531646729,exact_match,7731.0
south,south,True,4,4,76,76,0,0,0.8320572376251221,exact_match,7732.0
1p,south,False,3,3,56,65,0,-9,0.4863061010837555,better_ukeire,7733.0
east,east,True,3,3,58,58,0,0,0.7235553860664368,exact_match,7734.0
south,south,True,2,2,15,15,0,0,0.5870798826217651,exact_match,7735.0
green,green,True,2,2,50,50,0,0,0.771169126033783,exact_match,7736.0
3p,3p,True,2,2,15,15,0,0,0.456117182970047,exact_match,7737.0
white,white,True,2,2,65,65,0,0,0.5565503835678101,exact_match,7738.0
west,9p,False,3,2,61,17,1,44,0.6367852687835693,better_shanten,7739.0
red,red,True,2,2,63,63,0,0,0.8135892748832703,exact_match,7740.0
1p,1p,True,3,3,59,59,0,0,0.8518106341362,exact_match,7741.0
1s,4p,False,1,1,14,14,0,0,0.6500586271286011,equivalent,7742.0
9p,9p,True,3,3,58,58,0,0,0.4007735848426819,exact_match,7743.0
4p,4p,True,1,1,14,14,0,0,0.41562607884407043,exact_match,7744.0
4m,west,False,3,2,62,15,1,47,0.4499121308326721,better_shanten,7745.0
3s,3s,True,1,1,13,13,0,0,0.6008022427558899,exact_match,7746.0
8m,8m,True,2,2,23,23,0,0,0.454173743724823,exact_match,7747.0
white,white,True,1,1,12,12,0,0,0.6860209107398987,exact_match,7748.0
green,green,True,2,2,21,21,0,0,0.7541753649711609,exact_match,7749.0
white,white,True,1,1,21,21,0,0,0.9921678900718689,exact_match,7750.0
1p,south,False,4,4,67,75,0,-8,0.6262869834899902,better_ukeire,7751.0
8s,1s,False,1,1,21,21,0,0,0.7213013172149658,equivalent,7752.0
1m,south,False,3,3,40,48,0,-8,0.5043721199035645,better_ukeire,7753.0
north,north,True,1,1,21,21,0,0,0.9856540560722351,exact_match,7754.0
south,4m,False,3,3,56,39,0,17,0.5749112963676453,ukeire_loss,7755.0
1s,1s,True,1,1,28,28,0,0,0.9742618799209595,exact_match,7756.0
green,green,True,2,2,14,14,0,0,0.5515503883361816,exact_match,7757.0
6m,6m,True,1,1,28,28,0,0,0.9265666604042053,exact_match,7758.0
7p,7p,True,2,2,18,18,0,0,0.8647289872169495,exact_match,7759.0
6s,3p,False,1,0,27,4,1,23,0.7290828227996826,better_shanten,7760.0
7s,7s,True,1,1,11,11,0,0,0.6215913891792297,exact_match,7761.0
2s,2s,True,0,0,7,7,0,0,0.9755073189735413,exact_match,7762.0
1s,1s,True,0,0,7,7,0,0,0.98726487159729,exact_match,7763.0
2s,2s,True,0,0,7,7,0,0,0.9873468279838562,exact_match,7764.0
red,red,True,3,3,38,38,0,0,0.5266345143318176,exact_match,7765.0
south,east,False,4,4,70,70,0,0,0.5575010776519775,equivalent,7766.0
south,south,True,3,3,37,37,0,0,0.7341417670249939,exact_match,7767.0
white,green,False,3,3,20,20,0,0,0.3535805642604828,equivalent,7768.0
9p,9p,True,2,2,20,20,0,0,0.44193026423454285,exact_match,7769.0
red,red,True,3,3,17,17,0,0,0.5251970887184143,exact_match,7770.0
2s,9s,False,2,2,25,21,0,4,0.5522295832633972,ukeire_loss,7771.0
green,9s,False,3,3,17,17,0,0,0.7834556698799133,equivalent,7772.0
9m,9m,True,2,2,24,24,0,0,0.9317460060119629,exact_match,7773.0
7p,9s,False,3,3,52,59,0,-7,0.5889534950256348,better_ukeire,7774.0
9m,9m,True,2,2,22,22,0,0,0.8606429100036621,exact_match,7775.0
2m,9s,False,3,3,51,56,0,-5,0.4602782130241394,better_ukeire,7776.0
9s,2s,False,2,2,19,22,0,-3,0.7371087670326233,better_ukeire,7777.0
9s,9s,True,2,2,38,38,0,0,0.7803835868835449,exact_match,7778.0
6p,2s,False,2,2,17,25,0,-8,0.3748799264431,better_ukeire,7779.0
1s,1s,True,2,2,37,37,0,0,0.7268569469451904,exact_match,7780.0
2m,white,False,3,2,37,15,1,22,0.6515191197395325,better_shanten,7781.0
2m,2m,True,2,2,34,34,0,0,0.8964532613754272,exact_match,7782.0
8p,white,False,3,2,39,17,1,22,0.5810335874557495,better_shanten,7783.0
north,north,True,2,2,33,33,0,0,0.7754504084587097,exact_match,7784.0
white,white,True,3,3,46,46,0,0,0.71954745054245,exact_match,7785.0
north,north,True,2,2,32,32,0,0,0.788333535194397,exact_match,7786.0
1m,1m,True,3,3,58,58,0,0,0.5927231311798096,exact_match,7787.0
9m,9m,True,3,3,20,20,0,0,0.55144864320755,exact_match,7788.0
9m,9m,True,2,2,11,11,0,0,0.6401569843292236,exact_match,7789.0
north,north,True,3,3,20,20,0,0,0.5491775870323181,exact_match,7790.0
red,red,True,2,2,21,21,0,0,0.8779581189155579,exact_match,7791.0
east,green,False,3,3,19,20,0,-1,0.37325528264045715,near_equivalent,7792.0
8p,8p,True,2,2,19,19,0,0,0.536612868309021,exact_match,7793.0
green,green,True,3,3,20,20,0,0,0.5083979964256287,exact_match,7794.0
5s,1m,False,2,2,23,19,0,4,0.3964088261127472,ukeire_loss,7795.0
9s,9s,True,3,3,19,19,0,0,0.7589714527130127,exact_match,7796.0
5p,5p,True,1,1,14,14,0,0,0.5206614136695862,exact_match,7797.0
9p,9p,True,3,3,18,18,0,0,0.8042600154876709,exact_match,7798.0
1m,1m,True,0,0,4,4,0,0,0.3779570460319519,exact_match,7799.0
5s,5s,True,2,2,12,12,0,0,0.45959174633026123,exact_match,7800.0
4p,4p,True,0,0,4,4,0,0,0.9382635354995728,exact_match,7801.0
5s,5s,True,2,2,12,12,0,0,0.7592059969902039,exact_match,7802.0
7m,7m,True,0,0,4,4,0,0,0.48836496472358704,exact_match,7803.0
1p,1p,True,2,2,12,12,0,0,0.6616604328155518,exact_match,7804.0
white,white,True,0,0,4,4,0,0,0.8698372840881348,exact_match,7805.0
6p,west,False,2,2,15,26,0,-11,0.3274453282356262,better_ukeire,7806.0
2m,2m,True,0,0,4,4,0,0,0.410219669342041,exact_match,7807.0
west,west,True,3,3,62,62,0,0,0.4033203423023224,exact_match,7808.0
9p,north,False,3,3,28,28,0,0,0.5890668034553528,equivalent,7809.0
9m,9m,True,3,3,70,70,0,0,0.4589517414569855,exact_match,7810.0
north,1s,False,3,3,28,28,0,0,0.44754087924957275,equivalent,7811.0
white,1m,False,3,3,70,62,0,8,0.42294612526893616,ukeire_loss,7812.0
8s,1s,False,2,2,19,19,0,0,0.5263577103614807,equivalent,7813.0
1m,1m,True,2,2,16,16,0,0,0.4816272556781769,exact_match,7814.0
8s,8s,True,2,2,18,18,0,0,0.7496808767318726,exact_match,7815.0
1p,2s,False,2,2,22,22,0,0,0.5289278030395508,equivalent,7816.0
1s,north,False,2,2,18,18,0,0,0.7557038068771362,equivalent,7817.0
2s,9p,False,2,2,22,22,0,0,0.8439119458198547,equivalent,7818.0
9p,9p,True,1,1,20,20,0,0,0.9212530851364136,exact_match,7819.0
3p,3p,True,0,0,8,8,0,0,0.9950351715087891,exact_match,7820.0
north,1m,False,2,2,16,16,0,0,0.8051072359085083,equivalent,7821.0
5s,5s,True,0,0,8,8,0,0,0.9969387054443359,exact_match,7822.0
1p,1p,True,3,3,44,44,0,0,0.4763999879360199,exact_match,7823.0
west,west,True,3,3,52,52,0,0,0.5173898935317993,exact_match,7824.0
red,white,False,2,2,48,48,0,0,0.376255601644516,equivalent,7825.0
white,white,True,1,1,12,12,0,0,0.9821167588233948,exact_match,7826.0
4p,4p,True,1,1,16,16,0,0,0.6154170036315918,exact_match,7827.0
7p,7p,True,0,0,4,4,0,0,0.8740018010139465,exact_match,7828.0
red,red,True,0,0,4,4,0,0,0.9926092028617859,exact_match,7829.0
9m,9m,True,0,0,4,4,0,0,0.9941917061805725,exact_match,7830.0
2s,2s,True,0,0,4,4,0,0,0.31552398204803467,exact_match,7831.0
north,north,True,0,0,4,4,0,0,0.9955011010169983,exact_match,7832.0
2m,2m,True,0,0,4,4,0,0,0.7652581334114075,exact_match,7833.0
1s,1p,False,3,3,66,65,0,1,0.5121778845787048,near_equivalent,7834.0
1p,1p,True,2,2,43,43,0,0,0.6970836520195007,exact_match,7835.0
red,6s,False,1,1,36,24,0,12,0.42650532722473145,ukeire_loss,7836.0
6s,6s,True,0,0,8,8,0,0,0.9891659617424011,exact_match,7837.0
west,west,True,0,0,8,8,0,0,0.9659648537635803,exact_match,7838.0
south,south,True,0,0,8,8,0,0,0.9804352521896362,exact_match,7839.0
3s,3s,True,0,0,8,8,0,0,0.99594646692276,exact_match,7840.0
green,8p,False,0,0,2,7,0,-5,0.3894830346107483,better_ukeire,7841.0
green,7s,False,0,0,2,2,0,0,0.900312066078186,equivalent,7842.0
5s,5s,True,0,0,2,2,0,0,0.6515809893608093,exact_match,7843.0
8m,8m,True,0,0,2,2,0,0,0.6570456624031067,exact_match,7844.0
red,7s,False,0,0,2,1,0,1,0.5586401224136353,near_equivalent,7845.0
1s,6p,False,1,2,7,51,-1,-44,0.3924523591995239,shanten_loss,7846.0
south,south,True,1,1,6,6,0,0,0.6076152920722961,exact_match,7847.0
west,west,True,1,1,7,7,0,0,0.8751751184463501,exact_match,7848.0
1p,1p,True,1,1,6,6,0,0,0.7662674784660339,exact_match,7849.0
4p,4p,True,1,1,17,17,0,0,0.5917491316795349,exact_match,7850.0
8s,8s,True,0,0,3,3,0,0,0.5986741781234741,exact_match,7851.0
6p,3s,False,1,1,28,27,0,1,0.2950943410396576,near_equivalent,7852.0
1m,1m,True,1,1,28,28,0,0,0.9767100214958191,exact_match,7853.0
1p,1p,True,0,0,3,3,0,0,0.9832366108894348,exact_match,7854.0
2m,5p,False,1,0,15,3,1,12,0.8368430137634277,better_shanten,7855.0
1m,1m,True,1,1,13,13,0,0,0.7538670897483826,exact_match,7856.0
north,5p,False,1,0,11,2,1,9,0.5525692701339722,better_shanten,7857.0
2s,2s,True,1,1,10,10,0,0,0.6110042929649353,exact_match,7858.0
north,5p,False,1,1,20,15,0,5,0.4881385862827301,ukeire_loss,7859.0
5p,5p,True,1,1,17,17,0,0,0.5811699628829956,exact_match,7860.0
6s,3s,False,2,1,34,16,1,18,0.523989737033844,better_shanten,7861.0
6s,2m,False,2,1,31,26,1,5,0.767147421836853,better_shanten,7862.0
west,west,True,4,4,58,58,0,0,0.496925950050354,exact_match,7863.0
9m,east,False,4,4,54,58,0,-4,0.3383997976779938,better_ukeire,7864.0
1s,1s,True,3,3,20,20,0,0,0.4639183580875397,exact_match,7865.0
east,2m,False,3,3,40,40,0,0,0.642081618309021,equivalent,7866.0
2m,2m,True,2,2,16,16,0,0,0.6825324296951294,exact_match,7867.0
south,1m,False,3,2,36,16,1,20,0.9286574125289917,better_shanten,7868.0
south,1m,False,2,2,15,15,0,0,0.540377676486969,equivalent,7869.0
1m,5m,False,2,2,15,10,0,5,0.31858178973197937,ukeire_loss,7870.0
1m,1m,True,2,2,34,34,0,0,0.6692901253700256,exact_match,7871.0
1s,1s,True,4,4,66,66,0,0,0.5550879836082458,exact_match,7872.0
north,green,False,3,3,67,66,0,1,0.4924059510231018,near_equivalent,7873.0
9p,9p,True,3,3,28,28,0,0,0.6243515610694885,exact_match,7874.0
green,green,True,2,2,18,18,0,0,0.9787521958351135,exact_match,7875.0
1m,east,False,3,3,28,28,0,0,0.7569065093994141,equivalent,7876.0
9p,4p,False,2,2,15,26,0,-11,0.3218851089477539,better_ukeire,7877.0
east,east,True,2,2,24,24,0,0,0.9076579213142395,exact_match,7878.0
9s,9s,True,2,2,14,14,0,0,0.8931424021720886,exact_match,7879.0
9p,9p,True,2,2,22,22,0,0,0.9883213639259338,exact_match,7880.0
8p,8p,True,2,2,26,26,0,0,0.673504114151001,exact_match,7881.0
green,green,True,2,2,22,22,0,0,0.9596020579338074,exact_match,7882.0
2m,2m,True,1,1,10,10,0,0,0.8919050693511963,exact_match,7883.0
east,east,True,2,2,21,21,0,0,0.9130330681800842,exact_match,7884.0
7s,7s,True,1,1,10,10,0,0,0.9660083651542664,exact_match,7885.0
north,north,True,2,2,21,21,0,0,0.9107158184051514,exact_match,7886.0
white,white,True,1,1,10,10,0,0,0.9661076068878174,exact_match,7887.0
4s,9s,False,1,1,11,11,0,0,0.25647610425949097,equivalent,7888.0
7m,7m,True,0,0,4,4,0,0,0.7486845850944519,exact_match,7889.0
1s,1s,True,4,4,27,27,0,0,0.7276957035064697,exact_match,7890.0
7p,south,False,4,4,72,80,0,-8,0.5681419372558594,better_ukeire,7891.0
south,south,True,3,3,41,41,0,0,0.4765884578227997,exact_match,7892.0
2p,2p,True,2,2,12,12,0,0,0.4495597183704376,exact_match,7893.0
6p,red,False,2,2,12,12,0,0,0.7203855514526367,equivalent,7894.0
4s,4s,True,1,1,8,8,0,0,0.5157048106193542,exact_match,7895.0
8s,9p,False,2,1,25,8,1,17,0.8824781775474548,better_shanten,7896.0
9s,9p,False,2,2,35,36,0,-1,0.43147042393684387,near_equivalent,7897.0
2p,2p,True,2,2,34,34,0,0,0.732399582862854,exact_match,7898.0
9s,9s,True,2,2,30,30,0,0,0.8067852258682251,exact_match,7899.0
9p,west,False,2,2,23,30,0,-7,0.4490887522697449,better_ukeire,7900.0
red,west,False,1,1,16,17,0,-1,0.5090183019638062,near_equivalent,7901.0
west,west,True,0,0,4,4,0,0,0.7948347926139832,exact_match,7902.0
white,white,True,0,0,4,4,0,0,0.9100725054740906,exact_match,7903.0
3s,3s,True,0,0,4,4,0,0,0.9637624621391296,exact_match,7904.0
green,5p,False,1,1,10,10,0,0,0.49400579929351807,equivalent,7905.0
6p,green,False,2,2,16,16,0,0,0.7994165420532227,equivalent,7906.0
red,8p,False,1,1,10,10,0,0,0.6235227584838867,equivalent,7907.0
9p,9p,True,2,2,16,16,0,0,0.8503116965293884,exact_match,7908.0
8p,8p,True,1,1,23,23,0,0,0.9672475457191467,exact_match,7909.0
9p,9p,True,2,2,16,16,0,0,0.8800531029701233,exact_match,7910.0
4m,4m,True,1,1,23,23,0,0,0.9775580167770386,exact_match,7911.0
5m,green,False,2,2,29,30,0,-1,0.5382885932922363,near_equivalent,7912.0
5s,5s,True,0,0,3,3,0,0,0.6554893255233765,exact_match,7913.0
6m,6m,True,2,2,25,25,0,0,0.5866732597351074,exact_match,7914.0
5m,5m,True,0,0,3,3,0,0,0.9716925024986267,exact_match,7915.0
6m,6m,True,2,2,24,24,0,0,0.8347992300987244,exact_match,7916.0
green,green,True,1,1,14,14,0,0,0.8568149209022522,exact_match,7917.0
9s,9s,True,3,3,60,60,0,0,0.720833420753479,exact_match,7918.0
green,green,True,2,2,49,49,0,0,0.5312503576278687,exact_match,7919.0
1s,1s,True,1,1,10,10,0,0,0.7911307215690613,exact_match,7920.0
9p,9p,True,1,1,13,13,0,0,0.3036387264728546,exact_match,7921.0
1m,1m,True,1,1,19,19,0,0,0.6223505139350891,exact_match,7922.0
5m,5p,False,1,2,18,67,-1,-49,0.39361315965652466,shanten_loss,7923.0
white,white,True,1,1,17,17,0,0,0.9675694108009338,exact_match,7924.0
1p,1p,True,1,1,16,16,0,0,0.406110018491745,exact_match,7925.0
1p,1p,True,4,4,38,38,0,0,0.7978656888008118,exact_match,7926.0
west,west,True,4,4,44,44,0,0,0.31747159361839294,exact_match,7927.0
9s,9s,True,2,2,16,16,0,0,0.8068220615386963,exact_match,7928.0
green,green,True,2,2,30,30,0,0,0.9123786091804504,exact_match,7929.0
east,east,True,2,2,29,29,0,0,0.9472764730453491,exact_match,7930.0
3s,3s,True,2,2,29,29,0,0,0.9162245988845825,exact_match,7931.0
1m,6m,False,2,2,11,26,0,-15,0.6836639642715454,better_ukeire,7932.0
1m,1m,True,2,2,18,18,0,0,0.5425999164581299,exact_match,7933.0
4p,6m,False,1,1,9,9,0,0,0.4750521183013916,equivalent,7934.0
green,green,True,3,3,67,67,0,0,0.4857627749443054,exact_match,7935.0
1p,1m,False,2,2,20,19,0,1,0.5372158885002136,near_equivalent,7936.0
1m,1m,True,2,2,35,35,0,0,0.9482058882713318,exact_match,7937.0
9s,5m,False,1,1,8,8,0,0,0.4561035931110382,equivalent,7938.0
8s,8s,True,1,1,8,8,0,0,0.4762548506259918,exact_match,7939.0
8p,8p,True,1,1,12,12,0,0,0.75791996717453,exact_match,7940.0
1p,1p,True,1,1,10,10,0,0,0.9781544804573059,exact_match,7941.0
3s,3s,True,1,1,12,12,0,0,0.6105844378471375,exact_match,7942.0
north,north,True,4,4,74,74,0,0,0.772713840007782,exact_match,7943.0
1p,green,False,3,3,23,23,0,0,0.6035322546958923,equivalent,7944.0
9p,9p,True,3,3,25,25,0,0,0.46844151616096497,exact_match,7945.0
green,green,True,3,3,28,28,0,0,0.7297110557556152,exact_match,7946.0
8s,6s,False,3,3,28,28,0,0,0.21532121300697327,equivalent,7947.0
6s,6s,True,3,3,50,50,0,0,0.5632597804069519,exact_match,7948.0
1m,6m,False,2,2,19,19,0,0,0.3213363587856293,equivalent,7949.0
3m,3m,True,1,1,17,17,0,0,0.5669739246368408,exact_match,7950.0
6m,6m,True,0,0,6,6,0,0,0.5589571595191956,exact_match,7951.0
9p,9p,True,3,3,64,64,0,0,0.5391235947608948,exact_match,7952.0
green,green,True,3,3,67,67,0,0,0.5911911129951477,exact_match,7953.0
9s,9s,True,4,4,75,75,0,0,0.4280897080898285,exact_match,7954.0
red,red,True,2,2,45,45,0,0,0.9252467155456543,exact_match,7955.0
east,1p,False,3,4,31,73,-1,-42,0.5418620109558105,shanten_loss,7956.0
7s,7s,True,2,2,61,61,0,0,0.6346456408500671,exact_match,7957.0
north,8s,False,3,3,34,30,0,4,0.40894585847854614,ukeire_loss,7958.0
1m,6p,False,1,1,11,15,0,-4,0.3461918532848358,better_ukeire,7959.0
2m,2m,True,3,3,34,34,0,0,0.7334163188934326,exact_match,7960.0
6p,3m,False,1,1,15,11,0,4,0.5535018444061279,ukeire_loss,7961.0
1p,1p,True,3,3,55,55,0,0,0.40371882915496826,exact_match,7962.0
white,white,True,1,1,15,15,0,0,0.851394534111023,exact_match,7963.0
4p,8s,False,2,2,25,22,0,3,0.45190590620040894,ukeire_loss,7964.0
2p,2p,True,1,1,15,15,0,0,0.8300982713699341,exact_match,7965.0
2m,2m,True,2,2,24,24,0,0,0.9060444235801697,exact_match,7966.0
south,south,True,1,1,14,14,0,0,0.7415348887443542,exact_match,7967.0
6s,9m,False,2,2,15,24,0,-9,0.9179282188415527,better_ukeire,7968.0
3m,3m,True,0,0,4,4,0,0,0.791524350643158,exact_match,7969.0
6s,north,False,3,2,38,13,1,25,0.5073847770690918,better_shanten,7970.0
1m,1m,True,0,0,4,4,0,0,0.9624881744384766,exact_match,7971.0
5p,9m,False,3,2,23,18,1,5,0.5529922842979431,better_shanten,7972.0
8m,7m,False,0,0,7,4,0,3,0.6184205412864685,ukeire_loss,7973.0
7p,7p,True,3,3,17,17,0,0,0.4974703788757324,exact_match,7974.0
7p,7p,True,0,0,7,7,0,0,0.9808714985847473,exact_match,7975.0
north,9m,False,4,3,45,35,1,10,0.5677502155303955,better_shanten,7976.0
8s,8s,True,0,0,7,7,0,0,0.8679463863372803,exact_match,7977.0
8s,8s,True,3,3,17,17,0,0,0.575444757938385,exact_match,7978.0
white,white,True,0,0,7,7,0,0,0.9894736409187317,exact_match,7979.0
8s,8s,True,3,3,17,17,0,0,0.5363262295722961,exact_match,7980.0
1s,1s,True,0,0,7,7,0,0,0.9383684992790222,exact_match,7981.0
8m,north,False,3,3,11,30,0,-19,0.5159109830856323,better_ukeire,7982.0
8s,8s,True,0,0,7,7,0,0,0.9912286996841431,exact_match,7983.0
east,east,True,3,3,10,10,0,0,0.4017304480075836,exact_match,7984.0
9p,9p,True,0,0,7,7,0,0,0.9638227224349976,exact_match,7985.0
west,west,True,4,4,70,70,0,0,0.7883289456367493,exact_match,7986.0
9p,9p,True,4,4,65,65,0,0,0.7421687245368958,exact_match,7987.0
white,white,True,3,3,54,54,0,0,0.36197179555892944,exact_match,7988.0
east,2m,False,3,3,66,52,0,14,0.4654528498649597,ukeire_loss,7989.0
red,2m,False,2,2,50,39,0,11,0.5297439098358154,ukeire_loss,7990.0
2s,2m,False,1,1,33,27,0,6,0.8019188046455383,ukeire_loss,7991.0
1p,2m,False,1,1,30,33,0,-3,0.787290096282959,better_ukeire,7992.0
9s,south,False,5,5,82,91,0,-9,0.38635799288749695,better_ukeire,7993.0
north,west,False,3,3,57,57,0,0,0.6521400809288025,equivalent,7994.0
9p,south,False,4,4,62,72,0,-10,0.694373607635498,better_ukeire,7995.0
9p,9p,True,3,3,57,57,0,0,0.8660745024681091,exact_match,7996.0
south,south,True,3,3,36,36,0,0,0.5156294107437134,exact_match,7997.0
west,west,True,3,3,59,59,0,0,0.8427375555038452,exact_match,7998.0
9m,white,False,3,3,37,39,0,-2,0.5120487809181213,near_equivalent,7999.0
8p,8p,True,3,3,58,58,0,0,0.990301787853241,exact_match,8000.0
9s,9s,True,3,3,37,37,0,0,0.7347815036773682,exact_match,8001.0
8s,8s,True,2,2,36,36,0,0,0.5890108942985535,exact_match,8002.0
9p,9p,True,3,3,37,37,0,0,0.8409633636474609,exact_match,8003.0
6s,west,False,2,2,33,34,0,-1,0.8085591793060303,near_equivalent,8004.0
2s,7p,False,3,3,34,35,0,-1,0.61696457862854,near_equivalent,8005.0
west,north,False,2,2,32,32,0,0,0.7551025748252869,equivalent,8006.0
1m,white,False,2,2,14,14,0,0,0.31052082777023315,equivalent,8007.0
2m,north,False,2,2,30,34,0,-4,0.6628612875938416,better_ukeire,8008.0
9s,9s,True,2,2,14,14,0,0,0.7225709557533264,exact_match,8009.0
8m,north,False,1,1,9,9,0,0,0.6889405846595764,equivalent,8010.0
red,white,False,2,2,17,17,0,0,0.2579769492149353,equivalent,8011.0
north,north,True,0,0,3,3,0,0,0.933509111404419,exact_match,8012.0
north,north,True,2,2,15,15,0,0,0.6876968741416931,exact_match,8013.0
east,east,True,3,3,80,80,0,0,0.7219785451889038,exact_match,8014.0
east,east,True,3,3,78,78,0,0,0.800797164440155,exact_match,8015.0
1m,1m,True,2,2,14,14,0,0,0.5027943253517151,exact_match,8016.0
9p,2p,False,3,2,66,17,1,49,0.40033581852912903,better_shanten,8017.0
2s,2s,True,2,2,17,17,0,0,0.4992760121822357,exact_match,8018.0
7s,7s,True,1,1,13,13,0,0,0.9512096047401428,exact_match,8019.0
8p,1m,False,1,1,12,12,0,0,0.9251125454902649,equivalent,8020.0
white,white,True,1,1,11,11,0,0,0.581038773059845,exact_match,8021.0
6m,6m,True,1,1,11,11,0,0,0.5849108695983887,exact_match,8022.0
2s,2s,True,1,1,11,11,0,0,0.8326799869537354,exact_match,8023.0
9m,9m,True,1,1,11,11,0,0,0.7425123453140259,exact_match,8024.0
1s,1s,True,1,1,10,10,0,0,0.6543424725532532,exact_match,8025.0
1m,9m,False,1,1,10,10,0,0,0.8946298956871033,equivalent,8026.0
9m,9m,True,1,1,10,10,0,0,0.9420716166496277,exact_match,8027.0
9m,green,False,1,1,10,10,0,0,0.5515333414077759,equivalent,8028.0
green,green,True,1,1,13,13,0,0,0.7909957766532898,exact_match,8029.0
3m,4m,False,0,0,5,4,0,1,0.6315891146659851,near_equivalent,8030.0
2p,west,False,3,3,41,50,0,-9,0.39661669731140137,better_ukeire,8031.0
8m,north,False,3,3,37,41,0,-4,0.34081315994262695,better_ukeire,8032.0
north,west,False,2,2,25,26,0,-1,0.4440869092941284,near_equivalent,8033.0
1p,1p,True,2,2,23,23,0,0,0.7725411653518677,exact_match,8034.0
9p,9p,True,2,2,22,22,0,0,0.6995683908462524,exact_match,8035.0
9m,9m,True,2,2,22,22,0,0,0.6348077058792114,exact_match,8036.0
west,west,True,1,1,7,7,0,0,0.36684685945510864,exact_match,8037.0
south,south,True,1,1,7,7,0,0,0.4964791536331177,exact_match,8038.0
east,east,True,1,1,7,7,0,0,0.42354175448417664,exact_match,8039.0
3m,white,False,1,1,9,9,0,0,0.6590781211853027,equivalent,8040.0
3p,white,False,1,1,9,9,0,0,0.6815988421440125,equivalent,8041.0
white,white,True,0,0,4,4,0,0,0.9755527973175049,exact_match,8042.0
3p,3p,True,0,0,4,4,0,0,0.9843138456344604,exact_match,8043.0
3m,3m,True,0,0,4,4,0,0,0.9860563278198242,exact_match,8044.0
1m,1m,True,0,0,4,4,0,0,0.9748321175575256,exact_match,8045.0
east,east,True,3,3,33,33,0,0,0.33917859196662903,exact_match,8046.0
9p,north,False,2,2,19,19,0,0,0.5532428026199341,equivalent,8047.0
north,north,True,1,1,11,11,0,0,0.8574275970458984,exact_match,8048.0
1m,1m,True,1,1,11,11,0,0,0.9619500041007996,exact_match,8049.0
west,west,True,1,1,11,11,0,0,0.8690149188041687,exact_match,8050.0
1p,2p,False,1,1,14,14,0,0,0.5586903095245361,equivalent,8051.0
2p,8p,False,1,1,14,14,0,0,0.5787182450294495,equivalent,8052.0
3p,3p,True,1,1,13,13,0,0,0.8731236457824707,exact_match,8053.0
4p,4p,True,1,1,13,13,0,0,0.828737199306488,exact_match,8054.0
7p,7p,True,1,1,13,13,0,0,0.6585060954093933,exact_match,8055.0
6s,6s,True,1,1,13,13,0,0,0.6373615264892578,exact_match,8056.0
5s,5s,True,1,1,13,13,0,0,0.6181751489639282,exact_match,8057.0
1p,1p,True,1,1,13,13,0,0,0.9424091577529907,exact_match,8058.0
8p,8p,True,0,0,5,5,0,0,0.9168300628662109,exact_match,8059.0
north,north,True,2,2,33,33,0,0,0.9944552779197693,exact_match,8060.0
east,east,True,3,3,19,19,0,0,0.8602267503738403,exact_match,8061.0
green,green,True,2,2,32,32,0,0,0.981461226940155,exact_match,8062.0
white,white,True,3,3,40,40,0,0,0.47050440311431885,exact_match,8063.0
2s,2s,True,2,2,32,32,0,0,0.8723055124282837,exact_match,8064.0
green,green,True,2,2,13,13,0,0,0.5553507804870605,exact_match,8065.0
9s,9s,True,2,2,37,37,0,0,0.5992476940155029,exact_match,8066.0
1m,2s,False,2,1,40,7,1,33,0.6693696975708008,better_shanten,8067.0
1m,1m,True,1,1,12,12,0,0,0.3505083918571472,exact_match,8068.0
1m,1m,True,2,2,50,50,0,0,0.662995457649231,exact_match,8069.0
9m,1m,False,1,1,12,11,0,1,0.5390041470527649,near_equivalent,8070.0
7s,8m,False,1,1,14,14,0,0,0.6661180257797241,equivalent,8071.0
7m,1p,False,1,1,10,10,0,0,0.8145644068717957,equivalent,8072.0
8m,north,False,1,1,13,13,0,0,0.7323973178863525,equivalent,8073.0
1s,1s,True,1,1,10,10,0,0,0.9572176933288574,exact_match,8074.0
red,red,True,1,1,12,12,0,0,0.5147132873535156,exact_match,8075.0
north,north,True,1,1,10,10,0,0,0.8655713796615601,exact_match,8076.0
1m,1m,True,1,1,10,10,0,0,0.4355055093765259,exact_match,8077.0
north,north,True,2,2,37,37,0,0,0.6406766176223755,exact_match,8078.0
1m,1m,True,2,2,37,37,0,0,0.6022323966026306,exact_match,8079.0
south,south,True,1,1,16,16,0,0,0.9454120397567749,exact_match,8080.0
1m,1m,True,4,4,68,68,0,0,0.7081440687179565,exact_match,8081.0
9p,9p,True,3,3,23,23,0,0,0.5884989500045776,exact_match,8082.0
east,west,False,3,3,43,43,0,0,0.5059418678283691,equivalent,8083.0
7m,west,False,2,2,16,16,0,0,0.5386022925376892,equivalent,8084.0
white,white,True,2,2,15,15,0,0,0.8297343850135803,exact_match,8085.0
5p,5p,True,2,2,14,14,0,0,0.5293924808502197,exact_match,8086.0
3p,9s,False,2,2,15,16,0,-1,0.4928337633609772,near_equivalent,8087.0
2p,2p,True,2,2,19,19,0,0,0.5066590309143066,exact_match,8088.0
9s,6m,False,1,1,14,10,0,4,0.6237521767616272,ukeire_loss,8089.0
6m,6m,True,1,1,16,16,0,0,0.7295964956283569,exact_match,8090.0
1p,1p,True,4,4,82,82,0,0,0.5616527795791626,exact_match,8091.0
north,north,True,4,4,76,76,0,0,0.3680367171764374,exact_match,8092.0
2s,white,False,3,3,19,20,0,-1,0.49467530846595764,near_equivalent,8093.0
green,white,False,3,3,18,19,0,-1,0.33305829763412476,near_equivalent,8094.0
1m,white,False,3,3,17,40,0,-23,0.3826441466808319,better_ukeire,8095.0
7m,white,False,3,3,39,47,0,-8,0.3739514648914337,better_ukeire,8096.0
3m,4s,False,3,3,14,35,0,-21,0.34618672728538513,better_ukeire,8097.0
9p,white,False,3,3,30,45,0,-15,0.36903050541877747,better_ukeire,8098.0
9p,9p,True,3,3,40,40,0,0,0.5765326619148254,exact_match,8099.0
6p,white,False,3,2,42,33,1,9,0.35178521275520325,better_shanten,8100.0
east,white,False,2,2,28,28,0,0,0.39885950088500977,equivalent,8101.0
6m,white,False,2,2,31,38,0,-7,0.6417094469070435,better_ukeire,8102.0
1p,south,False,3,3,24,24,0,0,0.7515829205513,equivalent,8103.0
south,south,True,3,3,26,26,0,0,0.7833413481712341,exact_match,8104.0
red,red,True,3,3,34,34,0,0,0.8441419005393982,exact_match,8105.0
1m,1m,True,3,3,31,31,0,0,0.9759849309921265,exact_match,8106.0
9s,9s,True,2,2,22,22,0,0,0.4760364592075348,exact_match,8107.0
1s,1s,True,3,3,59,59,0,0,0.37776175141334534,exact_match,8108.0
1p,1p,True,3,3,37,37,0,0,0.6553991436958313,exact_match,8109.0
9s,9s,True,3,3,55,55,0,0,0.7221103310585022,exact_match,8110.0
red,red,True,3,3,36,36,0,0,0.6589956283569336,exact_match,8111.0
north,white,False,2,2,16,16,0,0,0.6076106429100037,equivalent,8112.0
north,north,True,3,3,40,40,0,0,0.5920540690422058,exact_match,8113.0
8s,8s,True,2,2,15,15,0,0,0.8005905151367188,exact_match,8114.0
9s,9s,True,3,3,41,41,0,0,0.5950722694396973,exact_match,8115.0
white,white,True,1,1,11,11,0,0,0.8811391592025757,exact_match,8116.0
7m,3p,False,2,2,15,15,0,0,0.2970935106277466,equivalent,8117.0
red,red,True,1,1,11,11,0,0,0.9428061246871948,exact_match,8118.0
west,west,True,2,2,15,15,0,0,0.7781299948692322,exact_match,8119.0
white,white,True,2,2,15,15,0,0,0.8154011964797974,exact_match,8120.0
7s,3p,False,3,2,40,15,1,25,0.40542981028556824,better_shanten,8121.0
green,green,True,3,3,52,52,0,0,0.7869592905044556,exact_match,8122.0
5p,5p,True,3,3,54,54,0,0,0.5621984004974365,exact_match,8123.0
5p,5p,True,3,3,54,54,0,0,0.7370244264602661,exact_match,8124.0
2s,2p,False,2,2,40,39,0,1,0.44285279512405396,near_equivalent,8125.0
1s,1s,True,1,1,9,9,0,0,0.6412468552589417,exact_match,8126.0
north,north,True,1,1,8,8,0,0,0.856357991695404,exact_match,8127.0
west,west,True,1,1,8,8,0,0,0.7161682844161987,exact_match,8128.0
2p,2p,True,1,1,10,10,0,0,0.5925271511077881,exact_match,8129.0
1p,1p,True,1,1,11,11,0,0,0.6036830544471741,exact_match,8130.0
west,west,True,1,1,11,11,0,0,0.8807825446128845,exact_match,8131.0
north,north,True,5,5,32,32,0,0,0.3787330687046051,exact_match,8132.0
south,south,True,4,4,26,26,0,0,0.7630583047866821,exact_match,8133.0
red,2p,False,4,4,81,70,0,11,0.3275373876094818,ukeire_loss,8134.0
green,green,True,3,3,23,23,0,0,0.40691855549812317,exact_match,8135.0
3s,white,False,2,2,19,19,0,0,0.47438162565231323,equivalent,8136.0
8s,8s,True,2,2,18,18,0,0,0.48996812105178833,exact_match,8137.0
2m,2m,True,2,2,18,18,0,0,0.8027223944664001,exact_match,8138.0
2p,south,False,2,2,17,17,0,0,0.43956494331359863,equivalent,8139.0
white,4p,False,2,2,17,17,0,0,0.7076378464698792,equivalent,8140.0
south,south,True,1,1,9,9,0,0,0.5007832050323486,exact_match,8141.0
1p,1p,True,1,1,9,9,0,0,0.8543812036514282,exact_match,8142.0
9m,2s,False,2,1,18,9,1,9,0.7575407028198242,better_shanten,8143.0
9m,9m,True,1,1,10,10,0,0,0.8758523464202881,exact_match,8144.0
4p,2s,False,0,0,2,3,0,-1,0.507781982421875,near_equivalent,8145.0
5p,5p,True,0,0,2,2,0,0,0.880634605884552,exact_match,8146.0
1m,1m,True,0,0,2,2,0,0,0.9817216396331787,exact_match,8147.0
4m,7m,False,0,0,2,2,0,0,0.3840671479701996,equivalent,8148.0
6p,6p,True,0,0,2,2,0,0,0.9159972071647644,exact_match,8149.0
east,8m,False,2,2,19,19,0,0,0.4982239007949829,equivalent,8150.0
1s,8p,False,2,2,19,19,0,0,0.634255588054657,equivalent,8151.0
8m,8m,True,2,2,27,27,0,0,0.9644672274589539,exact_match,8152.0
1m,1m,True,2,2,25,25,0,0,0.9976034760475159,exact_match,8153.0
2s,8p,False,2,2,23,24,0,-1,0.8290033936500549,near_equivalent,8154.0
4s,west,False,2,2,21,21,0,0,0.805020809173584,equivalent,8155.0
1m,1m,True,2,2,19,19,0,0,0.8870614767074585,exact_match,8156.0
9m,9m,True,2,2,19,19,0,0,0.8394467234611511,exact_match,8157.0
8p,west,False,1,1,8,10,0,-2,0.5432426929473877,near_equivalent,8158.0
9m,west,False,3,3,58,66,0,-8,0.6517382264137268,better_ukeire,8159.0
west,west,True,2,2,39,39,0,0,0.4671260714530945,exact_match,8160.0
white,white,True,2,2,42,42,0,0,0.6029775738716125,exact_match,8161.0
9s,9s,True,2,2,42,42,0,0,0.9260497689247131,exact_match,8162.0
1m,2s,False,2,1,57,11,1,46,0.5748327374458313,better_shanten,8163.0
3m,3m,True,1,1,12,12,0,0,0.6965005397796631,exact_match,8164.0
2s,2s,True,0,0,4,4,0,0,0.8633680939674377,exact_match,8165.0
9s,9s,True,0,0,4,4,0,0,0.9883052110671997,exact_match,8166.0
east,east,True,0,0,4,4,0,0,0.9599198698997498,exact_match,8167.0
east,north,False,5,5,81,81,0,0,0.5320032835006714,equivalent,8168.0
east,east,True,3,3,41,41,0,0,0.4009249806404114,exact_match,8169.0
north,north,True,4,4,61,61,0,0,0.8076481819152832,exact_match,8170.0
west,south,False,3,3,56,56,0,0,0.4623481035232544,equivalent,8171.0
south,south,True,4,4,60,60,0,0,0.7422924637794495,exact_match,8172.0
1p,1p,True,3,3,55,55,0,0,0.8449060320854187,exact_match,8173.0
red,9m,False,3,3,56,48,0,8,0.2954906225204468,ukeire_loss,8174.0
south,south,True,3,3,68,68,0,0,0.5509213209152222,exact_match,8175.0
9m,green,False,2,2,19,18,0,1,0.38833701610565186,near_equivalent,8176.0
white,white,True,2,2,22,22,0,0,0.8552789688110352,exact_match,8177.0
green,white,False,2,2,38,39,0,-1,0.6717900037765503,near_equivalent,8178.0
9s,8s,False,1,1,15,7,0,8,0.34669095277786255,ukeire_loss,8179.0
8m,8m,True,0,0,4,4,0,0,0.9370361566543579,exact_match,8180.0
white,white,True,1,1,22,22,0,0,0.9762265086174011,exact_match,8181.0
east,east,True,0,0,4,4,0,0,0.9671719074249268,exact_match,8182.0
north,north,True,1,1,22,22,0,0,0.9867557287216187,exact_match,8183.0
8s,8s,True,0,0,4,4,0,0,0.7057393789291382,exact_match,8184.0
9m,9m,True,1,1,22,22,0,0,0.9972867965698242,exact_match,8185.0
7p,7p,True,0,0,4,4,0,0,0.9556488394737244,exact_match,8186.0
east,east,True,0,0,4,4,0,0,0.9440283179283142,exact_match,8187.0
1m,1m,True,0,0,4,4,0,0,0.9679471254348755,exact_match,8188.0
north,north,True,3,3,60,60,0,0,0.505551815032959,exact_match,8189.0
1p,1p,True,2,2,27,27,0,0,0.6863239407539368,exact_match,8190.0
1p,1p,True,3,3,59,59,0,0,0.7978135347366333,exact_match,8191.0
1p,1p,True,2,2,27,27,0,0,0.8930500745773315,exact_match,8192.0
east,south,False,3,3,59,59,0,0,0.6965847611427307,equivalent,8193.0
green,west,False,1,1,22,23,0,-1,0.6912190914154053,near_equivalent,8194.0
red,red,True,2,2,16,16,0,0,0.3425745964050293,exact_match,8195.0
west,west,True,1,1,40,40,0,0,0.715729832649231,exact_match,8196.0
9p,9p,True,2,2,16,16,0,0,0.8745120167732239,exact_match,8197.0
south,7s,False,2,2,48,37,0,11,0.44189491868019104,ukeire_loss,8198.0
9m,9m,True,3,3,52,52,0,0,0.8430931568145752,exact_match,8199.0
green,green,True,2,2,45,45,0,0,0.36972153186798096,exact_match,8200.0
white,white,True,1,1,16,16,0,0,0.6850362420082092,exact_match,8201.0
2p,2p,True,1,1,16,16,0,0,0.8235018253326416,exact_match,8202.0
2p,2p,True,1,1,16,16,0,0,0.9764319658279419,exact_match,8203.0
1m,1m,True,1,1,16,16,0,0,0.9539201855659485,exact_match,8204.0
red,red,True,1,1,15,15,0,0,0.9076880812644958,exact_match,8205.0
5m,5s,False,1,1,18,14,0,4,0.4901692867279053,ukeire_loss,8206.0
south,south,True,5,5,32,32,0,0,0.4851681590080261,exact_match,8207.0
west,1p,False,5,5,30,29,0,1,0.2763512134552002,near_equivalent,8208.0
9p,green,False,5,5,30,80,0,-50,0.2716778814792633,better_ukeire,8209.0
2m,green,False,4,4,24,24,0,0,0.3920210003852844,equivalent,8210.0
5m,green,False,3,3,19,18,0,1,0.31526240706443787,near_equivalent,8211.0
east,east,True,3,3,19,19,0,0,0.5045453310012817,exact_match,8212.0
green,green,True,3,3,20,20,0,0,0.2791038751602173,exact_match,8213.0
1p,1p,True,3,3,40,40,0,0,0.5823425054550171,exact_match,8214.0
1p,9m,False,4,4,55,60,0,-5,0.3195924758911133,better_ukeire,8215.0
8m,9m,False,4,4,53,56,0,-3,0.5311189889907837,better_ukeire,8216.0
8s,8s,True,3,3,18,18,0,0,0.5598934292793274,exact_match,8217.0
3p,3p,True,3,3,18,18,0,0,0.6918278336524963,exact_match,8218.0
east,east,True,3,3,66,66,0,0,0.8945892453193665,exact_match,8219.0
white,white,True,2,2,25,25,0,0,0.9574044346809387,exact_match,8220.0
2p,2p,True,2,2,29,29,0,0,0.8280402421951294,exact_match,8221.0
3p,3p,True,2,2,29,29,0,0,0.7545055747032166,exact_match,8222.0
west,west,True,2,2,29,29,0,0,0.9629603028297424,exact_match,8223.0
2m,2m,True,2,2,29,29,0,0,0.9856575131416321,exact_match,8224.0
west,west,True,2,2,28,28,0,0,0.9073598384857178,exact_match,8225.0
4p,8s,False,2,2,25,26,0,-1,0.5684177279472351,near_equivalent,8226.0
4p,4p,True,2,2,34,34,0,0,0.8809577822685242,exact_match,8227.0
2s,8s,False,1,1,12,9,0,3,0.265303373336792,ukeire_loss,8228.0
4s,4s,True,1,1,12,12,0,0,0.3807660937309265,exact_match,8229.0
2s,7p,False,1,1,12,12,0,0,0.5504782199859619,equivalent,8230.0
1m,1m,True,1,1,9,9,0,0,0.7099183201789856,exact_match,8231.0
1s,1s,True,1,1,9,9,0,0,0.9500581622123718,exact_match,8232.0
7p,7p,True,0,0,6,6,0,0,0.9054444432258606,exact_match,8233.0
3p,3p,True,3,3,42,42,0,0,0.5498456954956055,exact_match,8234.0
3s,6s,False,3,3,46,46,0,0,0.2331254780292511,equivalent,8235.0
1s,1s,True,3,3,46,46,0,0,0.5419472455978394,exact_match,8236.0
6s,red,False,3,3,38,46,0,-8,0.49351823329925537,better_ukeire,8237.0
5s,5s,True,2,2,16,16,0,0,0.7855640649795532,exact_match,8238.0
2s,2s,True,2,2,16,16,0,0,0.9255776405334473,exact_match,8239.0
4p,4p,True,2,2,16,16,0,0,0.9170423150062561,exact_match,8240.0
red,red,True,1,1,12,12,0,0,0.4842749536037445,exact_match,8241.0
2m,2m,True,1,1,14,14,0,0,0.7744321227073669,exact_match,8242.0
6p,6p,True,1,1,14,14,0,0,0.9348536133766174,exact_match,8243.0
4m,4m,True,0,0,3,3,0,0,0.6282168030738831,exact_match,8244.0
4s,4s,True,0,0,3,3,0,0,0.9814675450325012,exact_match,8245.0
8p,8p,True,0,0,3,3,0,0,0.9872166514396667,exact_match,8246.0
3m,3m,True,0,0,3,3,0,0,0.9557614326477051,exact_match,8247.0
9s,9s,True,0,0,3,3,0,0,0.9919939041137695,exact_match,8248.0
3m,3m,True,0,0,3,3,0,0,0.994544267654419,exact_match,8249.0
north,north,True,3,3,72,72,0,0,0.942866861820221,exact_match,8250.0
9s,9s,True,2,2,54,54,0,0,0.7269259095191956,exact_match,8251.0
2p,2p,True,1,1,28,28,0,0,0.535609245300293,exact_match,8252.0
2s,2s,True,1,1,28,28,0,0,0.5332395434379578,exact_match,8253.0
north,north,True,3,3,58,58,0,0,0.8282496929168701,exact_match,8254.0
white,white,True,3,3,60,60,0,0,0.9743571281433105,exact_match,8255.0
9s,9m,False,2,2,15,15,0,0,0.4277127981185913,equivalent,8256.0
9m,9m,True,2,2,22,22,0,0,0.7469865083694458,exact_match,8257.0
9m,9m,True,2,2,22,22,0,0,0.8707141280174255,exact_match,8258.0
4p,2p,False,1,1,13,13,0,0,0.29132744669914246,equivalent,8259.0
2p,west,False,1,1,13,13,0,0,0.7076126337051392,equivalent,8260.0
8p,8p,True,1,1,13,13,0,0,0.9229064583778381,exact_match,8261.0
red,red,True,1,1,13,13,0,0,0.6478378772735596,exact_match,8262.0
west,west,True,1,1,17,17,0,0,0.6998029351234436,exact_match,8263.0
6m,6m,True,1,1,17,17,0,0,0.5287632346153259,exact_match,8264.0
1s,1s,True,0,0,6,6,0,0,0.549485445022583,exact_match,8265.0
5p,5p,True,0,0,6,6,0,0,0.9846351742744446,exact_match,8266.0
red,red,True,0,0,6,6,0,0,0.9960663914680481,exact_match,8267.0
9p,9p,True,0,0,6,6,0,0,0.998155415058136,exact_match,8268.0
3s,3s,True,0,0,6,6,0,0,0.6007524728775024,exact_match,8269.0
1m,east,False,3,3,71,80,0,-9,0.7854071855545044,better_ukeire,8270.0
east,east,True,2,2,52,52,0,0,0.8641902208328247,exact_match,8271.0
1m,1m,True,2,2,52,52,0,0,0.8988991975784302,exact_match,8272.0
red,red,True,2,2,52,52,0,0,0.5066729187965393,exact_match,8273.0
white,white,True,1,1,15,15,0,0,0.8165962100028992,exact_match,8274.0
7m,7m,True,1,1,15,15,0,0,0.44491109251976013,exact_match,8275.0
west,west,True,1,1,14,14,0,0,0.9047577381134033,exact_match,8276.0
8p,1p,False,1,1,14,14,0,0,0.4487687349319458,equivalent,8277.0
9p,9p,True,1,1,14,14,0,0,0.8663495779037476,exact_match,8278.0
north,north,True,1,1,13,13,0,0,0.8962377905845642,exact_match,8279.0
1s,6p,False,1,1,13,12,0,1,0.3685334026813507,near_equivalent,8280.0
1p,1p,True,1,1,13,13,0,0,0.7887830138206482,exact_match,8281.0
1s,1s,True,4,4,87,87,0,0,0.428262859582901,exact_match,8282.0
1p,1p,True,3,3,64,64,0,0,0.793727695941925,exact_match,8283.0
9s,east,False,3,3,63,74,0,-11,0.7046584486961365,better_ukeire,8284.0
1s,1s,True,3,3,62,62,0,0,0.9383668899536133,exact_match,8285.0
4m,east,False,2,2,16,19,0,-3,0.5898289680480957,better_ukeire,8286.0
4s,east,False,2,2,20,22,0,-2,0.738441526889801,near_equivalent,8287.0
5s,2s,False,2,2,20,20,0,0,0.5585587620735168,equivalent,8288.0
2s,north,False,2,2,20,20,0,0,0.6245154738426208,equivalent,8289.0
east,north,False,1,1,12,12,0,0,0.44603031873703003,equivalent,8290.0
north,north,True,0,0,4,4,0,0,0.9746447205543518,exact_match,8291.0
3p,3p,True,0,0,4,4,0,0,0.9523441195487976,exact_match,8292.0
west,west,True,2,2,19,19,0,0,0.9588291049003601,exact_match,8293.0
2m,2m,True,1,1,11,11,0,0,0.578048825263977,exact_match,8294.0
2s,east,False,1,1,11,11,0,0,0.5659663081169128,equivalent,8295.0
6m,east,False,1,1,11,11,0,0,0.5896313190460205,equivalent,8296.0
east,east,True,1,1,20,20,0,0,0.8667197823524475,exact_match,8297.0
9s,9p,False,4,4,74,78,0,-4,0.39479199051856995,better_ukeire,8298.0
9p,9p,True,4,4,80,80,0,0,0.5514381527900696,exact_match,8299.0
green,east,False,3,3,70,71,0,-1,0.6303406357765198,near_equivalent,8300.0
3p,east,False,3,3,66,83,0,-17,0.6074099540710449,better_ukeire,8301.0
2p,2p,True,3,3,65,65,0,0,0.7089411020278931,exact_match,8302.0
5p,2m,False,3,3,65,64,0,1,0.5234956741333008,near_equivalent,8303.0
2m,2m,True,2,2,39,39,0,0,0.5076220035552979,exact_match,8304.0
east,7m,False,1,1,31,17,0,14,0.5498219132423401,ukeire_loss,8305.0
2s,2s,True,1,1,31,31,0,0,0.5420659780502319,exact_match,8306.0
white,white,True,1,1,30,30,0,0,0.7896155714988708,exact_match,8307.0
7m,north,False,1,1,16,29,0,-13,0.5377347469329834,better_ukeire,8308.0
9m,9m,True,3,3,70,70,0,0,0.5974353551864624,exact_match,8309.0
east,west,False,3,3,57,58,0,-1,0.41974738240242004,near_equivalent,8310.0
1s,1s,True,2,2,46,46,0,0,0.9836390018463135,exact_match,8311.0
west,west,True,2,2,23,23,0,0,0.5175803899765015,exact_match,8312.0
1p,9p,False,1,1,17,17,0,0,0.551690936088562,equivalent,8313.0
3p,9p,False,0,1,4,27,-1,-23,0.678454577922821,shanten_loss,8314.0
9p,red,False,2,2,39,47,0,-8,0.5619350671768188,better_ukeire,8315.0
6m,5m,False,1,0,26,4,1,22,0.5809253454208374,better_shanten,8316.0
red,red,True,2,2,60,60,0,0,0.6172446012496948,exact_match,8317.0
7p,7p,True,0,0,8,8,0,0,0.7160183191299438,exact_match,8318.0
1p,west,False,3,3,21,21,0,0,0.42592257261276245,equivalent,8319.0
east,east,True,4,4,77,77,0,0,0.4670662581920624,exact_match,8320.0
east,east,True,3,3,41,41,0,0,0.5113805532455444,exact_match,8321.0
west,south,False,3,3,63,63,0,0,0.6184431314468384,equivalent,8322.0
south,west,False,3,3,47,48,0,-1,0.44667479395866394,near_equivalent,8323.0
5m,south,False,2,2,22,22,0,0,0.686543345451355,equivalent,8324.0
2p,2p,True,3,3,45,45,0,0,0.4748881161212921,exact_match,8325.0
south,south,True,2,2,28,28,0,0,0.6742948293685913,exact_match,8326.0
north,9p,False,2,3,6,51,-1,-45,0.4640869200229645,shanten_loss,8327.0
3s,3s,True,1,1,11,11,0,0,0.22020772099494934,exact_match,8328.0
west,9p,False,2,2,47,39,0,8,0.539675772190094,ukeire_loss,8329.0
8s,9p,False,1,1,14,10,0,4,0.3116060197353363,ukeire_loss,8330.0
9p,9p,True,1,1,5,5,0,0,0.6061099171638489,exact_match,8331.0
white,white,True,1,1,14,14,0,0,0.9422107934951782,exact_match,8332.0
2s,2s,True,1,1,5,5,0,0,0.8127173781394958,exact_match,8333.0
7p,4p,False,1,1,12,13,0,-1,0.8191962242126465,near_equivalent,8334.0
6p,6p,True,1,1,11,11,0,0,0.5639621615409851,exact_match,8335.0
9p,9p,True,1,1,11,11,0,0,0.48877865076065063,exact_match,8336.0
red,red,True,1,1,11,11,0,0,0.7582374811172485,exact_match,8337.0
green,green,True,1,1,10,10,0,0,0.7869682908058167,exact_match,8338.0
5m,2p,False,2,1,42,11,1,31,0.7188658714294434,better_shanten,8339.0
6m,9m,False,1,1,10,10,0,0,0.5365011692047119,equivalent,8340.0
2p,2p,True,1,1,26,26,0,0,0.33746862411499023,exact_match,8341.0
6m,9m,False,1,1,20,20,0,0,0.30535706877708435,equivalent,8342.0
2p,5s,False,1,1,16,20,0,-4,0.45124807953834534,better_ukeire,8343.0
north,north,True,4,4,87,87,0,0,0.8904709815979004,exact_match,8344.0
8p,green,False,3,3,43,43,0,0,0.8886122703552246,equivalent,8345.0
north,north,True,3,3,34,34,0,0,0.6814279556274414,exact_match,8346.0
west,2s,False,2,2,12,12,0,0,0.4121186435222626,equivalent,8347.0
5p,green,False,3,3,47,47,0,0,0.8972761034965515,equivalent,8348.0
2s,2s,True,1,1,7,7,0,0,0.6399375796318054,exact_match,8349.0
1s,green,False,2,2,22,24,0,-2,0.8281204700469971,near_equivalent,8350.0
7p,7p,True,1,1,7,7,0,0,0.7503658533096313,exact_match,8351.0
green,green,True,2,2,24,24,0,0,0.4666633605957031,exact_match,8352.0
3p,3p,True,1,1,11,11,0,0,0.4280880093574524,exact_match,8353.0
1p,1p,True,2,2,23,23,0,0,0.9288879632949829,exact_match,8354.0
4m,1p,False,1,1,11,11,0,0,0.6665228009223938,equivalent,8355.0
5p,5p,True,2,2,22,22,0,0,0.799990177154541,exact_match,8356.0
1p,1p,True,1,1,11,11,0,0,0.5660561323165894,exact_match,8357.0
green,green,True,0,0,7,7,0,0,0.9584740400314331,exact_match,8358.0
2m,1s,False,1,1,10,10,0,0,0.6217934489250183,equivalent,8359.0
white,white,True,0,0,7,7,0,0,0.9641333222389221,exact_match,8360.0
green,green,True,1,1,10,10,0,0,0.8654634356498718,exact_match,8361.0
6s,6s,True,0,0,7,7,0,0,0.9657138586044312,exact_match,8362.0
1s,1s,True,0,0,3,3,0,0,0.8602445721626282,exact_match,8363.0
2p,2p,True,0,0,7,7,0,0,0.9447246789932251,exact_match,8364.0
6s,6s,True,0,0,3,3,0,0,0.8677014708518982,exact_match,8365.0
green,green,True,0,0,7,7,0,0,0.9804172515869141,exact_match,8366.0
red,red,True,0,0,3,3,0,0,0.9707220196723938,exact_match,8367.0
north,north,True,4,4,26,26,0,0,0.5148404240608215,exact_match,8368.0
east,east,True,4,4,87,87,0,0,0.5278531908988953,exact_match,8369.0
2s,9p,False,3,3,30,30,0,0,0.5130271315574646,equivalent,8370.0
8m,red,False,3,3,28,36,0,-8,0.8851357102394104,better_ukeire,8371.0
4m,red,False,2,2,16,19,0,-3,0.8323471546173096,better_ukeire,8372.0
4m,4m,True,2,2,16,16,0,0,0.7145401239395142,exact_match,8373.0
2m,2m,True,2,2,16,16,0,0,0.3905469477176666,exact_match,8374.0
north,red,False,2,2,34,35,0,-1,0.6945486068725586,near_equivalent,8375.0
2s,2s,True,2,2,32,32,0,0,0.5528801083564758,exact_match,8376.0
1m,1m,True,2,2,32,32,0,0,0.7365279197692871,exact_match,8377.0
9p,red,False,1,1,10,10,0,0,0.6993601322174072,equivalent,8378.0
2s,2s,True,1,1,10,10,0,0,0.6690266132354736,exact_match,8379.0
east,red,False,1,1,10,10,0,0,0.504814624786377,equivalent,8380.0
red,red,True,1,1,10,10,0,0,0.8672318458557129,exact_match,8381.0
7p,9m,False,1,2,10,11,-1,-1,0.4292929470539093,shanten_loss,8382.0
1s,1s,True,3,3,68,68,0,0,0.4522748589515686,exact_match,8383.0
red,red,True,2,2,61,61,0,0,0.8231949210166931,exact_match,8384.0
2p,2p,True,1,1,16,16,0,0,0.9528152942657471,exact_match,8385.0
green,green,True,1,1,16,16,0,0,0.9767639636993408,exact_match,8386.0
2m,2m,True,1,1,16,16,0,0,0.9531967639923096,exact_match,8387.0
9p,9p,True,1,1,16,16,0,0,0.9851560592651367,exact_match,8388.0
2p,2p,True,1,1,16,16,0,0,0.9846227765083313,exact_match,8389.0
9s,9s,True,0,0,8,8,0,0,0.8830810189247131,exact_match,8390.0
south,south,True,0,0,7,7,0,0,0.963106095790863,exact_match,8391.0
3m,3m,True,0,0,6,6,0,0,0.9016227722167969,exact_match,8392.0
4p,4p,True,0,0,6,6,0,0,0.9865024089813232,exact_match,8393.0
4m,west,False,3,3,35,36,0,-1,0.66917484998703,near_equivalent,8394.0
west,west,True,2,2,12,12,0,0,0.5124103426933289,exact_match,8395.0
north,north,True,2,2,12,12,0,0,0.48867347836494446,exact_match,8396.0
south,south,True,2,2,11,11,0,0,0.7102118730545044,exact_match,8397.0
east,east,True,2,2,11,11,0,0,0.5751407146453857,exact_match,8398.0
3s,3s,True,2,2,49,49,0,0,0.6644795536994934,exact_match,8399.0
2m,2m,True,2,2,48,48,0,0,0.9188985228538513,exact_match,8400.0
8p,8p,True,1,1,8,8,0,0,0.2737318277359009,exact_match,8401.0
7p,7p,True,1,1,7,7,0,0,0.5990181565284729,exact_match,8402.0
9m,9m,True,1,1,12,12,0,0,0.8242664933204651,exact_match,8403.0
green,green,True,1,1,12,12,0,0,0.8534149527549744,exact_match,8404.0
6m,6m,True,1,1,12,12,0,0,0.9074689149856567,exact_match,8405.0
7s,8m,False,2,1,35,12,1,23,0.6582388281822205,better_shanten,8406.0
1s,9s,False,2,2,34,34,0,0,0.5005370378494263,equivalent,8407.0
8m,9s,False,2,2,35,36,0,-1,0.5953249335289001,near_equivalent,8408.0
9s,9s,True,1,1,23,23,0,0,0.9377492666244507,exact_match,8409.0
5s,5s,True,0,0,3,3,0,0,0.5814605355262756,exact_match,8410.0
north,north,True,0,0,3,3,0,0,0.7511821985244751,exact_match,8411.0
8s,8s,True,3,3,43,43,0,0,0.639803946018219,exact_match,8412.0
7p,7p,True,2,2,20,20,0,0,0.4377974569797516,exact_match,8413.0
4s,4s,True,1,1,12,12,0,0,0.871274471282959,exact_match,8414.0
6m,6m,True,0,0,4,4,0,0,0.9804121255874634,exact_match,8415.0
5m,2m,False,0,0,4,4,0,0,0.5513796806335449,equivalent,8416.0
1m,1m,True,2,2,13,13,0,0,0.671044647693634,exact_match,8417.0
west,west,True,2,2,13,13,0,0,0.6764999628067017,exact_match,8418.0
9p,white,False,3,2,69,30,1,39,0.9407903552055359,better_shanten,8419.0
9p,9p,True,2,2,48,48,0,0,0.6825824975967407,exact_match,8420.0
white,white,True,1,1,14,14,0,0,0.9238160252571106,exact_match,8421.0
9s,9s,True,1,1,14,14,0,0,0.8965431451797485,exact_match,8422.0
6m,6m,True,0,0,4,4,0,0,0.8491687774658203,exact_match,8423.0
5s,5s,True,0,0,4,4,0,0,0.9758928418159485,exact_match,8424.0
2s,2s,True,0,0,4,4,0,0,0.9548524618148804,exact_match,8425.0
white,green,False,3,3,31,31,0,0,0.5627450942993164,equivalent,8426.0
red,9p,False,2,2,28,28,0,0,0.8255734443664551,equivalent,8427.0
green,1p,False,3,3,34,34,0,0,0.5563162565231323,equivalent,8428.0
1p,1p,True,3,3,37,37,0,0,0.9036455750465393,exact_match,8429.0
north,9p,False,2,2,24,23,0,1,0.43176329135894775,near_equivalent,8430.0
7p,3p,False,3,3,37,37,0,0,0.617854654788971,equivalent,8431.0
1p,1p,True,2,2,23,23,0,0,0.6419901251792908,exact_match,8432.0
3p,3p,True,2,2,25,25,0,0,0.641538679599762,exact_match,8433.0
1s,1s,True,2,2,22,22,0,0,0.7362426519393921,exact_match,8434.0
9p,9p,True,1,1,13,13,0,0,0.6014326214790344,exact_match,8435.0
9p,9p,True,1,1,10,10,0,0,0.6851660013198853,exact_match,8436.0
7p,4p,False,1,1,12,12,0,0,0.6826963424682617,equivalent,8437.0
green,green,True,1,1,19,19,0,0,0.8639964461326599,exact_match,8438.0
4p,east,False,1,1,12,12,0,0,0.809872567653656,equivalent,8439.0
1s,1s,True,1,1,18,18,0,0,0.9705203175544739,exact_match,8440.0
east,east,True,1,1,14,14,0,0,0.7930361032485962,exact_match,8441.0
9s,9s,True,1,1,14,14,0,0,0.9322561025619507,exact_match,8442.0
red,red,True,3,3,57,57,0,0,0.9827850461006165,exact_match,8443.0
9m,9m,True,3,3,62,62,0,0,0.6331980228424072,exact_match,8444.0
7m,8s,False,2,3,20,61,-1,-41,0.30257710814476013,shanten_loss,8445.0
8p,8p,True,2,2,42,42,0,0,0.20641572773456573,exact_match,8446.0
9m,9m,True,2,2,41,41,0,0,0.9882534742355347,exact_match,8447.0
5m,5m,True,2,2,39,39,0,0,0.8999048471450806,exact_match,8448.0
7m,7m,True,2,2,38,38,0,0,0.9273960590362549,exact_match,8449.0
6p,6p,True,1,1,12,12,0,0,0.5202351808547974,exact_match,8450.0
6m,6m,True,1,1,10,10,0,0,0.5569613575935364,exact_match,8451.0
4p,4p,True,1,1,12,12,0,0,0.5044712424278259,exact_match,8452.0
8m,green,False,1,1,11,12,0,-1,0.8534109592437744,near_equivalent,8453.0
west,green,False,1,1,9,9,0,0,0.6288679838180542,equivalent,8454.0
green,green,True,1,1,20,20,0,0,0.8607686758041382,exact_match,8455.0
east,east,True,2,2,51,51,0,0,0.9207956790924072,exact_match,8456.0
green,green,True,2,2,74,74,0,0,0.9250746965408325,exact_match,8457.0
9s,9s,True,2,2,71,71,0,0,0.8730301260948181,exact_match,8458.0
8m,8m,True,2,2,67,67,0,0,0.5142036080360413,exact_match,8459.0
7p,3m,False,1,1,10,10,0,0,0.6270728707313538,equivalent,8460.0
9s,north,False,4,4,79,79,0,0,0.7229657173156738,equivalent,8461.0
south,south,True,2,2,20,20,0,0,0.7865046858787537,exact_match,8462.0
north,north,True,3,3,32,32,0,0,0.7858473658561707,exact_match,8463.0
white,white,True,1,1,11,11,0,0,0.9578917026519775,exact_match,8464.0
white,white,True,2,2,23,23,0,0,0.9315319061279297,exact_match,8465.0
7m,9s,False,1,1,11,11,0,0,0.909629225730896,equivalent,8466.0
2s,4m,False,1,1,8,16,0,-8,0.9173722863197327,better_ukeire,8467.0
9s,9s,True,1,1,14,14,0,0,0.475592702627182,exact_match,8468.0
4m,4m,True,1,1,8,8,0,0,0.8154403567314148,exact_match,8469.0
1s,1s,True,1,1,14,14,0,0,0.9502094984054565,exact_match,8470.0
8s,7p,False,1,1,8,8,0,0,0.5648276805877686,equivalent,8471.0
6s,6s,True,0,0,4,4,0,0,0.6459391713142395,exact_match,8472.0
6s,8p,False,1,1,13,7,0,6,0.41631820797920227,ukeire_loss,8473.0
8m,8m,True,0,0,4,4,0,0,0.9422783851623535,exact_match,8474.0
8s,8s,True,0,0,3,3,0,0,0.9803497791290283,exact_match,8475.0
east,4p,False,1,0,19,3,1,16,0.9689683318138123,better_shanten,8476.0
1p,1p,True,3,3,38,38,0,0,0.5203748345375061,exact_match,8477.0
red,south,False,2,2,25,27,0,-2,0.7851207256317139,near_equivalent,8478.0
south,south,True,2,2,42,42,0,0,0.7117237448692322,exact_match,8479.0
9m,9m,True,1,1,27,27,0,0,0.49561506509780884,exact_match,8480.0
4s,4s,True,1,1,26,26,0,0,0.9651820659637451,exact_match,8481.0
9p,9p,True,0,0,6,6,0,0,0.9931747317314148,exact_match,8482.0
white,white,True,0,0,6,6,0,0,0.9918354749679565,exact_match,8483.0
1m,1m,True,0,0,6,6,0,0,0.9968793392181396,exact_match,8484.0
4m,4m,True,0,0,6,6,0,0,0.9943768382072449,exact_match,8485.0
west,west,True,3,3,27,27,0,0,0.9537895917892456,exact_match,8486.0
east,east,True,3,3,50,50,0,0,0.4940449893474579,exact_match,8487.0
1s,1m,False,3,3,48,46,0,2,0.4552607536315918,near_equivalent,8488.0
west,west,True,3,3,67,67,0,0,0.5765062570571899,exact_match,8489.0
west,west,True,5,5,87,87,0,0,0.7806670665740967,exact_match,8490.0
north,north,True,2,2,60,60,0,0,0.9192308187484741,exact_match,8491.0
south,south,True,4,4,73,73,0,0,0.6975512504577637,exact_match,8492.0
8m,8m,True,1,1,37,37,0,0,0.7004972696304321,exact_match,8493.0
white,red,False,4,4,80,81,0,-1,0.4451737403869629,near_equivalent,8494.0
white,white,True,4,4,80,80,0,0,0.7505826950073242,exact_match,8495.0
7m,3m,False,1,1,36,35,0,1,0.48293977975845337,near_equivalent,8496.0
7m,red,False,3,3,16,16,0,0,0.565000057220459,equivalent,8497.0
5m,6s,False,1,0,35,4,1,31,0.7997608184814453,better_shanten,8498.0
4p,red,False,3,3,15,48,0,-33,0.4645533561706543,better_ukeire,8499.0
east,east,True,2,2,24,24,0,0,0.9876692891120911,exact_match,8500.0
6s,white,False,2,2,23,23,0,0,0.9697813987731934,equivalent,8501.0
white,white,True,2,2,23,23,0,0,0.8177064657211304,exact_match,8502.0
7s,7s,True,2,2,23,23,0,0,0.9562833309173584,exact_match,8503.0
5m,5m,True,2,2,42,42,0,0,0.43888986110687256,exact_match,8504.0
3m,7p,False,1,1,15,22,0,-7,0.349911630153656,better_ukeire,8505.0
9s,9s,True,1,1,15,15,0,0,0.7238513231277466,exact_match,8506.0
4m,4m,True,1,1,15,15,0,0,0.6122122406959534,exact_match,8507.0
7p,1m,False,0,0,2,5,0,-3,0.8552815914154053,better_ukeire,8508.0
7p,1m,False,0,0,2,4,0,-2,0.875627338886261,near_equivalent,8509.0
6p,6p,True,0,0,2,2,0,0,0.5149035453796387,exact_match,8510.0
1p,1p,True,0,0,2,2,0,0,0.8762117028236389,exact_match,8511.0
1m,9s,False,4,4,60,61,0,-1,0.3684741258621216,near_equivalent,8512.0
9s,9s,True,3,3,52,52,0,0,0.8049802184104919,exact_match,8513.0
9s,9s,True,4,4,82,82,0,0,0.49136972427368164,exact_match,8514.0
west,green,False,2,2,24,24,0,0,0.6792491674423218,equivalent,8515.0
south,1s,False,3,3,18,18,0,0,0.8518272042274475,equivalent,8516.0
red,green,False,2,2,24,24,0,0,0.6780061721801758,equivalent,8517.0
green,east,False,2,2,24,24,0,0,0.5760654211044312,equivalent,8518.0
green,1s,False,3,3,18,18,0,0,0.4148576855659485,equivalent,8519.0
east,east,True,2,2,28,28,0,0,0.7859640717506409,exact_match,8520.0
9m,9m,True,3,3,18,18,0,0,0.6411802172660828,exact_match,8521.0
1p,1p,True,2,2,27,27,0,0,0.9621648192405701,exact_match,8522.0
west,west,True,3,3,16,16,0,0,0.5500345826148987,exact_match,8523.0
south,south,True,2,2,26,26,0,0,0.9006407260894775,exact_match,8524.0
east,east,True,3,3,23,23,0,0,0.30967962741851807,exact_match,8525.0
south,south,True,2,2,25,25,0,0,0.8282802700996399,exact_match,8526.0
9p,9p,True,2,2,24,24,0,0,0.9802565574645996,exact_match,8527.0
2s,2s,True,2,2,32,32,0,0,0.7786107063293457,exact_match,8528.0
5s,5p,False,2,2,38,37,0,1,0.30796629190444946,near_equivalent,8529.0
9p,9p,True,2,2,38,38,0,0,0.989277720451355,exact_match,8530.0
4p,5p,False,1,2,18,37,-1,-19,0.5493879318237305,shanten_loss,8531.0
9p,west,False,2,2,19,23,0,-4,0.8447157740592957,better_ukeire,8532.0
west,west,True,2,2,18,18,0,0,0.7292603850364685,exact_match,8533.0
7s,4s,False,1,1,11,15,0,-4,0.5132346749305725,better_ukeire,8534.0
2m,2m,True,1,1,12,12,0,0,0.6844534873962402,exact_match,8535.0
east,east,True,2,2,43,43,0,0,0.9479063153266907,exact_match,8536.0
north,north,True,2,2,43,43,0,0,0.9089090824127197,exact_match,8537.0
west,west,True,2,2,43,43,0,0,0.7255820631980896,exact_match,8538.0
5m,9s,False,2,2,46,33,0,13,0.542934238910675,ukeire_loss,8539.0
west,west,True,2,2,45,45,0,0,0.9049444794654846,exact_match,8540.0
8m,8m,True,2,2,43,43,0,0,0.9086877107620239,exact_match,8541.0
north,north,True,2,2,41,41,0,0,0.7853519320487976,exact_match,8542.0
6p,9s,False,1,2,10,43,-1,-33,0.5688506364822388,shanten_loss,8543.0
2s,2s,True,1,1,10,10,0,0,0.5501008033752441,exact_match,8544.0
9s,2m,False,1,0,22,3,1,19,0.7345452904701233,better_shanten,8545.0
east,west,False,5,5,84,85,0,-1,0.43882474303245544,near_equivalent,8546.0
red,west,False,4,4,66,68,0,-2,0.385287344455719,near_equivalent,8547.0
9p,9p,True,3,3,49,49,0,0,0.40952906012535095,exact_match,8548.0
south,west,False,2,2,39,41,0,-2,0.7371275424957275,near_equivalent,8549.0
west,west,True,1,1,8,8,0,0,0.8397243618965149,exact_match,8550.0
1m,2m,False,1,1,15,14,0,1,0.5533527731895447,near_equivalent,8551.0
2p,2m,False,1,1,15,15,0,0,0.9570364356040955,equivalent,8552.0
8p,8p,True,1,1,14,14,0,0,0.4528820216655731,exact_match,8553.0
2s,2s,True,1,1,13,13,0,0,0.8339666724205017,exact_match,8554.0
west,west,True,3,3,50,50,0,0,0.8387991189956665,exact_match,8555.0
2p,9p,False,3,3,19,19,0,0,0.35837846994400024,equivalent,8556.0
9p,9p,True,2,2,13,13,0,0,0.4768180251121521,exact_match,8557.0
1m,1m,True,3,3,51,51,0,0,0.8324162364006042,exact_match,8558.0
3m,3m,True,2,2,13,13,0,0,0.57551109790802,exact_match,8559.0
9m,9m,True,2,2,36,36,0,0,0.3608841598033905,exact_match,8560.0
7m,7m,True,2,2,17,17,0,0,0.8870351314544678,exact_match,8561.0
north,north,True,2,2,35,35,0,0,0.8597723841667175,exact_match,8562.0
west,west,True,2,2,29,29,0,0,0.5105136632919312,exact_match,8563.0
8m,8m,True,1,1,11,11,0,0,0.6674633026123047,exact_match,8564.0
4s,4s,True,1,1,10,10,0,0,0.650666356086731,exact_match,8565.0
3p,5p,False,1,1,11,11,0,0,0.4407004415988922,equivalent,8566.0
5s,5s,True,1,1,10,10,0,0,0.5929034352302551,exact_match,8567.0
9s,9s,True,0,0,4,4,0,0,0.9637870788574219,exact_match,8568.0
6p,6p,True,0,0,4,4,0,0,0.9940252900123596,exact_match,8569.0
west,west,True,3,3,27,27,0,0,0.8626306056976318,exact_match,8570.0
9p,9p,True,3,3,53,53,0,0,0.8628924489021301,exact_match,8571.0
1m,1m,True,3,3,52,52,0,0,0.6737515330314636,exact_match,8572.0
green,green,True,3,3,51,51,0,0,0.43331658840179443,exact_match,8573.0
2s,2s,True,3,3,51,51,0,0,0.6770092844963074,exact_match,8574.0
9s,9s,True,3,3,52,52,0,0,0.7526996731758118,exact_match,8575.0
2p,west,False,3,3,28,52,0,-24,0.803958535194397,better_ukeire,8576.0
1p,1p,True,3,3,35,35,0,0,0.6785555481910706,exact_match,8577.0
west,west,True,2,2,29,29,0,0,0.43973904848098755,exact_match,8578.0
east,east,True,1,1,17,17,0,0,0.8462803363800049,exact_match,8579.0
2p,2p,True,1,1,17,17,0,0,0.9413822293281555,exact_match,8580.0
green,green,True,2,2,20,20,0,0,0.9465056657791138,exact_match,8581.0
9p,9p,True,2,2,20,20,0,0,0.7844956517219543,exact_match,8582.0
3p,south,False,1,1,16,16,0,0,0.9098743200302124,equivalent,8583.0
south,south,True,1,1,16,16,0,0,0.9670385718345642,exact_match,8584.0
3p,3p,True,1,1,16,16,0,0,0.9144920110702515,exact_match,8585.0
7s,9m,False,1,1,17,16,0,1,0.6941485404968262,near_equivalent,8586.0
north,north,True,2,2,24,24,0,0,0.9443961381912231,exact_match,8587.0
red,red,True,2,2,28,28,0,0,0.7687435746192932,exact_match,8588.0
east,east,True,1,1,20,20,0,0,0.9110864400863647,exact_match,8589.0
9s,9s,True,0,0,3,3,0,0,0.8197925686836243,exact_match,8590.0
1m,1p,False,3,3,17,18,0,-1,0.4692463278770447,near_equivalent,8591.0
1p,1p,True,3,3,44,44,0,0,0.6174643039703369,exact_match,8592.0
south,south,True,2,2,12,12,0,0,0.41271260380744934,exact_match,8593.0
east,5m,False,2,2,41,25,0,16,0.3102439045906067,ukeire_loss,8594.0
white,white,True,2,2,41,41,0,0,0.7257929444313049,exact_match,8595.0
west,west,True,1,1,19,19,0,0,0.7195868492126465,exact_match,8596.0
south,south,True,1,1,19,19,0,0,0.8924017548561096,exact_match,8597.0
1m,1m,True,3,3,21,21,0,0,0.40701189637184143,exact_match,8598.0
1p,1p,True,4,4,73,73,0,0,0.4178171157836914,exact_match,8599.0
1m,1m,True,3,3,20,20,0,0,0.6140959858894348,exact_match,8600.0
6p,2m,False,3,3,39,53,0,-14,0.5297458171844482,better_ukeire,8601.0
4m,1s,False,3,3,20,20,0,0,0.2652674615383148,equivalent,8602.0
5m,2m,False,3,3,39,44,0,-5,0.5753647685050964,better_ukeire,8603.0
7s,7s,True,2,2,14,14,0,0,0.39895811676979065,exact_match,8604.0
2m,2m,True,2,2,22,22,0,0,0.8996351361274719,exact_match,8605.0
east,7m,False,2,2,23,19,0,4,0.42619848251342773,ukeire_loss,8606.0
north,south,False,2,2,21,21,0,0,0.4272926151752472,equivalent,8607.0
green,green,True,1,1,7,7,0,0,0.5623797178268433,exact_match,8608.0
south,east,False,1,1,15,16,0,-1,0.5385450124740601,near_equivalent,8609.0
white,white,True,1,1,7,7,0,0,0.6579614281654358,exact_match,8610.0
7p,7p,True,1,1,14,14,0,0,0.9407803416252136,exact_match,8611.0
9p,9p,True,1,1,7,7,0,0,0.839531421661377,exact_match,8612.0
east,white,False,1,1,12,14,0,-2,0.8582260012626648,near_equivalent,8613.0
south,south,True,1,1,7,7,0,0,0.8393151164054871,exact_match,8614.0
4m,4m,True,1,1,12,12,0,0,0.8601130843162537,exact_match,8615.0
green,green,True,1,1,7,7,0,0,0.8665530681610107,exact_match,8616.0
white,white,True,0,0,1,1,0,0,0.9421849250793457,exact_match,8617.0
east,east,True,1,1,7,7,0,0,0.9287084341049194,exact_match,8618.0
3m,3m,True,0,0,1,1,0,0,0.9712452292442322,exact_match,8619.0
9m,7m,False,0,0,3,3,0,0,0.5214194655418396,equivalent,8620.0
5s,8s,False,0,0,1,0,0,1,0.5910399556159973,near_equivalent,8621.0
2m,2m,True,0,0,3,3,0,0,0.9699992537498474,exact_match,8622.0
north,north,True,0,0,1,1,0,0,0.8684573769569397,exact_match,8623.0
west,west,True,0,0,3,3,0,0,0.8457624912261963,exact_match,8624.0
7p,7p,True,0,0,1,1,0,0,0.9356054067611694,exact_match,8625.0
north,north,True,4,4,27,27,0,0,0.6250402331352234,exact_match,8626.0
green,9p,False,4,4,86,78,0,8,0.32213181257247925,ukeire_loss,8627.0
red,9p,False,3,3,71,63,0,8,0.30218762159347534,ukeire_loss,8628.0
7s,7s,True,2,2,15,15,0,0,0.44428160786628723,exact_match,8629.0
9p,9p,True,2,2,17,17,0,0,0.5743380784988403,exact_match,8630.0
9p,9p,True,2,2,17,17,0,0,0.741255521774292,exact_match,8631.0
west,west,True,2,2,17,17,0,0,0.6421700119972229,exact_match,8632.0
8p,1m,False,2,2,17,16,0,1,0.25509920716285706,near_equivalent,8633.0
4s,1m,False,1,1,10,10,0,0,0.6425974369049072,equivalent,8634.0
1m,red,False,1,1,10,10,0,0,0.46217766404151917,equivalent,8635.0
6p,red,False,1,1,12,12,0,0,0.5079666376113892,equivalent,8636.0
red,red,True,0,0,4,4,0,0,0.8723058700561523,exact_match,8637.0
1p,1p,True,4,4,67,67,0,0,0.7763221263885498,exact_match,8638.0
west,west,True,1,1,12,12,0,0,0.9416298866271973,exact_match,8639.0
9m,1s,False,3,3,45,45,0,0,0.2976709008216858,equivalent,8640.0
west,west,True,1,1,12,12,0,0,0.9537993669509888,exact_match,8641.0
1s,green,False,3,3,45,54,0,-9,0.5565810203552246,better_ukeire,8642.0
8p,8p,True,1,1,12,12,0,0,0.9656230807304382,exact_match,8643.0
green,green,True,2,2,15,15,0,0,0.6983936429023743,exact_match,8644.0
north,north,True,1,1,12,12,0,0,0.9890890717506409,exact_match,8645.0
9p,9p,True,2,2,14,14,0,0,0.8478454351425171,exact_match,8646.0
2p,2p,True,1,1,16,16,0,0,0.958321750164032,exact_match,8647.0
1m,white,False,2,2,20,20,0,0,0.8207006454467773,equivalent,8648.0
6s,6s,True,1,1,15,15,0,0,0.3723558485507965,exact_match,8649.0
white,west,False,2,2,19,19,0,0,0.705307126045227,equivalent,8650.0
9m,9m,True,1,1,15,15,0,0,0.9160731434822083,exact_match,8651.0
2m,west,False,1,1,12,12,0,0,0.6554304361343384,equivalent,8652.0
1s,1s,True,1,1,14,14,0,0,0.9642152190208435,exact_match,8653.0
north,north,True,1,1,12,12,0,0,0.7634070515632629,exact_match,8654.0
west,west,True,1,1,16,16,0,0,0.6337848901748657,exact_match,8655.0
9p,9p,True,1,1,16,16,0,0,0.9795861840248108,exact_match,8656.0
2s,2s,True,1,1,16,16,0,0,0.8827702403068542,exact_match,8657.0
south,west,False,3,3,27,27,0,0,0.47613850235939026,equivalent,8658.0
red,north,False,3,3,31,31,0,0,0.7786169052124023,equivalent,8659.0
west,west,True,2,2,15,15,0,0,0.45254647731781006,exact_match,8660.0
west,north,False,3,3,31,30,0,1,0.6622945070266724,near_equivalent,8661.0
north,north,True,2,2,24,24,0,0,0.9205008745193481,exact_match,8662.0
north,north,True,2,2,34,34,0,0,0.8516760468482971,exact_match,8663.0
8m,8m,True,1,1,11,11,0,0,0.7798412442207336,exact_match,8664.0
1p,5s,False,2,2,22,33,0,-11,0.7305822968482971,better_ukeire,8665.0
7s,7s,True,1,1,15,15,0,0,0.7893601059913635,exact_match,8666.0
9p,9p,True,1,1,15,15,0,0,0.957955002784729,exact_match,8667.0
2s,5m,False,1,1,15,15,0,0,0.6558449268341064,equivalent,8668.0
2s,2s,True,1,1,15,15,0,0,0.6927299499511719,exact_match,8669.0
1p,1p,True,1,1,15,15,0,0,0.8962827920913696,exact_match,8670.0
west,west,True,3,3,79,79,0,0,0.9747621417045593,exact_match,8671.0
8m,8m,True,2,2,67,67,0,0,0.8346496820449829,exact_match,8672.0
7s,7s,True,2,2,60,60,0,0,0.50303715467453,exact_match,8673.0
2s,2s,True,1,1,12,12,0,0,0.47078937292099,exact_match,8674.0
5m,7p,False,1,1,8,12,0,-4,0.8206515908241272,better_ukeire,8675.0
1s,7p,False,1,1,8,8,0,0,0.5356040000915527,equivalent,8676.0
white,white,True,1,1,8,8,0,0,0.8121169209480286,exact_match,8677.0
red,red,True,1,1,8,8,0,0,0.8402196764945984,exact_match,8678.0
4p,1s,False,1,2,10,31,-1,-21,0.28774726390838623,shanten_loss,8679.0
2p,9s,False,1,1,9,9,0,0,0.8105124235153198,equivalent,8680.0
1s,1s,True,4,4,66,66,0,0,0.4027925729751587,exact_match,8681.0
5s,3p,False,3,3,41,45,0,-4,0.3380756080150604,better_ukeire,8682.0
north,north,True,3,3,40,40,0,0,0.32254093885421753,exact_match,8683.0
6p,north,False,2,2,14,14,0,0,0.5209816694259644,equivalent,8684.0
8m,red,False,3,3,38,44,0,-6,0.40415191650390625,better_ukeire,8685.0
5s,5s,True,2,2,14,14,0,0,0.652940571308136,exact_match,8686.0
6s,red,False,3,3,25,42,0,-17,0.3510545790195465,better_ukeire,8687.0
1m,4m,False,2,2,13,13,0,0,0.4560856521129608,equivalent,8688.0
red,white,False,2,2,20,20,0,0,0.5495905876159668,equivalent,8689.0
west,north,False,1,1,8,8,0,0,0.668571949005127,equivalent,8690.0
2m,white,False,1,1,13,13,0,0,0.9375371336936951,equivalent,8691.0
green,green,True,1,1,8,8,0,0,0.5081226229667664,exact_match,8692.0
white,white,True,1,1,13,13,0,0,0.6435961127281189,exact_match,8693.0
north,north,True,0,0,2,2,0,0,0.9045666456222534,exact_match,8694.0
6m,6m,True,0,0,5,5,0,0,0.822193443775177,exact_match,8695.0
1m,1m,True,0,0,2,2,0,0,0.7252482175827026,exact_match,8696.0
9m,9m,True,0,0,5,5,0,0,0.9859961867332458,exact_match,8697.0
north,west,False,4,4,60,61,0,-1,0.5233325958251953,near_equivalent,8698.0
green,west,False,4,4,60,61,0,-1,0.5243800282478333,near_equivalent,8699.0
red,red,True,4,4,60,60,0,0,0.399637371301651,exact_match,8700.0
green,green,True,4,4,58,58,0,0,0.49708595871925354,exact_match,8701.0
white,1m,False,4,4,64,58,0,6,0.43677663803100586,ukeire_loss,8702.0
1m,1m,True,3,3,53,53,0,0,0.6376671195030212,exact_match,8703.0
east,east,True,3,3,51,51,0,0,0.49552851915359497,exact_match,8704.0
south,south,True,2,2,26,26,0,0,0.6109182834625244,exact_match,8705.0
red,red,True,2,2,23,23,0,0,0.8693813681602478,exact_match,8706.0
west,east,False,3,2,42,22,1,20,0.8210151195526123,better_shanten,8707.0
north,north,True,2,2,49,49,0,0,0.5272642374038696,exact_match,8708.0
south,south,True,3,3,49,49,0,0,0.8583714962005615,exact_match,8709.0
1s,1s,True,1,1,7,7,0,0,0.9673699140548706,exact_match,8710.0
red,west,False,3,3,48,48,0,0,0.49450933933258057,equivalent,8711.0
red,red,True,3,3,48,48,0,0,0.8973355889320374,exact_match,8712.0
7s,1m,False,1,2,11,67,-1,-56,0.40641334652900696,shanten_loss,8713.0
east,east,True,3,3,47,47,0,0,0.7266120314598083,exact_match,8714.0
8m,8m,True,1,1,11,11,0,0,0.7329685688018799,exact_match,8715.0
west,west,True,2,2,17,17,0,0,0.4741573631763458,exact_match,8716.0
1m,8p,False,1,1,8,16,0,-8,0.40057674050331116,better_ukeire,8717.0
3m,9m,False,2,2,16,17,0,-1,0.3115716874599457,near_equivalent,8718.0
3m,east,False,1,1,8,8,0,0,0.9111384153366089,equivalent,8719.0
1m,green,False,2,2,16,16,0,0,0.6262107491493225,equivalent,8720.0
east,east,True,1,1,14,14,0,0,0.6299633979797363,exact_match,8721.0
green,green,True,2,2,33,33,0,0,0.705681562423706,exact_match,8722.0
3p,3p,True,0,0,6,6,0,0,0.4304297864437103,exact_match,8723.0
3s,9m,False,1,2,8,49,-1,-41,0.21524937450885773,shanten_loss,8724.0
9m,9m,True,0,0,6,6,0,0,0.9990872144699097,exact_match,8725.0
7m,7m,True,1,1,9,9,0,0,0.4085674583911896,exact_match,8726.0
3m,3m,True,0,0,6,6,0,0,0.6842355728149414,exact_match,8727.0
9m,9m,True,1,1,17,17,0,0,0.9460911750793457,exact_match,8728.0
1m,1m,True,0,0,6,6,0,0,0.9985608458518982,exact_match,8729.0
3s,3s,True,0,0,3,3,0,0,0.6892173290252686,exact_match,8730.0
5s,5s,True,0,0,6,6,0,0,0.8860012888908386,exact_match,8731.0
8m,8m,True,0,0,6,6,0,0,0.9526489973068237,exact_match,8732.0
6m,6m,True,0,0,6,6,0,0,0.9473075270652771,exact_match,8733.0
2p,2p,True,0,0,5,5,0,0,0.3852948844432831,exact_match,8734.0
1m,1m,True,0,0,5,5,0,0,0.9939568042755127,exact_match,8735.0
9m,9m,True,2,2,29,29,0,0,0.9344092011451721,exact_match,8736.0
1s,1s,True,3,3,20,20,0,0,0.5345765352249146,exact_match,8737.0
4m,4m,True,2,2,28,28,0,0,0.8047899603843689,exact_match,8738.0
red,north,False,3,3,20,21,0,-1,0.4967559278011322,near_equivalent,8739.0
8s,1m,False,1,1,11,10,0,1,0.2835926115512848,near_equivalent,8740.0
2p,north,False,3,2,59,15,1,44,0.6650397181510925,better_shanten,8741.0
8s,8s,True,0,0,7,7,0,0,0.9775707721710205,exact_match,8742.0
1p,1m,False,2,2,15,15,0,0,0.7773240208625793,equivalent,8743.0
1m,1m,True,2,2,15,15,0,0,0.8971375823020935,exact_match,8744.0
white,green,False,2,2,31,31,0,0,0.5207558274269104,equivalent,8745.0
green,green,True,1,1,7,7,0,0,0.9004939198493958,exact_match,8746.0
4m,4m,True,1,1,12,12,0,0,0.47122707962989807,exact_match,8747.0
east,east,True,1,1,11,11,0,0,0.8715735077857971,exact_match,8748.0
8p,9p,False,1,1,9,11,0,-2,0.5547977685928345,near_equivalent,8749.0
5s,7m,False,1,1,9,9,0,0,0.9199656248092651,equivalent,8750.0
north,west,False,3,3,49,48,0,1,0.5830497145652771,near_equivalent,8751.0
west,west,True,3,3,48,48,0,0,0.6380603313446045,exact_match,8752.0
south,south,True,3,3,47,47,0,0,0.7243829369544983,exact_match,8753.0
white,green,False,2,2,22,22,0,0,0.4318802058696747,equivalent,8754.0
9m,green,False,2,2,42,42,0,0,0.5008366703987122,equivalent,8755.0
green,green,True,1,1,28,28,0,0,0.9710035920143127,exact_match,8756.0
1p,1p,True,1,1,28,28,0,0,0.990757167339325,exact_match,8757.0
8s,8s,True,1,1,28,28,0,0,0.9556688666343689,exact_match,8758.0
2p,2p,True,2,2,30,30,0,0,0.689565122127533,exact_match,8759.0
8m,3s,False,1,1,8,10,0,-2,0.4592454135417938,near_equivalent,8760.0
south,south,True,1,1,8,8,0,0,0.7470433712005615,exact_match,8761.0
3s,8p,False,2,1,39,8,1,31,0.5277907252311707,better_shanten,8762.0
9m,east,False,3,3,30,45,0,-15,0.905602753162384,better_ukeire,8763.0
east,east,True,2,2,12,12,0,0,0.7508605718612671,exact_match,8764.0
red,green,False,2,2,12,12,0,0,0.6830407381057739,equivalent,8765.0
west,green,False,2,2,12,12,0,0,0.5533367395401001,equivalent,8766.0
9s,9s,True,2,2,16,16,0,0,0.499377965927124,exact_match,8767.0
9p,east,False,2,2,16,16,0,0,0.7627964019775391,equivalent,8768.0
green,green,True,2,2,22,22,0,0,0.4770747125148773,exact_match,8769.0
4p,4p,True,2,2,22,22,0,0,0.6661791801452637,exact_match,8770.0
8p,4m,False,2,2,21,21,0,0,0.5166005492210388,equivalent,8771.0
east,4m,False,1,1,12,18,0,-6,0.7724971771240234,better_ukeire,8772.0
east,east,True,0,0,4,4,0,0,0.6900922060012817,exact_match,8773.0
1p,1p,True,0,0,4,4,0,0,0.9016348719596863,exact_match,8774.0
3s,north,False,4,4,26,26,0,0,0.38164398074150085,equivalent,8775.0
8m,green,False,4,4,24,26,0,-2,0.25752460956573486,near_equivalent,8776.0
1s,1s,True,4,4,24,24,0,0,0.6921361684799194,exact_match,8777.0
2m,2m,True,4,4,22,22,0,0,0.6752803921699524,exact_match,8778.0
8p,8p,True,4,4,21,21,0,0,0.8347850441932678,exact_match,8779.0
green,green,True,4,4,41,41,0,0,0.23029260337352753,exact_match,8780.0
white,3p,False,4,4,56,39,0,17,0.5435124635696411,ukeire_loss,8781.0
north,east,False,3,3,52,52,0,0,0.31695547699928284,equivalent,8782.0
west,red,False,3,3,16,54,0,-38,0.3655143976211548,better_ukeire,8783.0
west,west,True,4,4,40,40,0,0,0.31257155537605286,exact_match,8784.0
5m,west,False,4,3,37,33,1,4,0.582874596118927,better_shanten,8785.0
north,north,True,3,3,85,85,0,0,0.9731267094612122,exact_match,8786.0
2p,white,False,3,3,80,84,0,-4,0.8726190328598022,better_ukeire,8787.0
white,8p,False,3,3,81,78,0,3,0.6922727823257446,ukeire_loss,8788.0
8p,8p,True,2,2,19,19,0,0,0.9253149032592773,exact_match,8789.0
7m,3p,False,2,2,23,19,0,4,0.5415477752685547,ukeire_loss,8790.0
3p,3p,True,1,1,12,12,0,0,0.8633779883384705,exact_match,8791.0
white,white,True,1,1,11,11,0,0,0.9820615649223328,exact_match,8792.0
8m,8m,True,1,1,11,11,0,0,0.9795650243759155,exact_match,8793.0
west,west,True,1,1,11,11,0,0,0.9703457355499268,exact_match,8794.0
north,north,True,1,1,10,10,0,0,0.9703392386436462,exact_match,8795.0
green,green,True,1,1,10,10,0,0,0.9404817223548889,exact_match,8796.0
9p,9p,True,1,1,10,10,0,0,0.9543983340263367,exact_match,8797.0
7m,7m,True,1,1,10,10,0,0,0.9034637212753296,exact_match,8798.0
7p,7p,True,1,1,10,10,0,0,0.9418308734893799,exact_match,8799.0
5p,2m,False,1,1,10,8,0,2,0.2570256292819977,near_equivalent,8800.0
5p,5p,True,0,0,6,6,0,0,0.9610559940338135,exact_match,8801.0
east,east,True,0,0,6,6,0,0,0.8898915648460388,exact_match,8802.0
2p,2p,True,0,0,6,6,0,0,0.9611440896987915,exact_match,8803.0
2p,2p,True,0,0,6,6,0,0,0.9843690395355225,exact_match,8804.0
north,north,True,4,4,74,74,0,0,0.5163416862487793,exact_match,8805.0
9m,9m,True,3,3,19,19,0,0,0.8654632568359375,exact_match,8806.0
south,south,True,3,3,19,19,0,0,0.8123946785926819,exact_match,8807.0
7p,7p,True,2,2,16,16,0,0,0.30435362458229065,exact_match,8808.0
5p,4s,False,3,2,67,20,1,47,0.5193787217140198,better_shanten,8809.0
4p,4p,True,3,3,51,51,0,0,0.4769706130027771,exact_match,8810.0
4s,4s,True,2,2,21,21,0,0,0.691989004611969,exact_match,8811.0
1m,red,False,1,1,9,10,0,-1,0.6829355359077454,near_equivalent,8812.0
red,red,True,1,1,9,9,0,0,0.5763898491859436,exact_match,8813.0
7s,7s,True,1,1,9,9,0,0,0.8478204607963562,exact_match,8814.0
9s,9s,True,1,1,9,9,0,0,0.8706871271133423,exact_match,8815.0
5s,5s,True,1,1,9,9,0,0,0.6201447248458862,exact_match,8816.0
green,green,True,1,1,16,16,0,0,0.6924828290939331,exact_match,8817.0
4s,4s,True,1,1,16,16,0,0,0.9290593862533569,exact_match,8818.0
6p,6p,True,1,1,16,16,0,0,0.9708731174468994,exact_match,8819.0
north,north,True,1,1,16,16,0,0,0.9858287572860718,exact_match,8820.0
4s,4s,True,1,1,16,16,0,0,0.990802526473999,exact_match,8821.0
south,south,True,1,1,16,16,0,0,0.9734610915184021,exact_match,8822.0
white,8m,False,1,1,20,16,0,4,0.7558778524398804,ukeire_loss,8823.0
9p,9p,True,1,1,20,20,0,0,0.9870795607566833,exact_match,8824.0
6s,6s,True,1,1,20,20,0,0,0.8953691720962524,exact_match,8825.0
1p,1p,True,2,2,33,33,0,0,0.8493568301200867,exact_match,8826.0
4m,east,False,2,2,30,42,0,-12,0.4682777523994446,better_ukeire,8827.0
2m,east,False,2,1,25,8,1,17,0.4681321084499359,better_shanten,8828.0
2m,2m,True,1,1,10,10,0,0,0.8840867877006531,exact_match,8829.0
white,6p,False,1,1,10,10,0,0,0.47692087292671204,equivalent,8830.0
2p,2p,True,1,1,10,10,0,0,0.8125350475311279,exact_match,8831.0
8p,east,False,1,1,10,19,0,-9,0.5305802226066589,better_ukeire,8832.0
west,west,True,1,1,10,10,0,0,0.8613260984420776,exact_match,8833.0
1m,1m,True,1,1,10,10,0,0,0.9493386745452881,exact_match,8834.0
6p,6p,True,1,1,15,15,0,0,0.4930577278137207,exact_match,8835.0
red,red,True,1,1,15,15,0,0,0.9293268918991089,exact_match,8836.0
2s,east,False,0,1,4,14,-1,-10,0.35345056653022766,shanten_loss,8837.0
4s,4s,True,0,0,4,4,0,0,0.7660285830497742,exact_match,8838.0
1s,east,False,5,5,89,90,0,-1,0.3289855718612671,near_equivalent,8839.0
east,9s,False,4,4,69,59,0,10,0.403597354888916,ukeire_loss,8840.0
9s,green,False,4,4,70,79,0,-9,0.41357487440109253,better_ukeire,8841.0
green,green,True,3,3,34,34,0,0,0.5402222871780396,exact_match,8842.0
white,white,True,3,3,34,34,0,0,0.7681440711021423,exact_match,8843.0
south,2m,False,3,3,55,52,0,3,0.3297908306121826,ukeire_loss,8844.0
1p,2m,False,2,2,12,12,0,0,0.42048707604408264,equivalent,8845.0
3p,3p,True,2,2,11,11,0,0,0.5719084739685059,exact_match,8846.0
2m,red,False,2,2,11,11,0,0,0.6220349073410034,equivalent,8847.0
red,red,True,2,2,22,22,0,0,0.4570932984352112,exact_match,8848.0
6p,8m,False,2,2,22,23,0,-1,0.4867871403694153,near_equivalent,8849.0
green,green,True,2,2,21,21,0,0,0.8362221717834473,exact_match,8850.0
8m,8m,True,1,1,13,13,0,0,0.41459572315216064,exact_match,8851.0
8m,8m,True,1,1,11,11,0,0,0.9117618799209595,exact_match,8852.0
5m,5m,True,0,0,4,4,0,0,0.7358197569847107,exact_match,8853.0
6s,6s,True,0,0,3,3,0,0,0.3913944959640503,exact_match,8854.0
white,white,True,3,3,70,70,0,0,0.9269683957099915,exact_match,8855.0
east,9s,False,3,3,56,52,0,4,0.4269905686378479,ukeire_loss,8856.0
8m,8s,False,2,2,20,20,0,0,0.7255228161811829,equivalent,8857.0
red,9s,False,2,2,20,20,0,0,0.6984872817993164,equivalent,8858.0
8s,8s,True,2,2,28,28,0,0,0.8882867693901062,exact_match,8859.0
9s,9s,True,2,2,20,20,0,0,0.8883354067802429,exact_match,8860.0
1p,1p,True,1,1,16,16,0,0,0.5359646081924438,exact_match,8861.0
2p,white,False,2,2,20,20,0,0,0.802047848701477,equivalent,8862.0
2p,2p,True,1,1,16,16,0,0,0.383312463760376,exact_match,8863.0
white,white,True,2,2,35,35,0,0,0.4798911213874817,exact_match,8864.0
3p,3m,False,1,1,16,16,0,0,0.8351492285728455,equivalent,8865.0
1m,1m,True,2,2,35,35,0,0,0.9697553515434265,exact_match,8866.0
9s,9s,True,1,1,16,16,0,0,0.8590490818023682,exact_match,8867.0
5p,green,False,2,2,22,34,0,-12,0.902830958366394,better_ukeire,8868.0
6s,green,False,1,1,16,20,0,-4,0.8997571468353271,better_ukeire,8869.0
3m,1p,False,1,1,16,16,0,0,0.9140656590461731,equivalent,8870.0
2s,2s,True,1,1,16,16,0,0,0.7398668527603149,exact_match,8871.0
1m,1m,True,1,1,16,16,0,0,0.6958414316177368,exact_match,8872.0
1s,green,False,1,1,16,16,0,0,0.26320233941078186,equivalent,8873.0
1p,white,False,1,1,16,16,0,0,0.6605374813079834,equivalent,8874.0
6s,1s,False,1,1,16,17,0,-1,0.7959416508674622,near_equivalent,8875.0
white,white,True,0,0,8,8,0,0,0.9911076426506042,exact_match,8876.0
1s,1s,True,0,0,8,8,0,0,0.955563485622406,exact_match,8877.0
north,north,True,4,4,41,41,0,0,0.5679474472999573,exact_match,8878.0
east,east,True,4,4,68,68,0,0,0.6803009510040283,exact_match,8879.0
green,south,False,4,4,66,68,0,-2,0.7060348987579346,near_equivalent,8880.0
2m,south,False,3,3,32,32,0,0,0.4508799910545349,equivalent,8881.0
7p,south,False,3,3,32,36,0,-4,0.41270142793655396,better_ukeire,8882.0
south,south,True,2,2,24,24,0,0,0.49833229184150696,exact_match,8883.0
9m,9m,True,2,2,41,41,0,0,0.6983054876327515,exact_match,8884.0
8m,8m,True,1,1,23,23,0,0,0.5321413278579712,exact_match,8885.0
9s,9s,True,1,1,23,23,0,0,0.8603149652481079,exact_match,8886.0
south,south,True,1,1,21,21,0,0,0.9556032419204712,exact_match,8887.0
west,west,True,1,1,20,20,0,0,0.9368741512298584,exact_match,8888.0
west,west,True,4,4,63,63,0,0,0.8526834845542908,exact_match,8889.0
white,white,True,2,2,16,16,0,0,0.796963095664978,exact_match,8890.0
south,south,True,4,4,61,61,0,0,0.5542712807655334,exact_match,8891.0
7s,green,False,1,1,12,12,0,0,0.8799987435340881,equivalent,8892.0
red,white,False,3,3,39,41,0,-2,0.589790403842926,near_equivalent,8893.0
green,green,True,1,1,12,12,0,0,0.6449134349822998,exact_match,8894.0
8m,white,False,3,3,45,47,0,-2,0.7542016506195068,near_equivalent,8895.0
8p,1p,False,1,1,12,12,0,0,0.5328401923179626,equivalent,8896.0
8p,white,False,3,3,42,49,0,-7,0.6980851888656616,better_ukeire,8897.0
6p,red,False,1,1,12,12,0,0,0.8210539221763611,equivalent,8898.0
9p,9p,True,2,2,20,20,0,0,0.5190989375114441,exact_match,8899.0
red,south,False,1,1,12,12,0,0,0.7571700811386108,equivalent,8900.0
east,east,True,2,2,20,20,0,0,0.7084770798683167,exact_match,8901.0
2m,2m,True,1,1,12,12,0,0,0.7132562398910522,exact_match,8902.0
2s,2s,True,2,2,20,20,0,0,0.7704935073852539,exact_match,8903.0
south,5p,False,1,1,16,12,0,4,0.48246070742607117,ukeire_loss,8904.0
5p,1m,False,3,2,58,20,1,38,0.8493561148643494,better_shanten,8905.0
3m,3m,True,1,1,16,16,0,0,0.711636483669281,exact_match,8906.0
3p,1s,False,3,3,17,55,0,-38,0.5220432281494141,better_ukeire,8907.0
1m,1m,True,1,1,16,16,0,0,0.6699061989784241,exact_match,8908.0
1m,1m,True,3,3,16,16,0,0,0.7075954675674438,exact_match,8909.0
5p,5p,True,0,0,8,8,0,0,0.9877420663833618,exact_match,8910.0
2p,2p,True,2,2,11,11,0,0,0.6334906220436096,exact_match,8911.0
1s,1s,True,0,0,8,8,0,0,0.991538941860199,exact_match,8912.0
white,9m,False,2,2,11,11,0,0,0.5027499198913574,equivalent,8913.0
6m,6m,True,0,0,8,8,0,0,0.8900248408317566,exact_match,8914.0
9m,1s,False,1,2,7,8,-1,-1,0.29407376050949097,shanten_loss,8915.0
green,green,True,3,3,38,38,0,0,0.40698733925819397,exact_match,8916.0
green,1p,False,4,4,27,26,0,1,0.5691050887107849,near_equivalent,8917.0
red,red,True,2,2,13,13,0,0,0.7339473366737366,exact_match,8918.0
east,1p,False,4,4,62,54,0,8,0.6353245973587036,ukeire_loss,8919.0
8p,8p,True,2,2,21,21,0,0,0.9412673115730286,exact_match,8920.0
1p,1p,True,4,4,69,69,0,0,0.8274260759353638,exact_match,8921.0
1s,1m,False,2,2,20,20,0,0,0.8463729619979858,equivalent,8922.0
south,red,False,3,3,20,20,0,0,0.5082851052284241,equivalent,8923.0
1s,1s,True,1,1,17,17,0,0,0.9678295850753784,exact_match,8924.0
white,red,False,2,2,12,12,0,0,0.40062233805656433,equivalent,8925.0
1m,1m,True,0,0,6,6,0,0,0.9799239039421082,exact_match,8926.0
8p,8p,True,2,2,16,16,0,0,0.7273069620132446,exact_match,8927.0
2p,2p,True,0,0,6,6,0,0,0.7807053327560425,exact_match,8928.0
3s,1s,False,1,1,6,10,0,-4,0.4778898060321808,better_ukeire,8929.0
6p,6p,True,0,0,6,6,0,0,0.9965187311172485,exact_match,8930.0
1s,1s,True,1,1,6,6,0,0,0.692049503326416,exact_match,8931.0
8s,8s,True,0,0,3,3,0,0,0.8508473634719849,exact_match,8932.0
9m,9m,True,2,2,24,24,0,0,0.9365009665489197,exact_match,8933.0
north,north,True,4,4,61,61,0,0,0.5009198784828186,exact_match,8934.0
south,south,True,2,2,24,24,0,0,0.6002974510192871,exact_match,8935.0
1p,1p,True,4,4,69,69,0,0,0.5025174021720886,exact_match,8936.0
south,south,True,2,2,23,23,0,0,0.9177565574645996,exact_match,8937.0
white,white,True,3,3,61,61,0,0,0.5595273375511169,exact_match,8938.0
2m,2m,True,2,2,23,23,0,0,0.9626579284667969,exact_match,8939.0
east,east,True,3,3,58,58,0,0,0.6506054401397705,exact_match,8940.0
6m,6m,True,2,2,36,36,0,0,0.8443771004676819,exact_match,8941.0
2m,south,False,3,3,61,66,0,-5,0.4292911887168884,better_ukeire,8942.0
5s,3p,False,1,1,7,19,0,-12,0.5111966133117676,better_ukeire,8943.0
8s,8s,True,3,3,56,56,0,0,0.3914525806903839,exact_match,8944.0
4s,4s,True,1,1,6,6,0,0,0.7014967203140259,exact_match,8945.0
8p,south,False,2,2,41,48,0,-7,0.5068188309669495,better_ukeire,8946.0
5s,5s,True,1,1,5,5,0,0,0.8662192821502686,exact_match,8947.0
5s,south,False,1,1,8,8,0,0,0.4276524484157562,equivalent,8948.0
7m,7m,True,1,1,4,4,0,0,0.8785948753356934,exact_match,8949.0
green,green,True,1,1,7,7,0,0,0.6665267944335938,exact_match,8950.0
3p,8m,False,2,1,25,4,1,21,0.7008211016654968,better_shanten,8951.0
south,8s,False,1,1,7,6,0,1,0.5356778502464294,near_equivalent,8952.0
north,north,True,5,5,98,98,0,0,0.5021397471427917,exact_match,8953.0
1p,1p,True,4,4,71,71,0,0,0.31917864084243774,exact_match,8954.0
1m,9p,False,4,4,67,62,0,5,0.5237140655517578,ukeire_loss,8955.0
south,south,True,3,3,57,57,0,0,0.4510723054409027,exact_match,8956.0
1m,1m,True,3,3,55,55,0,0,0.7860766649246216,exact_match,8957.0
white,white,True,2,2,38,38,0,0,0.683073878288269,exact_match,8958.0
red,red,True,1,1,31,31,0,0,0.6266325116157532,exact_match,8959.0
white,white,True,1,1,31,31,0,0,0.9449145197868347,exact_match,8960.0
6p,6p,True,1,1,31,31,0,0,0.5598987340927124,exact_match,8961.0
9m,9m,True,1,1,29,29,0,0,0.5847350358963013,exact_match,8962.0
south,south,True,1,1,29,29,0,0,0.8465720415115356,exact_match,8963.0
south,south,True,4,4,72,72,0,0,0.9527258276939392,exact_match,8964.0
north,north,True,4,4,27,27,0,0,0.42641595005989075,exact_match,8965.0
east,east,True,3,3,68,68,0,0,0.6175638437271118,exact_match,8966.0
west,west,True,4,4,74,74,0,0,0.6208516359329224,exact_match,8967.0
red,2p,False,3,3,78,67,0,11,0.4563334882259369,ukeire_loss,8968.0
9s,9s,True,3,3,15,15,0,0,0.5209500193595886,exact_match,8969.0
2p,2m,False,2,2,19,19,0,0,0.5491580367088318,equivalent,8970.0
south,south,True,3,3,13,13,0,0,0.6834773421287537,exact_match,8971.0
2m,2m,True,1,1,14,14,0,0,0.9412075281143188,exact_match,8972.0
white,1m,False,3,3,52,46,0,6,0.31730228662490845,ukeire_loss,8973.0
east,east,True,1,1,13,13,0,0,0.9517791271209717,exact_match,8974.0
8s,8s,True,3,3,51,51,0,0,0.7467741966247559,exact_match,8975.0
4s,4s,True,0,0,4,4,0,0,0.7330078482627869,exact_match,8976.0
1p,1m,False,3,2,56,10,1,46,0.3122081756591797,better_shanten,8977.0
6m,6m,True,0,0,4,4,0,0,0.4485604465007782,exact_match,8978.0
1s,north,False,3,3,46,50,0,-4,0.3565385639667511,better_ukeire,8979.0
4s,4s,True,0,0,4,4,0,0,0.9483927488327026,exact_match,8980.0
9p,9p,True,3,3,44,44,0,0,0.36620333790779114,exact_match,8981.0
7m,4m,False,0,0,4,4,0,0,0.8437073230743408,equivalent,8982.0
1m,1s,False,3,3,37,42,0,-5,0.6069091558456421,better_ukeire,8983.0
west,west,True,4,4,65,65,0,0,0.7134321928024292,exact_match,8984.0
east,east,True,2,2,27,27,0,0,0.9879611134529114,exact_match,8985.0
1m,1m,True,3,3,11,11,0,0,0.7251192331314087,exact_match,8986.0
8m,9m,False,2,2,42,42,0,0,0.3201640546321869,equivalent,8987.0
north,north,True,3,3,11,11,0,0,0.7427741885185242,exact_match,8988.0
9m,9m,True,1,1,10,10,0,0,0.9757609367370605,exact_match,8989.0
green,green,True,3,3,14,14,0,0,0.29061663150787354,exact_match,8990.0
north,north,True,1,1,9,9,0,0,0.9294365048408508,exact_match,8991.0
white,1m,False,3,3,14,14,0,0,0.8519026637077332,equivalent,8992.0
2s,4m,False,1,1,12,9,0,3,0.30173346400260925,ukeire_loss,8993.0
1m,1m,True,3,3,15,15,0,0,0.6543687582015991,exact_match,8994.0
2s,2s,True,0,0,5,5,0,0,0.9860026836395264,exact_match,8995.0
1s,north,False,4,4,68,76,0,-8,0.3145199716091156,better_ukeire,8996.0
1s,1s,True,2,2,16,16,0,0,0.5272284150123596,exact_match,8997.0
1p,north,False,3,3,29,29,0,0,0.5182240009307861,equivalent,8998.0
2s,2s,True,2,2,16,16,0,0,0.709208607673645,exact_match,8999.0
east,west,False,3,3,28,28,0,0,0.6866028904914856,equivalent,9000.0
7p,south,False,2,2,16,16,0,0,0.5408497452735901,equivalent,9001.0
1m,1m,True,3,3,27,27,0,0,0.7689036130905151,exact_match,9002.0
2p,2p,True,2,2,16,16,0,0,0.5936349034309387,exact_match,9003.0
9p,north,False,3,3,49,54,0,-5,0.3399556875228882,better_ukeire,9004.0
south,7m,False,2,2,15,15,0,0,0.5439276099205017,equivalent,9005.0
white,white,True,3,3,49,49,0,0,0.7570392489433289,exact_match,9006.0
7m,green,False,2,2,16,16,0,0,0.40777409076690674,equivalent,9007.0
west,7m,False,2,3,31,42,-1,-11,0.2832608222961426,shanten_loss,9008.0
west,west,True,2,2,15,15,0,0,0.8368015289306641,exact_match,9009.0
north,north,True,1,1,13,13,0,0,0.6707455515861511,exact_match,9010.0
9p,9p,True,2,2,15,15,0,0,0.6151533126831055,exact_match,9011.0
4m,4m,True,1,1,11,11,0,0,0.8810750246047974,exact_match,9012.0
1p,1p,True,1,1,13,13,0,0,0.970424234867096,exact_match,9013.0
4m,4m,True,1,1,11,11,0,0,0.9765399694442749,exact_match,9014.0
8s,8m,False,1,1,19,14,0,5,0.3375054597854614,ukeire_loss,9015.0
1m,1m,True,1,1,10,10,0,0,0.9577960968017578,exact_match,9016.0
9s,6m,False,2,1,24,10,1,14,0.9313696622848511,better_shanten,9017.0
9s,9s,True,1,1,11,11,0,0,0.4828858971595764,exact_match,9018.0
1p,green,False,1,1,10,16,0,-6,0.4945748746395111,better_ukeire,9019.0
green,south,False,1,1,9,8,0,1,0.4599230885505676,near_equivalent,9020.0
north,north,True,4,4,74,74,0,0,0.9077978730201721,exact_match,9021.0
west,west,True,6,6,120,120,0,0,0.6667966842651367,exact_match,9022.0
green,green,True,3,3,52,52,0,0,0.6733372211456299,exact_match,9023.0
green,green,True,5,5,85,85,0,0,0.2754497528076172,exact_match,9024.0
2s,8s,False,3,3,56,52,0,4,0.35257336497306824,ukeire_loss,9025.0
red,east,False,5,5,83,82,0,1,0.3147103786468506,near_equivalent,9026.0
8s,east,False,2,2,36,38,0,-2,0.37943342328071594,near_equivalent,9027.0
white,1m,False,4,4,73,69,0,4,0.3529822528362274,ukeire_loss,9028.0
2m,east,False,2,2,42,52,0,-10,0.4367353916168213,better_ukeire,9029.0
1m,1m,True,3,3,65,65,0,0,0.6532805562019348,exact_match,9030.0
red,red,True,2,2,41,41,0,0,0.7822163105010986,exact_match,9031.0
east,east,True,2,2,14,14,0,0,0.4647457003593445,exact_match,9032.0
8s,8s,True,2,2,40,40,0,0,0.6437849998474121,exact_match,9033.0
2m,2m,True,2,2,13,13,0,0,0.8652425408363342,exact_match,9034.0
east,9p,False,2,2,48,39,0,9,0.3531458079814911,ukeire_loss,9035.0
8p,8p,True,2,2,12,12,0,0,0.6834282875061035,exact_match,9036.0
1m,1m,True,2,2,46,46,0,0,0.881679356098175,exact_match,9037.0
4s,3p,False,2,2,8,14,0,-6,0.3411805331707001,better_ukeire,9038.0
9p,6p,False,2,2,47,44,0,3,0.41520795226097107,ukeire_loss,9039.0
2s,2s,True,2,2,8,8,0,0,0.6196997761726379,exact_match,9040.0
3p,1s,False,3,2,53,47,1,6,0.683471143245697,better_shanten,9041.0
east,east,True,2,2,8,8,0,0,0.628858208656311,exact_match,9042.0
north,west,False,4,4,67,67,0,0,0.5492700934410095,equivalent,9043.0
west,west,True,4,4,65,65,0,0,0.42288604378700256,exact_match,9044.0
west,west,True,4,4,82,82,0,0,0.8670406341552734,exact_match,9045.0
9p,east,False,3,3,18,18,0,0,0.506350576877594,equivalent,9046.0
red,east,False,3,3,72,73,0,-1,0.495952844619751,near_equivalent,9047.0
east,east,True,3,3,26,26,0,0,0.6139439344406128,exact_match,9048.0
east,east,True,2,2,11,11,0,0,0.9421630501747131,exact_match,9049.0
white,white,True,3,3,53,53,0,0,0.4598816931247711,exact_match,9050.0
1m,1m,True,2,2,33,33,0,0,0.5235807299613953,exact_match,9051.0
green,green,True,2,2,22,22,0,0,0.9071346521377563,exact_match,9052.0
6s,south,False,1,2,7,47,-1,-40,0.3458622395992279,shanten_loss,9053.0
3m,3m,True,2,2,33,33,0,0,0.510779619216919,exact_match,9054.0
white,white,True,1,1,7,7,0,0,0.941530168056488,exact_match,9055.0
3m,3m,True,2,2,32,32,0,0,0.90435791015625,exact_match,9056.0
south,south,True,1,1,11,11,0,0,0.46145644783973694,exact_match,9057.0
2m,2m,True,2,2,32,32,0,0,0.9178236722946167,exact_match,9058.0
3m,3m,True,1,1,11,11,0,0,0.6664835214614868,exact_match,9059.0
8p,8p,True,2,2,38,38,0,0,0.407937616109848,exact_match,9060.0
8p,8p,True,1,1,11,11,0,0,0.7545517086982727,exact_match,9061.0
7s,2s,False,1,1,10,10,0,0,0.6514427661895752,equivalent,9062.0
south,south,True,0,0,4,4,0,0,0.9902316927909851,exact_match,9063.0
2s,2s,True,1,1,13,13,0,0,0.657990574836731,exact_match,9064.0
green,green,True,1,1,13,13,0,0,0.8925070762634277,exact_match,9065.0
8m,5m,False,0,0,6,6,0,0,0.297526091337204,equivalent,9066.0
north,north,True,4,4,73,73,0,0,0.6154991984367371,exact_match,9067.0
green,green,True,3,3,53,53,0,0,0.45388263463974,exact_match,9068.0
white,9p,False,2,2,42,34,0,8,0.42753317952156067,ukeire_loss,9069.0
9p,9p,True,1,1,9,9,0,0,0.5697238445281982,exact_match,9070.0
2m,2m,True,0,0,4,4,0,0,0.9886457920074463,exact_match,9071.0
6s,6s,True,0,0,4,4,0,0,0.9287667274475098,exact_match,9072.0
6m,6m,True,0,0,3,3,0,0,0.9228017330169678,exact_match,9073.0
7s,6s,False,1,0,9,3,1,6,0.8618191480636597,better_shanten,9074.0
west,west,True,3,3,50,50,0,0,0.5391325950622559,exact_match,9075.0
east,9p,False,3,3,64,57,0,7,0.44622281193733215,ukeire_loss,9076.0
1p,9p,False,3,3,64,73,0,-9,0.7628940939903259,better_ukeire,9077.0
9p,9p,True,2,2,46,46,0,0,0.7826817631721497,exact_match,9078.0
green,green,True,1,1,11,11,0,0,0.950375497341156,exact_match,9079.0
8s,8s,True,1,1,11,11,0,0,0.975871741771698,exact_match,9080.0
5s,5s,True,1,1,29,29,0,0,0.7217577695846558,exact_match,9081.0
white,white,True,1,1,29,29,0,0,0.9530513286590576,exact_match,9082.0
7m,6m,False,0,0,6,6,0,0,0.46355652809143066,equivalent,9083.0
1s,1s,True,3,3,61,61,0,0,0.5284934639930725,exact_match,9084.0
east,east,True,4,4,69,69,0,0,0.4861137866973877,exact_match,9085.0
9p,9p,True,2,2,31,31,0,0,0.4953208863735199,exact_match,9086.0
1m,1m,True,3,3,28,28,0,0,0.3530431091785431,exact_match,9087.0
1p,white,False,2,1,42,11,1,31,0.4069095551967621,better_shanten,9088.0
9m,9m,True,3,3,28,28,0,0,0.7293902635574341,exact_match,9089.0
3p,white,False,1,1,22,33,0,-11,0.6007019281387329,better_ukeire,9090.0
white,white,True,3,3,62,62,0,0,0.4584326148033142,exact_match,9091.0
9s,9s,True,1,1,21,21,0,0,0.5688381195068359,exact_match,9092.0
2m,2m,True,3,3,60,60,0,0,0.6012071371078491,exact_match,9093.0
white,white,True,1,1,22,22,0,0,0.5908256769180298,exact_match,9094.0
south,south,True,2,2,19,19,0,0,0.6128014922142029,exact_match,9095.0
west,north,False,1,1,21,20,0,1,0.5395426154136658,near_equivalent,9096.0
5m,5m,True,1,1,11,11,0,0,0.6179367899894714,exact_match,9097.0
north,4s,False,1,1,35,19,0,16,0.4476918876171112,ukeire_loss,9098.0
5m,1p,False,1,1,29,35,0,-6,0.893508791923523,better_ukeire,9099.0
9m,1p,False,2,1,49,35,1,14,0.595565676689148,better_shanten,9100.0
8m,1p,False,2,1,49,35,1,14,0.8297343254089355,better_shanten,9101.0
7m,1p,False,2,1,46,13,1,33,0.8556046485900879,better_shanten,9102.0
north,north,True,4,4,86,86,0,0,0.6365857720375061,exact_match,9103.0
9s,west,False,3,3,19,19,0,0,0.46917468309402466,equivalent,9104.0
1m,1m,True,3,3,19,19,0,0,0.8425967693328857,exact_match,9105.0
3s,west,False,3,3,22,22,0,0,0.43255412578582764,equivalent,9106.0
2p,2p,True,3,3,22,22,0,0,0.47055113315582275,exact_match,9107.0
west,west,True,3,3,21,21,0,0,0.2892618775367737,exact_match,9108.0
1s,8p,False,3,3,37,42,0,-5,0.2833977937698364,better_ukeire,9109.0
9m,red,False,3,3,21,24,0,-3,0.36103737354278564,better_ukeire,9110.0
2s,2s,True,2,2,11,11,0,0,0.5031585693359375,exact_match,9111.0
9m,9m,True,3,3,24,24,0,0,0.7801344394683838,exact_match,9112.0
9m,9m,True,2,2,12,12,0,0,0.5510230660438538,exact_match,9113.0
3m,white,False,2,2,17,20,0,-3,0.6775282025337219,better_ukeire,9114.0
3p,3p,True,2,2,11,11,0,0,0.790307343006134,exact_match,9115.0
1m,1m,True,1,1,10,10,0,0,0.8071320652961731,exact_match,9116.0
5s,white,False,2,2,12,11,0,1,0.6621857285499573,near_equivalent,9117.0
white,white,True,0,0,7,7,0,0,0.8535239100456238,exact_match,9118.0
5m,5m,True,0,0,7,7,0,0,0.8912904262542725,exact_match,9119.0
white,1p,False,2,2,11,9,0,2,0.4443928301334381,near_equivalent,9120.0
5s,5s,True,0,0,7,7,0,0,0.9716672897338867,exact_match,9121.0
1p,8p,False,2,3,22,41,-1,-19,0.3104304373264313,shanten_loss,9122.0
8p,8p,True,0,0,7,7,0,0,0.9874922037124634,exact_match,9123.0
6s,3m,False,2,2,7,17,0,-10,0.3686549961566925,better_ukeire,9124.0
west,west,True,0,0,7,7,0,0,0.9556651711463928,exact_match,9125.0
6p,8p,False,1,2,5,5,-1,0,0.6640470027923584,shanten_loss,9126.0
north,east,False,4,4,52,53,0,-1,0.45590999722480774,near_equivalent,9127.0
east,9p,False,4,4,79,78,0,1,0.5353114604949951,near_equivalent,9128.0
red,east,False,3,3,29,32,0,-3,0.7620832920074463,better_ukeire,9129.0
9p,9p,True,3,3,21,21,0,0,0.7197331190109253,exact_match,9130.0
1m,6p,False,3,3,67,60,0,7,0.36702656745910645,ukeire_loss,9131.0
4p,8p,False,3,3,31,25,0,6,0.5666507482528687,ukeire_loss,9132.0
green,6p,False,2,2,12,12,0,0,0.44188180565834045,equivalent,9133.0
west,east,False,2,2,25,26,0,-1,0.41371950507164,near_equivalent,9134.0
6p,6p,True,2,2,16,16,0,0,0.5862625241279602,exact_match,9135.0
4p,4p,True,2,2,21,21,0,0,0.46727341413497925,exact_match,9136.0
1m,1m,True,2,2,15,15,0,0,0.6652495265007019,exact_match,9137.0
1p,east,False,1,1,7,7,0,0,0.31120145320892334,equivalent,9138.0
7s,7s,True,1,1,7,7,0,0,0.5435702204704285,exact_match,9139.0
east,6m,False,1,1,7,7,0,0,0.30956950783729553,equivalent,9140.0
7p,7p,True,1,1,7,7,0,0,0.9020351767539978,exact_match,9141.0
1m,3p,False,2,1,35,6,1,29,0.6361782550811768,better_shanten,9142.0
green,green,True,1,1,7,7,0,0,0.7012192606925964,exact_match,9143.0
1p,2m,False,2,1,32,2,1,30,0.5917305946350098,better_shanten,9144.0
9m,9m,True,1,1,8,8,0,0,0.48203593492507935,exact_match,9145.0
2m,2m,True,2,2,43,43,0,0,0.7944905161857605,exact_match,9146.0
8m,8s,False,1,1,7,7,0,0,0.6099498271942139,equivalent,9147.0
1s,1s,True,1,1,19,19,0,0,0.4597514271736145,exact_match,9148.0
5p,5p,True,1,1,7,7,0,0,0.8097638487815857,exact_match,9149.0
8p,8p,True,0,0,3,3,0,0,0.7548395991325378,exact_match,9150.0
8p,8p,True,1,1,7,7,0,0,0.9670179486274719,exact_match,9151.0
9s,9s,True,0,0,3,3,0,0,0.9928493499755859,exact_match,9152.0
8s,8s,True,1,1,7,7,0,0,0.6758967638015747,exact_match,9153.0
north,north,True,4,4,60,60,0,0,0.9120458960533142,exact_match,9154.0
white,white,True,3,3,20,20,0,0,0.7594924569129944,exact_match,9155.0
green,green,True,2,2,16,16,0,0,0.9088698625564575,exact_match,9156.0
8s,5s,False,1,1,8,8,0,0,0.497851699590683,equivalent,9157.0
1p,1p,True,2,2,16,16,0,0,0.6968000531196594,exact_match,9158.0
white,white,True,2,2,18,18,0,0,0.9159966111183167,exact_match,9159.0
3p,3p,True,2,2,18,18,0,0,0.7455823421478271,exact_match,9160.0
5s,5s,True,2,2,21,21,0,0,0.422229140996933,exact_match,9161.0
7s,7s,True,2,2,21,21,0,0,0.4996317923069,exact_match,9162.0
7m,7m,True,1,1,13,13,0,0,0.8637207746505737,exact_match,9163.0
1s,1s,True,3,3,48,48,0,0,0.9279258847236633,exact_match,9164.0
9p,9p,True,3,3,21,21,0,0,0.5647140145301819,exact_match,9165.0
2p,green,False,3,3,36,48,0,-12,0.591916561126709,better_ukeire,9166.0
1s,1s,True,3,3,20,20,0,0,0.7549249529838562,exact_match,9167.0
2p,2p,True,3,3,35,35,0,0,0.5960938334465027,exact_match,9168.0
green,south,False,3,3,19,20,0,-1,0.6573175191879272,near_equivalent,9169.0
green,green,True,2,2,31,31,0,0,0.5232191681861877,exact_match,9170.0
east,north,False,3,3,19,19,0,0,0.500345766544342,equivalent,9171.0
1s,1s,True,2,2,29,29,0,0,0.9292870163917542,exact_match,9172.0
south,south,True,3,3,67,67,0,0,0.39268311858177185,exact_match,9173.0
east,east,True,1,1,15,15,0,0,0.5860909819602966,exact_match,9174.0
north,north,True,2,2,18,18,0,0,0.5196065306663513,exact_match,9175.0
red,red,True,1,1,15,15,0,0,0.8106371760368347,exact_match,9176.0
north,north,True,2,2,17,17,0,0,0.8423805832862854,exact_match,9177.0
7p,7p,True,1,1,15,15,0,0,0.9040987491607666,exact_match,9178.0
9p,9p,True,2,2,17,17,0,0,0.8835967779159546,exact_match,9179.0
2s,2s,True,1,1,13,13,0,0,0.8752569556236267,exact_match,9180.0
4p,9s,False,1,2,10,25,-1,-15,0.2780437469482422,shanten_loss,9181.0
5s,7s,False,1,1,18,18,0,0,0.2480919510126114,equivalent,9182.0
white,white,True,2,2,16,16,0,0,0.9566512703895569,exact_match,9183.0
2m,2m,True,2,2,20,20,0,0,0.789639413356781,exact_match,9184.0
1m,1m,True,2,2,19,19,0,0,0.9725556969642639,exact_match,9185.0
5s,5s,True,2,2,21,21,0,0,0.4130796790122986,exact_match,9186.0
2s,7p,False,1,1,9,10,0,-1,0.3839377462863922,near_equivalent,9187.0
5s,5s,True,1,1,7,7,0,0,0.4440465569496155,exact_match,9188.0
9s,9s,True,1,1,6,6,0,0,0.8812151551246643,exact_match,9189.0
6m,6m,True,1,1,6,6,0,0,0.40300408005714417,exact_match,9190.0
1m,1s,False,3,3,41,41,0,0,0.5988177061080933,equivalent,9191.0
north,north,True,3,3,40,40,0,0,0.567575216293335,exact_match,9192.0
1s,1s,True,2,2,19,19,0,0,0.8417694568634033,exact_match,9193.0
2p,2p,True,1,1,12,12,0,0,0.8887974619865417,exact_match,9194.0
9m,6s,False,1,1,11,11,0,0,0.6654787659645081,equivalent,9195.0
2m,2m,True,1,1,11,11,0,0,0.8300352692604065,exact_match,9196.0
6s,6s,True,1,1,10,10,0,0,0.7198221683502197,exact_match,9197.0
1s,1s,True,4,4,82,82,0,0,0.6892886161804199,exact_match,9198.0
1p,north,False,4,4,77,81,0,-4,0.39978983998298645,better_ukeire,9199.0
north,2m,False,3,3,66,54,0,12,0.5461255311965942,ukeire_loss,9200.0
red,2m,False,2,2,56,44,0,12,0.7000706195831299,ukeire_loss,9201.0
2m,2m,True,1,1,11,11,0,0,0.9222055673599243,exact_match,9202.0
3m,3m,True,1,1,11,11,0,0,0.9678601026535034,exact_match,9203.0
5m,5m,True,1,1,11,11,0,0,0.951252818107605,exact_match,9204.0
8s,8s,True,1,1,13,13,0,0,0.6643549203872681,exact_match,9205.0
9s,9s,True,0,0,5,5,0,0,0.9823740720748901,exact_match,9206.0
1m,1m,True,0,0,5,5,0,0,0.9961203336715698,exact_match,9207.0
8s,8s,True,0,0,5,5,0,0,0.9868245720863342,exact_match,9208.0
2p,2p,True,0,0,5,5,0,0,0.9786165356636047,exact_match,9209.0
9m,south,False,4,4,86,94,0,-8,0.6775529980659485,better_ukeire,9210.0
1p,north,False,3,3,17,17,0,0,0.3605317175388336,equivalent,9211.0
south,south,True,4,4,85,85,0,0,0.8786407113075256,exact_match,9212.0
west,west,True,3,3,17,17,0,0,0.8479977250099182,exact_match,9213.0
1m,red,False,4,3,84,32,1,52,0.7658247947692871,better_shanten,9214.0
1m,north,False,3,3,17,17,0,0,0.42455193400382996,equivalent,9215.0
east,east,True,4,4,82,82,0,0,0.46871310472488403,exact_match,9216.0
north,north,True,3,3,58,58,0,0,0.34121277928352356,exact_match,9217.0
2m,red,False,3,3,56,69,0,-13,0.4743037521839142,better_ukeire,9218.0
green,red,False,2,2,53,53,0,0,0.40700462460517883,equivalent,9219.0
2s,red,False,2,2,20,20,0,0,0.7218588590621948,equivalent,9220.0
red,8m,False,1,1,13,12,0,1,0.5726826786994934,near_equivalent,9221.0
6s,red,False,1,1,16,16,0,0,0.8716513514518738,equivalent,9222.0
1s,1s,True,1,1,13,13,0,0,0.7155095934867859,exact_match,9223.0
1s,red,False,1,1,16,27,0,-11,0.9021390080451965,better_ukeire,9224.0
6p,6p,True,1,1,25,25,0,0,0.8010426759719849,exact_match,9225.0
9m,9m,True,1,1,16,16,0,0,0.8542233109474182,exact_match,9226.0
5p,5p,True,1,1,24,24,0,0,0.9887719750404358,exact_match,9227.0
red,red,True,0,0,7,7,0,0,0.9781526923179626,exact_match,9228.0
5m,5m,True,1,1,23,23,0,0,0.931108295917511,exact_match,9229.0
white,white,True,0,0,7,7,0,0,0.9915766716003418,exact_match,9230.0
7m,8m,False,0,1,6,21,-1,-15,0.6842902898788452,shanten_loss,9231.0
7s,7s,True,0,0,7,7,0,0,0.9351571202278137,exact_match,9232.0
4m,4m,True,0,0,6,6,0,0,0.9677242040634155,exact_match,9233.0
9s,9s,True,0,0,7,7,0,0,0.9745573997497559,exact_match,9234.0
3p,3p,True,0,0,6,6,0,0,0.9219394326210022,exact_match,9235.0
east,9s,False,3,3,51,43,0,8,0.7597875595092773,ukeire_loss,9236.0
8p,8p,True,1,1,17,17,0,0,0.7966136932373047,exact_match,9237.0
9s,9p,False,3,3,49,50,0,-1,0.5300815105438232,near_equivalent,9238.0
white,white,True,1,1,16,16,0,0,0.9637352824211121,exact_match,9239.0
9p,9p,True,3,3,56,56,0,0,0.5927048325538635,exact_match,9240.0
1m,1m,True,1,1,16,16,0,0,0.8845434188842773,exact_match,9241.0
green,green,True,2,2,40,40,0,0,0.5333453416824341,exact_match,9242.0
west,2s,False,3,2,52,39,1,13,0.3661143481731415,better_shanten,9243.0
west,south,False,3,3,64,63,0,1,0.36374062299728394,near_equivalent,9244.0
west,west,True,4,4,57,57,0,0,0.6818182468414307,exact_match,9245.0
south,south,True,4,4,74,74,0,0,0.5588399767875671,exact_match,9246.0
1p,1p,True,4,4,69,69,0,0,0.3706951141357422,exact_match,9247.0
red,9p,False,4,4,73,69,0,4,0.5776384472846985,ukeire_loss,9248.0
9s,west,False,4,4,65,69,0,-4,0.6427040100097656,better_ukeire,9249.0
north,north,True,3,3,24,24,0,0,0.5317574143409729,exact_match,9250.0
9m,green,False,3,3,20,20,0,0,0.25356361269950867,equivalent,9251.0
9p,9p,True,3,3,46,46,0,0,0.6250157356262207,exact_match,9252.0
9m,9m,True,3,3,20,20,0,0,0.7011660933494568,exact_match,9253.0
8m,white,False,3,3,45,45,0,0,0.7405515909194946,equivalent,9254.0
3p,3p,True,3,3,19,19,0,0,0.6548591256141663,exact_match,9255.0
1m,1m,True,2,2,19,19,0,0,0.6512133479118347,exact_match,9256.0
1s,green,False,3,3,53,54,0,-1,0.3251047134399414,near_equivalent,9257.0
white,white,True,1,1,15,15,0,0,0.8628320693969727,exact_match,9258.0
9p,white,False,3,3,36,51,0,-15,0.5339508652687073,better_ukeire,9259.0
1m,1m,True,1,1,15,15,0,0,0.9759461879730225,exact_match,9260.0
3m,white,False,3,3,34,41,0,-7,0.39376991987228394,better_ukeire,9261.0
green,green,True,1,1,15,15,0,0,0.9519330263137817,exact_match,9262.0
white,green,False,3,3,41,41,0,0,0.29553699493408203,equivalent,9263.0
6p,8p,False,0,0,4,3,0,1,0.6041061878204346,near_equivalent,9264.0
north,north,True,3,3,41,41,0,0,0.37569791078567505,exact_match,9265.0
east,east,True,0,0,4,4,0,0,0.9931715726852417,exact_match,9266.0
2s,east,False,4,3,41,40,1,1,0.4833906292915344,better_shanten,9267.0
7p,7p,True,0,0,4,4,0,0,0.6942383646965027,exact_match,9268.0
7p,2s,False,4,4,10,49,0,-39,0.3684958815574646,better_ukeire,9269.0
9p,2s,False,4,4,40,44,0,-4,0.5042685270309448,better_ukeire,9270.0
west,west,True,3,3,51,51,0,0,0.8769117593765259,exact_match,9271.0
red,red,True,3,3,74,74,0,0,0.8103851079940796,exact_match,9272.0
2m,2m,True,2,2,21,21,0,0,0.6009212136268616,exact_match,9273.0
white,green,False,3,3,60,60,0,0,0.5567530393600464,equivalent,9274.0
4p,9m,False,1,1,15,15,0,0,0.8511155247688293,equivalent,9275.0
green,green,True,1,1,15,15,0,0,0.8538487553596497,exact_match,9276.0
green,green,True,3,3,71,71,0,0,0.6472883224487305,exact_match,9277.0
9m,9m,True,1,1,28,28,0,0,0.7669724822044373,exact_match,9278.0
1s,1s,True,1,1,28,28,0,0,0.9774752855300903,exact_match,9279.0
8m,8m,True,3,3,68,68,0,0,0.7148373126983643,exact_match,9280.0
8m,8m,True,1,1,28,28,0,0,0.38663503527641296,exact_match,9281.0
3s,7s,False,2,2,55,53,0,2,0.6249904632568359,near_equivalent,9282.0
south,south,True,1,1,28,28,0,0,0.9537954330444336,exact_match,9283.0
3m,7s,False,1,2,11,51,-1,-40,0.6173343062400818,shanten_loss,9284.0
6m,8p,False,1,1,28,18,0,10,0.37404438853263855,ukeire_loss,9285.0
3p,4s,False,1,2,15,19,-1,-4,0.4272688031196594,shanten_loss,9286.0
5p,5p,True,1,1,28,28,0,0,0.7335355281829834,exact_match,9287.0
8p,8p,True,0,0,7,7,0,0,0.7340447306632996,exact_match,9288.0
5p,5p,True,0,0,7,7,0,0,0.9730952978134155,exact_match,9289.0
west,north,False,5,5,86,86,0,0,0.42140862345695496,equivalent,9290.0
1p,1p,True,3,3,27,27,0,0,0.6406314373016357,exact_match,9291.0
north,north,True,5,5,90,90,0,0,0.4709177315235138,exact_match,9292.0
9m,9m,True,3,3,26,26,0,0,0.8395683169364929,exact_match,9293.0
1m,white,False,4,4,47,55,0,-8,0.2721204161643982,better_ukeire,9294.0
6s,2m,False,3,3,47,25,0,22,0.5194042921066284,ukeire_loss,9295.0
9m,2m,False,4,4,44,46,0,-2,0.5844497084617615,near_equivalent,9296.0
1s,1s,True,2,2,18,18,0,0,0.5087196826934814,exact_match,9297.0
2m,south,False,4,4,49,60,0,-11,0.2830180525779724,better_ukeire,9298.0
3m,3m,True,1,1,10,10,0,0,0.7808147668838501,exact_match,9299.0
9p,9p,True,4,4,48,48,0,0,0.5015479922294617,exact_match,9300.0
5p,5p,True,0,0,7,7,0,0,0.9812986254692078,exact_match,9301.0
east,east,True,3,3,42,42,0,0,0.3380314111709595,exact_match,9302.0
green,green,True,0,0,7,7,0,0,0.988958477973938,exact_match,9303.0
white,3m,False,3,3,40,41,0,-1,0.4257901608943939,near_equivalent,9304.0
red,red,True,0,0,7,7,0,0,0.9699657559394836,exact_match,9305.0
red,red,True,2,2,17,17,0,0,0.5500944256782532,exact_match,9306.0
9p,red,False,3,3,56,65,0,-9,0.3002517521381378,better_ukeire,9307.0
9m,red,False,2,2,20,20,0,0,0.4225884974002838,equivalent,9308.0
2m,red,False,2,2,20,23,0,-3,0.5048420429229736,better_ukeire,9309.0
4s,5p,False,2,2,23,19,0,4,0.5473528504371643,ukeire_loss,9310.0
red,red,True,1,1,16,16,0,0,0.614188551902771,exact_match,9311.0
5p,5p,True,0,0,8,8,0,0,0.9888083338737488,exact_match,9312.0
east,east,True,0,0,8,8,0,0,0.9895545244216919,exact_match,9313.0
5s,5s,True,0,0,8,8,0,0,0.9869915246963501,exact_match,9314.0
2p,2p,True,0,0,8,8,0,0,0.9951737523078918,exact_match,9315.0
8p,8p,True,0,0,8,8,0,0,0.9950132966041565,exact_match,9316.0
8p,8p,True,0,0,8,8,0,0,0.9957042336463928,exact_match,9317.0
9s,9s,True,4,4,71,71,0,0,0.38964739441871643,exact_match,9318.0
2s,south,False,2,2,18,18,0,0,0.5242034792900085,equivalent,9319.0
red,east,False,3,3,58,59,0,-1,0.4335583448410034,near_equivalent,9320.0
south,south,True,1,1,16,16,0,0,0.8873884081840515,exact_match,9321.0
2m,east,False,2,2,16,16,0,0,0.8746223449707031,equivalent,9322.0
7p,7p,True,1,1,16,16,0,0,0.9139267206192017,exact_match,9323.0
white,white,True,2,2,15,15,0,0,0.6893432140350342,exact_match,9324.0
8m,8m,True,1,1,16,16,0,0,0.9622781872749329,exact_match,9325.0
2m,2m,True,2,2,15,15,0,0,0.8129861354827881,exact_match,9326.0
south,south,True,1,1,16,16,0,0,0.8777761459350586,exact_match,9327.0
3s,3s,True,2,2,15,15,0,0,0.4358486533164978,exact_match,9328.0
white,white,True,1,1,16,16,0,0,0.8125485777854919,exact_match,9329.0
west,west,True,2,2,15,15,0,0,0.6844347715377808,exact_match,9330.0
south,south,True,1,1,15,15,0,0,0.890847384929657,exact_match,9331.0
1m,1m,True,2,2,14,14,0,0,0.838309109210968,exact_match,9332.0
4s,4s,True,1,1,14,14,0,0,0.8852879405021667,exact_match,9333.0
east,east,True,2,2,20,20,0,0,0.6077251434326172,exact_match,9334.0
1s,1s,True,1,1,14,14,0,0,0.923435389995575,exact_match,9335.0
8m,9m,False,1,1,16,16,0,0,0.3459460735321045,equivalent,9336.0
8p,8p,True,1,1,14,14,0,0,0.8952036499977112,exact_match,9337.0
2m,2m,True,0,0,7,7,0,0,0.937646746635437,exact_match,9338.0
9m,9m,True,1,1,20,20,0,0,0.4286942183971405,exact_match,9339.0
3m,3m,True,0,0,7,7,0,0,0.9637102484703064,exact_match,9340.0
5p,5p,True,1,1,12,12,0,0,0.7230835556983948,exact_match,9341.0
9p,9p,True,0,0,6,6,0,0,0.9768110513687134,exact_match,9342.0
5p,green,False,1,0,14,3,1,11,0.6696938276290894,better_shanten,9343.0
1m,1m,True,0,0,6,6,0,0,0.9694927930831909,exact_match,9344.0
2s,2p,False,1,0,6,3,1,3,0.4726760983467102,better_shanten,9345.0
1m,1m,True,0,0,6,6,0,0,0.8869052529335022,exact_match,9346.0
1s,1s,True,1,1,6,6,0,0,0.4313347339630127,exact_match,9347.0
3m,3m,True,0,0,6,6,0,0,0.5968593955039978,exact_match,9348.0
5m,5m,True,2,2,22,22,0,0,0.3229929804801941,exact_match,9349.0
4p,4p,True,0,0,6,6,0,0,0.6712031364440918,exact_match,9350.0
6m,3s,False,2,1,26,10,1,16,0.3372652530670166,better_shanten,9351.0
5s,4m,False,0,1,6,10,-1,-4,0.42943987250328064,shanten_loss,9352.0
east,east,True,3,3,30,30,0,0,0.7389914393424988,exact_match,9353.0
1s,1m,False,4,4,81,77,0,4,0.4071829915046692,ukeire_loss,9354.0
1p,green,False,2,2,16,16,0,0,0.6435284614562988,equivalent,9355.0
1m,1m,True,3,3,62,62,0,0,0.5865931510925293,exact_match,9356.0
2s,north,False,3,2,43,16,1,27,0.5286099314689636,better_shanten,9357.0
west,4m,False,3,3,68,61,0,7,0.3502886891365051,ukeire_loss,9358.0
north,green,False,3,3,43,44,0,-1,0.349309504032135,near_equivalent,9359.0
north,north,True,2,2,48,48,0,0,0.43825334310531616,exact_match,9360.0
south,green,False,2,2,20,20,0,0,0.5251278877258301,equivalent,9361.0
4m,4m,True,1,1,15,15,0,0,0.6381340622901917,exact_match,9362.0
7s,7s,True,2,2,18,18,0,0,0.3919529616832733,exact_match,9363.0
7m,3p,False,1,1,37,33,0,4,0.76446932554245,ukeire_loss,9364.0
7m,7m,True,2,2,18,18,0,0,0.7172182202339172,exact_match,9365.0
3p,3p,True,0,0,5,5,0,0,0.9891836643218994,exact_match,9366.0
1m,green,False,2,2,19,19,0,0,0.49326613545417786,equivalent,9367.0
2s,2s,True,0,0,5,5,0,0,0.9835045337677002,exact_match,9368.0
green,green,True,2,2,19,19,0,0,0.4860565960407257,exact_match,9369.0
1s,1s,True,0,0,5,5,0,0,0.9949959516525269,exact_match,9370.0
9p,8s,False,1,1,12,16,0,-4,0.6494885087013245,better_ukeire,9371.0
3m,3m,True,0,0,5,5,0,0,0.9982849955558777,exact_match,9372.0
north,north,True,1,1,12,12,0,0,0.6871711611747742,exact_match,9373.0
4p,4p,True,0,0,5,5,0,0,0.990731418132782,exact_match,9374.0
1s,1s,True,1,1,11,11,0,0,0.7964648008346558,exact_match,9375.0
south,south,True,0,0,5,5,0,0,0.9905301928520203,exact_match,9376.0
9m,9m,True,1,1,11,11,0,0,0.5589677095413208,exact_match,9377.0
6p,north,False,4,4,27,69,0,-42,0.47814399003982544,better_ukeire,9378.0
8s,1m,False,4,3,26,21,1,5,0.43535834550857544,better_shanten,9379.0
2s,1m,False,4,4,24,25,0,-1,0.3647373616695404,near_equivalent,9380.0
2p,1m,False,4,4,23,54,0,-31,0.467693567276001,better_ukeire,9381.0
4p,1m,False,4,3,22,18,1,4,0.4581666588783264,better_shanten,9382.0
4p,4p,True,4,4,22,22,0,0,0.23143582046031952,exact_match,9383.0
1m,8s,False,4,4,22,23,0,-1,0.3002193868160248,near_equivalent,9384.0
8s,7p,False,4,4,46,46,0,0,0.47134146094322205,equivalent,9385.0
7p,north,False,4,4,43,54,0,-11,0.3542802929878235,better_ukeire,9386.0
north,north,True,4,4,50,50,0,0,0.5129099488258362,exact_match,9387.0
east,south,False,3,3,38,39,0,-1,0.45571407675743103,near_equivalent,9388.0
green,south,False,2,2,26,26,0,0,0.6790772676467896,equivalent,9389.0
west,south,False,2,2,26,26,0,0,0.5408017635345459,equivalent,9390.0
south,south,True,1,1,15,15,0,0,0.864841878414154,exact_match,9391.0
red,red,True,1,1,15,15,0,0,0.9634231328964233,exact_match,9392.0
1m,1m,True,2,2,12,12,0,0,0.7715153694152832,exact_match,9393.0
9s,south,False,2,2,12,12,0,0,0.7349416613578796,equivalent,9394.0
south,south,True,2,2,14,14,0,0,0.8163748383522034,exact_match,9395.0
south,south,True,2,2,13,13,0,0,0.846102237701416,exact_match,9396.0
1s,1s,True,1,1,8,8,0,0,0.5884042978286743,exact_match,9397.0
4p,5m,False,1,1,10,6,0,4,0.489381343126297,ukeire_loss,9398.0
white,white,True,1,1,10,10,0,0,0.9069843888282776,exact_match,9399.0
7m,7m,True,0,0,3,3,0,0,0.9673639535903931,exact_match,9400.0
4p,4p,True,0,0,3,3,0,0,0.9452551007270813,exact_match,9401.0
6m,west,False,5,5,53,33,0,20,0.3025255799293518,ukeire_loss,9402.0
5s,9s,False,4,5,40,49,-1,-9,0.22714602947235107,shanten_loss,9403.0
3m,1s,False,3,4,15,41,-1,-26,0.3299199044704437,shanten_loss,9404.0
5p,1s,False,2,3,11,12,-1,-1,0.45343276858329773,shanten_loss,9405.0
5p,2s,False,2,2,11,11,0,0,0.344130277633667,equivalent,9406.0
2m,2m,True,2,2,11,11,0,0,0.7555149793624878,exact_match,9407.0
2s,3p,False,2,2,10,10,0,0,0.23502621054649353,equivalent,9408.0
6s,6s,True,2,2,10,10,0,0,0.5687470436096191,exact_match,9409.0
8m,8m,True,2,2,10,10,0,0,0.44363635778427124,exact_match,9410.0
6m,6m,True,2,2,9,9,0,0,0.6856114268302917,exact_match,9411.0
9p,1p,False,2,3,9,21,-1,-12,0.4312629997730255,shanten_loss,9412.0
east,9p,False,1,2,5,5,-1,0,0.5921279788017273,shanten_loss,9413.0
3p,9p,False,1,2,5,5,-1,0,0.24679501354694366,shanten_loss,9414.0
3p,3p,True,1,1,5,5,0,0,0.35122770071029663,exact_match,9415.0
3s,3s,True,0,0,3,3,0,0,0.7526401281356812,exact_match,9416.0
north,north,True,0,0,3,3,0,0,0.45098504424095154,exact_match,9417.0
east,9s,False,4,4,56,57,0,-1,0.5644798874855042,near_equivalent,9418.0
north,north,True,3,3,45,45,0,0,0.5118516087532043,exact_match,9419.0
white,9s,False,3,3,57,54,0,3,0.5291402339935303,ukeire_loss,9420.0
2s,9s,False,2,2,23,23,0,0,0.6337751746177673,equivalent,9421.0
red,9s,False,2,2,20,20,0,0,0.6682104468345642,equivalent,9422.0
9s,9s,True,2,2,22,22,0,0,0.618575930595398,exact_match,9423.0
1s,1s,True,1,1,13,13,0,0,0.7791656255722046,exact_match,9424.0
6s,2m,False,1,1,15,12,0,3,0.7865560054779053,ukeire_loss,9425.0
9s,9s,True,4,4,61,61,0,0,0.4020903408527374,exact_match,9426.0
south,south,True,4,4,81,81,0,0,0.6673550009727478,exact_match,9427.0
east,north,False,4,4,60,62,0,-2,0.3343530595302582,near_equivalent,9428.0
red,1m,False,4,4,88,84,0,4,0.421909362077713,ukeire_loss,9429.0
west,west,True,3,3,22,22,0,0,0.35676196217536926,exact_match,9430.0
9m,9m,True,3,3,67,67,0,0,0.5372905731201172,exact_match,9431.0
red,red,True,3,3,44,44,0,0,0.8531350493431091,exact_match,9432.0
1m,1m,True,3,3,70,70,0,0,0.6345360279083252,exact_match,9433.0
9p,1m,False,2,2,14,12,0,2,0.26399657130241394,near_equivalent,9434.0
white,white,True,3,3,68,68,0,0,0.8528580069541931,exact_match,9435.0
9p,9p,True,2,2,15,15,0,0,0.7549978494644165,exact_match,9436.0
8p,8p,True,2,2,44,44,0,0,0.696946382522583,exact_match,9437.0
1m,1m,True,1,1,10,10,0,0,0.9513078331947327,exact_match,9438.0
2p,7s,False,2,2,52,47,0,5,0.44931524991989136,ukeire_loss,9439.0
3s,3p,False,2,2,51,50,0,1,0.7009477615356445,near_equivalent,9440.0
7p,7p,True,2,2,50,50,0,0,0.8941813707351685,exact_match,9441.0
green,green,True,2,2,15,15,0,0,0.7269577980041504,exact_match,9442.0
2p,2p,True,2,2,31,31,0,0,0.799755334854126,exact_match,9443.0
3p,3p,True,2,2,31,31,0,0,0.7915129661560059,exact_match,9444.0
1s,1s,True,1,1,9,9,0,0,0.8209162950515747,exact_match,9445.0
9m,9m,True,1,1,9,9,0,0,0.9224436283111572,exact_match,9446.0
green,green,True,1,1,9,9,0,0,0.9409075975418091,exact_match,9447.0
south,south,True,3,3,43,43,0,0,0.8217222094535828,exact_match,9448.0
white,white,True,2,2,16,16,0,0,0.9336681962013245,exact_match,9449.0
9p,red,False,2,2,14,14,0,0,0.8259722590446472,equivalent,9450.0
6p,6p,True,2,2,20,20,0,0,0.655444860458374,exact_match,9451.0
red,red,True,2,2,17,17,0,0,0.8627109527587891,exact_match,9452.0
4m,1p,False,2,2,20,20,0,0,0.3045392632484436,equivalent,9453.0
1p,north,False,3,2,58,16,1,42,0.8200600147247314,better_shanten,9454.0
2s,3s,False,2,3,27,60,-1,-33,0.29478853940963745,shanten_loss,9455.0
2p,west,False,3,3,51,58,0,-7,0.6649025082588196,better_ukeire,9456.0
5s,5s,True,2,2,26,26,0,0,0.8326111435890198,exact_match,9457.0
west,4s,False,3,3,57,49,0,8,0.47772660851478577,ukeire_loss,9458.0
3p,3p,True,1,1,15,15,0,0,0.5443938374519348,exact_match,9459.0
9m,9m,True,2,2,13,13,0,0,0.39320486783981323,exact_match,9460.0
1p,1p,True,0,0,8,8,0,0,0.9698579907417297,exact_match,9461.0
north,8s,False,1,1,10,10,0,0,0.4261890649795532,equivalent,9462.0
6p,6p,True,0,0,8,8,0,0,0.9975461363792419,exact_match,9463.0
7p,7p,True,1,1,8,8,0,0,0.8628934025764465,exact_match,9464.0
5m,5m,True,0,0,8,8,0,0,0.9907810091972351,exact_match,9465.0
green,green,True,4,4,70,70,0,0,0.38157597184181213,exact_match,9466.0
east,east,True,3,3,27,27,0,0,0.8418375253677368,exact_match,9467.0
white,white,True,3,3,19,19,0,0,0.3794548809528351,exact_match,9468.0
white,white,True,2,2,19,19,0,0,0.8206207752227783,exact_match,9469.0
south,south,True,3,3,66,66,0,0,0.6424756050109863,exact_match,9470.0
north,north,True,2,2,23,23,0,0,0.9337965250015259,exact_match,9471.0
green,green,True,3,3,66,66,0,0,0.8746684193611145,exact_match,9472.0
9m,9m,True,1,1,11,11,0,0,0.5274299383163452,exact_match,9473.0
9p,3m,False,3,3,71,61,0,10,0.47659701108932495,ukeire_loss,9474.0
north,north,True,1,1,11,11,0,0,0.8019987940788269,exact_match,9475.0
9s,9s,True,2,2,50,50,0,0,0.31507256627082825,exact_match,9476.0
1p,1p,True,1,1,11,11,0,0,0.915235161781311,exact_match,9477.0
3m,3m,True,1,1,7,7,0,0,0.5818268060684204,exact_match,9478.0
3s,7m,False,1,1,6,11,0,-5,0.38370397686958313,better_ukeire,9479.0
2s,2s,True,0,0,4,4,0,0,0.9916131496429443,exact_match,9480.0
1m,1m,True,1,1,7,7,0,0,0.8438122868537903,exact_match,9481.0
7s,5s,False,0,0,4,4,0,0,0.9856089949607849,equivalent,9482.0
1s,8p,False,1,1,6,8,0,-2,0.4934564232826233,near_equivalent,9483.0
5s,7s,False,0,0,3,4,0,-1,0.8569014668464661,near_equivalent,9484.0
7s,8p,False,1,2,8,45,-1,-37,0.6409799456596375,shanten_loss,9485.0
red,red,True,0,0,3,3,0,0,0.9197615385055542,exact_match,9486.0
8p,8p,True,1,1,15,15,0,0,0.6686494946479797,exact_match,9487.0
2m,2m,True,0,0,3,3,0,0,0.35170426964759827,exact_match,9488.0
8m,8m,True,0,0,5,5,0,0,0.7277519702911377,exact_match,9489.0
green,green,True,2,2,15,15,0,0,0.7579337358474731,exact_match,9490.0
8m,8m,True,2,2,15,15,0,0,0.6271377205848694,exact_match,9491.0
green,green,True,2,2,15,15,0,0,0.8307388424873352,exact_match,9492.0
9m,9m,True,2,2,15,15,0,0,0.9319795370101929,exact_match,9493.0
green,green,True,2,2,13,13,0,0,0.8236750960350037,exact_match,9494.0
5p,5p,True,2,2,23,23,0,0,0.7088625431060791,exact_match,9495.0
red,red,True,2,2,22,22,0,0,0.7708218097686768,exact_match,9496.0
2p,2p,True,1,1,14,14,0,0,0.9345095157623291,exact_match,9497.0
3m,3m,True,0,0,7,7,0,0,0.9920039772987366,exact_match,9498.0
west,west,True,0,0,7,7,0,0,0.9958598017692566,exact_match,9499.0
green,green,True,0,0,7,7,0,0,0.9935737252235413,exact_match,9500.0
8m,8m,True,0,0,7,7,0,0,0.9933045506477356,exact_match,9501.0
9m,9m,True,2,2,50,50,0,0,0.8858462572097778,exact_match,9502.0
2m,2p,False,2,2,58,49,0,9,0.5440146923065186,ukeire_loss,9503.0
2p,6m,False,1,1,8,8,0,0,0.439746618270874,equivalent,9504.0
1s,6m,False,1,1,15,25,0,-10,0.5161261558532715,better_ukeire,9505.0
9m,9m,True,1,1,15,15,0,0,0.9809908866882324,exact_match,9506.0
9s,9s,True,1,1,14,14,0,0,0.7900699973106384,exact_match,9507.0
3s,6m,False,1,1,29,26,0,3,0.6589733362197876,ukeire_loss,9508.0
7s,6m,False,1,1,35,27,0,8,0.4725790023803711,ukeire_loss,9509.0
6m,6m,True,0,0,4,4,0,0,0.6878750920295715,exact_match,9510.0
9m,9m,True,0,0,4,4,0,0,0.9808893799781799,exact_match,9511.0
2s,east,False,3,3,41,52,0,-11,0.4130072295665741,better_ukeire,9512.0
east,east,True,3,3,40,40,0,0,0.5247129797935486,exact_match,9513.0
9p,9p,True,0,0,7,7,0,0,0.761559247970581,exact_match,9514.0
1p,6p,False,0,0,3,4,0,-1,0.3460090160369873,near_equivalent,9515.0
9m,9m,True,0,0,7,7,0,0,0.9790260791778564,exact_match,9516.0
5m,1s,False,0,1,3,12,-1,-9,0.3522654175758362,shanten_loss,9517.0
west,west,True,5,5,90,90,0,0,0.2746233344078064,exact_match,9518.0
1m,1m,True,3,3,52,52,0,0,0.6379928588867188,exact_match,9519.0
south,1p,False,4,4,79,71,0,8,0.4278864562511444,ukeire_loss,9520.0
9p,green,False,2,2,12,12,0,0,0.7765912413597107,equivalent,9521.0
white,1p,False,3,3,68,61,0,7,0.7324314713478088,ukeire_loss,9522.0
green,green,True,1,1,8,8,0,0,0.9164426326751709,exact_match,9523.0
1p,1p,True,2,2,12,12,0,0,0.8651573657989502,exact_match,9524.0
7m,7m,True,1,1,23,23,0,0,0.6576691269874573,exact_match,9525.0
1m,9p,False,1,2,8,63,-1,-55,0.6146131753921509,shanten_loss,9526.0
south,south,True,1,1,23,23,0,0,0.8330907225608826,exact_match,9527.0
red,red,True,1,1,8,8,0,0,0.699431836605072,exact_match,9528.0
green,green,True,1,1,22,22,0,0,0.8418022990226746,exact_match,9529.0
north,north,True,1,1,8,8,0,0,0.42170456051826477,exact_match,9530.0
6p,3s,False,0,1,3,37,-1,-34,0.5197024941444397,shanten_loss,9531.0
red,red,True,1,1,8,8,0,0,0.5540602207183838,exact_match,9532.0
3s,8s,False,0,0,4,3,0,1,0.5192212462425232,near_equivalent,9533.0
8s,8s,True,0,0,6,6,0,0,0.9216784834861755,exact_match,9534.0
north,north,True,4,4,74,74,0,0,0.8266794085502625,exact_match,9535.0
south,south,True,5,5,72,72,0,0,0.3603932857513428,exact_match,9536.0
1s,green,False,3,3,35,37,0,-2,0.44071531295776367,near_equivalent,9537.0
green,green,True,5,5,82,82,0,0,0.24756373465061188,exact_match,9538.0
green,green,True,3,3,42,42,0,0,0.7674168944358826,exact_match,9539.0
east,1m,False,4,4,72,68,0,4,0.29251226782798767,ukeire_loss,9540.0
2p,red,False,2,2,13,15,0,-2,0.8071560859680176,near_equivalent,9541.0
white,white,True,4,4,72,72,0,0,0.41314131021499634,exact_match,9542.0
9s,9s,True,2,2,13,13,0,0,0.8058767318725586,exact_match,9543.0
1m,1m,True,3,3,64,64,0,0,0.588434636592865,exact_match,9544.0
red,red,True,1,1,9,9,0,0,0.6982806921005249,exact_match,9545.0
2m,2m,True,3,3,63,63,0,0,0.6543119549751282,exact_match,9546.0
east,east,True,1,1,9,9,0,0,0.8467334508895874,exact_match,9547.0
9m,9m,True,2,2,15,15,0,0,0.5645953416824341,exact_match,9548.0
8s,8s,True,1,1,7,7,0,0,0.7322038412094116,exact_match,9549.0
1p,8m,False,3,2,58,15,1,43,0.7077726721763611,better_shanten,9550.0
7p,west,False,2,2,29,29,0,0,0.522687554359436,equivalent,9551.0
1s,white,False,3,3,20,20,0,0,0.48808279633522034,equivalent,9552.0
white,white,True,3,3,24,24,0,0,0.6905727386474609,exact_match,9553.0
8m,8m,True,3,3,28,28,0,0,0.3668569028377533,exact_match,9554.0
1p,1p,True,2,2,16,16,0,0,0.3439677357673645,exact_match,9555.0
9p,9p,True,2,2,42,42,0,0,0.2942454516887665,exact_match,9556.0
9s,9s,True,2,2,43,43,0,0,0.4607390761375427,exact_match,9557.0
south,south,True,2,2,42,42,0,0,0.6410812139511108,exact_match,9558.0
2s,2s,True,2,2,41,41,0,0,0.7369540929794312,exact_match,9559.0
2s,2s,True,2,2,38,38,0,0,0.7551107406616211,exact_match,9560.0
7s,7s,True,1,1,14,14,0,0,0.4607176184654236,exact_match,9561.0
6p,6p,True,0,0,3,3,0,0,0.7894546985626221,exact_match,9562.0
4m,1m,False,3,3,36,44,0,-8,0.5988658666610718,better_ukeire,9563.0
8m,1m,False,3,3,35,39,0,-4,0.3538517355918884,better_ukeire,9564.0
5p,1m,False,3,2,41,11,1,30,0.46915674209594727,better_shanten,9565.0
5p,white,False,3,3,39,53,0,-14,0.29467475414276123,better_ukeire,9566.0
1m,1m,True,2,2,12,12,0,0,0.5435915589332581,exact_match,9567.0
3m,3m,True,2,2,12,12,0,0,0.887998640537262,exact_match,9568.0
2m,2m,True,2,2,12,12,0,0,0.9134172201156616,exact_match,9569.0
1s,north,False,2,2,11,11,0,0,0.8019903302192688,equivalent,9570.0
6m,6m,True,2,2,11,11,0,0,0.8704254031181335,exact_match,9571.0
green,9p,False,2,2,11,11,0,0,0.42226552963256836,equivalent,9572.0
8m,8m,True,2,2,10,10,0,0,0.669838011264801,exact_match,9573.0
9p,west,False,2,2,10,10,0,0,0.5394013524055481,equivalent,9574.0
north,west,False,1,1,4,4,0,0,0.6915009617805481,equivalent,9575.0
east,east,True,1,1,4,4,0,0,0.562561571598053,exact_match,9576.0
west,west,True,1,1,3,3,0,0,0.9198442697525024,exact_match,9577.0
9s,8s,False,0,1,2,19,-1,-17,0.579724907875061,shanten_loss,9578.0
9p,9p,True,0,0,2,2,0,0,0.7603116631507874,exact_match,9579.0
west,west,True,5,5,88,88,0,0,0.6375215649604797,exact_match,9580.0
east,north,False,3,3,20,20,0,0,0.5614177584648132,equivalent,9581.0
9m,9p,False,4,4,43,43,0,0,0.33838847279548645,equivalent,9582.0
white,north,False,3,3,43,43,0,0,0.7068183422088623,equivalent,9583.0
9p,white,False,4,4,68,77,0,-9,0.5415731072425842,better_ukeire,9584.0
north,north,True,2,2,20,20,0,0,0.7829581499099731,exact_match,9585.0
south,south,True,4,4,68,68,0,0,0.6065971851348877,exact_match,9586.0
7s,7s,True,2,2,16,16,0,0,0.6263735890388489,exact_match,9587.0
white,white,True,4,4,78,78,0,0,0.4100210666656494,exact_match,9588.0
4p,2m,False,1,2,8,61,-1,-53,0.4536112844944,shanten_loss,9589.0
1p,1p,True,3,3,36,36,0,0,0.3229641318321228,exact_match,9590.0
west,west,True,1,1,8,8,0,0,0.8777739405632019,exact_match,9591.0
red,red,True,2,2,22,22,0,0,0.47815021872520447,exact_match,9592.0
3p,3p,True,1,1,8,8,0,0,0.9049105644226074,exact_match,9593.0
1m,1m,True,2,2,21,21,0,0,0.7500104904174805,exact_match,9594.0
8p,2m,False,1,2,8,60,-1,-52,0.30515381693840027,shanten_loss,9595.0
7m,8s,False,1,2,7,51,-1,-44,0.36508798599243164,shanten_loss,9596.0
east,east,True,1,1,8,8,0,0,0.7558362483978271,exact_match,9597.0
4p,3p,False,1,2,13,32,-1,-19,0.45070862770080566,shanten_loss,9598.0
1p,1p,True,1,1,8,8,0,0,0.9354470372200012,exact_match,9599.0
3m,3m,True,1,1,13,13,0,0,0.9065058827400208,exact_match,9600.0
5s,5s,True,0,0,4,4,0,0,0.4181325137615204,exact_match,9601.0
8p,8p,True,1,1,13,13,0,0,0.8951639533042908,exact_match,9602.0
8s,8s,True,0,0,4,4,0,0,0.8886563181877136,exact_match,9603.0
6s,5s,False,0,0,7,4,0,3,0.4824986159801483,ukeire_loss,9604.0
5p,5p,True,0,0,4,4,0,0,0.6953048706054688,exact_match,9605.0
north,north,True,4,4,74,74,0,0,0.48075205087661743,exact_match,9606.0
west,west,True,4,4,89,89,0,0,0.4709374010562897,exact_match,9607.0
9p,south,False,4,4,75,88,0,-13,0.7068074345588684,better_ukeire,9608.0
1m,south,False,4,3,68,18,1,50,0.4706825613975525,better_shanten,9609.0
2m,2m,True,3,3,32,32,0,0,0.38958579301834106,exact_match,9610.0
8s,south,False,3,3,38,40,0,-2,0.3402671813964844,near_equivalent,9611.0
1p,1p,True,3,3,37,37,0,0,0.6022742986679077,exact_match,9612.0
green,green,True,3,3,37,37,0,0,0.4502972364425659,exact_match,9613.0
red,south,False,2,2,13,13,0,0,0.4274962246417999,equivalent,9614.0
4s,7m,False,2,2,11,13,0,-2,0.5312894582748413,near_equivalent,9615.0
1s,white,False,3,2,29,11,1,18,0.44390571117401123,better_shanten,9616.0
1s,1s,True,2,2,11,11,0,0,0.5381045341491699,exact_match,9617.0
south,white,False,1,1,4,4,0,0,0.5392093658447266,equivalent,9618.0
1m,1m,True,1,1,4,4,0,0,0.5623301267623901,exact_match,9619.0
white,white,True,1,1,4,4,0,0,0.5494998097419739,exact_match,9620.0
8p,8p,True,0,0,2,2,0,0,0.4583768844604492,exact_match,9621.0
red,red,True,0,0,2,2,0,0,0.9384243488311768,exact_match,9622.0
2m,2m,True,0,0,2,2,0,0,0.97365802526474,exact_match,9623.0
3s,3s,True,1,1,20,20,0,0,0.8950371742248535,exact_match,9624.0
4s,4s,True,1,1,20,20,0,0,0.8965663909912109,exact_match,9625.0
6s,6s,True,1,1,20,20,0,0,0.9229103326797485,exact_match,9626.0
white,1s,False,3,3,66,66,0,0,0.5202900767326355,equivalent,9627.0
9m,west,False,2,2,20,20,0,0,0.6800262928009033,equivalent,9628.0
1s,south,False,3,3,64,65,0,-1,0.5845382213592529,near_equivalent,9629.0
2s,2s,True,2,2,20,20,0,0,0.8495269417762756,exact_match,9630.0
south,south,True,2,2,18,18,0,0,0.46542173624038696,exact_match,9631.0
2s,2s,True,2,2,20,20,0,0,0.8842222690582275,exact_match,9632.0
4s,4s,True,2,2,18,18,0,0,0.5522571206092834,exact_match,9633.0
4m,4m,True,1,1,12,12,0,0,0.6285295486450195,exact_match,9634.0
2m,2m,True,1,1,12,12,0,0,0.9779810309410095,exact_match,9635.0
1m,1m,True,0,0,4,4,0,0,0.9983878135681152,exact_match,9636.0
2m,2m,True,0,0,4,4,0,0,0.9995003938674927,exact_match,9637.0
9m,9m,True,0,0,4,4,0,0,0.9990919828414917,exact_match,9638.0
6m,6m,True,0,0,4,4,0,0,0.9994280934333801,exact_match,9639.0
3p,east,False,1,1,8,8,0,0,0.8225967288017273,equivalent,9640.0
east,east,True,0,0,4,4,0,0,0.8854101896286011,exact_match,9641.0
9s,9s,True,0,0,4,4,0,0,0.9840528964996338,exact_match,9642.0
5s,5s,True,0,0,4,4,0,0,0.9754974842071533,exact_match,9643.0
1m,1m,True,0,0,4,4,0,0,0.9912880063056946,exact_match,9644.0
8s,8s,True,0,0,4,4,0,0,0.9876890182495117,exact_match,9645.0
8p,8p,True,0,0,4,4,0,0,0.8207783699035645,exact_match,9646.0
1s,1s,True,0,0,4,4,0,0,0.9906750321388245,exact_match,9647.0
4p,4p,True,0,0,4,4,0,0,0.9719289541244507,exact_match,9648.0
1p,west,False,2,2,23,26,0,-3,0.6470358967781067,better_ukeire,9649.0
9p,1p,False,3,3,48,49,0,-1,0.3713863790035248,near_equivalent,9650.0
west,west,True,1,1,11,11,0,0,0.836561918258667,exact_match,9651.0
1p,1p,True,3,3,57,57,0,0,0.7564404606819153,exact_match,9652.0
8m,8p,False,1,1,11,11,0,0,0.7951406240463257,equivalent,9653.0
green,white,False,3,3,72,72,0,0,0.4178764820098877,equivalent,9654.0
south,south,True,1,1,11,11,0,0,0.9269813895225525,exact_match,9655.0
white,white,True,2,2,18,18,0,0,0.7785927653312683,exact_match,9656.0
8p,8p,True,1,1,15,15,0,0,0.8162720799446106,exact_match,9657.0
red,6p,False,2,1,43,10,1,33,0.8106818199157715,better_shanten,9658.0
2p,2p,True,0,0,4,4,0,0,0.5992898941040039,exact_match,9659.0
red,red,True,1,1,7,7,0,0,0.6046918034553528,exact_match,9660.0
6p,6p,True,0,0,4,4,0,0,0.9132577180862427,exact_match,9661.0
6p,6p,True,1,1,12,12,0,0,0.5211566686630249,exact_match,9662.0
2p,2p,True,0,0,4,4,0,0,0.905487060546875,exact_match,9663.0
8s,6s,False,2,1,22,11,1,11,0.5474570393562317,better_shanten,9664.0
2p,2p,True,0,0,4,4,0,0,0.9543310403823853,exact_match,9665.0
7m,7m,True,2,2,22,22,0,0,0.496262788772583,exact_match,9666.0
west,west,True,4,4,56,56,0,0,0.5554250478744507,exact_match,9667.0
9m,white,False,3,3,59,63,0,-4,0.5940682888031006,better_ukeire,9668.0
north,north,True,4,4,70,70,0,0,0.8112511038780212,exact_match,9669.0
white,white,True,3,3,73,73,0,0,0.8239104747772217,exact_match,9670.0
red,white,False,3,3,20,20,0,0,0.7242099642753601,equivalent,9671.0
north,north,True,3,3,72,72,0,0,0.933917760848999,exact_match,9672.0
9m,white,False,3,3,20,20,0,0,0.7923043370246887,equivalent,9673.0
west,west,True,3,3,71,71,0,0,0.8825787901878357,exact_match,9674.0
1p,white,False,3,3,44,47,0,-3,0.696513295173645,better_ukeire,9675.0
1m,2s,False,3,2,73,23,1,50,0.526688277721405,better_shanten,9676.0
3p,white,False,2,2,15,17,0,-2,0.7533531188964844,near_equivalent,9677.0
8m,2s,False,3,2,71,19,1,52,0.5366812944412231,better_shanten,9678.0
7m,2m,False,2,2,18,22,0,-4,0.550818681716919,better_ukeire,9679.0
7s,2s,False,2,2,55,54,0,1,0.7179912328720093,near_equivalent,9680.0
2m,2m,True,2,2,18,18,0,0,0.5951967239379883,exact_match,9681.0
9p,9p,True,3,3,21,21,0,0,0.7487618327140808,exact_match,9682.0
west,west,True,2,2,15,15,0,0,0.41049522161483765,exact_match,9683.0
2m,2m,True,3,3,66,66,0,0,0.4046750068664551,exact_match,9684.0
3s,3s,True,2,2,54,54,0,0,0.5061219334602356,exact_match,9685.0
9s,9s,True,2,2,53,53,0,0,0.6011359095573425,exact_match,9686.0
9p,9p,True,2,2,51,51,0,0,0.6111189126968384,exact_match,9687.0
8m,8m,True,1,1,9,9,0,0,0.7104414701461792,exact_match,9688.0
6s,8s,False,1,1,9,10,0,-1,0.4510461091995239,near_equivalent,9689.0
2m,2m,True,1,1,9,9,0,0,0.7026373147964478,exact_match,9690.0
6s,6s,True,0,0,3,3,0,0,0.8980128169059753,exact_match,9691.0
5p,6p,False,0,0,3,8,0,-5,0.5453058481216431,better_ukeire,9692.0
1p,1p,True,3,3,54,54,0,0,0.6122498512268066,exact_match,9693.0
red,red,True,3,3,72,72,0,0,0.31322938203811646,exact_match,9694.0
1s,1s,True,3,3,70,70,0,0,0.19733978807926178,exact_match,9695.0
2s,2s,True,2,2,52,52,0,0,0.8299724459648132,exact_match,9696.0
2s,2s,True,2,2,51,51,0,0,0.9636995792388916,exact_match,9697.0
1p,1p,True,2,2,51,51,0,0,0.9756016135215759,exact_match,9698.0
6m,8m,False,2,2,49,48,0,1,0.43722182512283325,near_equivalent,9699.0
5p,4m,False,1,1,28,31,0,-3,0.9052125215530396,better_ukeire,9700.0
5p,4m,False,1,1,28,29,0,-1,0.6993817090988159,near_equivalent,9701.0
4m,9p,False,1,1,26,28,0,-2,0.7982454895973206,near_equivalent,9702.0
5p,5p,True,1,1,23,23,0,0,0.5779817700386047,exact_match,9703.0
5m,5m,True,1,1,23,23,0,0,0.7338740229606628,exact_match,9704.0
9p,9p,True,0,0,2,2,0,0,0.8105120062828064,exact_match,9705.0
north,north,True,0,0,2,2,0,0,0.9757469892501831,exact_match,9706.0
north,north,True,2,2,15,15,0,0,0.8383892178535461,exact_match,9707.0
1m,west,False,3,3,35,35,0,0,0.41351038217544556,equivalent,9708.0
north,north,True,2,2,15,15,0,0,0.7826015949249268,exact_match,9709.0
east,east,True,3,3,35,35,0,0,0.31792134046554565,exact_match,9710.0
1s,red,False,2,2,16,19,0,-3,0.9571284651756287,better_ukeire,9711.0
6p,3s,False,3,3,34,35,0,-1,0.2998866140842438,near_equivalent,9712.0
2s,red,False,2,2,24,24,0,0,0.7179393172264099,equivalent,9713.0
south,south,True,2,2,9,9,0,0,0.3436586856842041,exact_match,9714.0
3s,3s,True,1,1,7,7,0,0,0.6140533685684204,exact_match,9715.0
2m,red,False,2,2,19,19,0,0,0.7533155679702759,equivalent,9716.0
2s,2s,True,1,1,7,7,0,0,0.9447446465492249,exact_match,9717.0
9p,9p,True,2,2,18,18,0,0,0.8194448947906494,exact_match,9718.0
3m,3m,True,2,2,18,18,0,0,0.4440292716026306,exact_match,9719.0
9s,8m,False,2,2,17,17,0,0,0.4186905026435852,equivalent,9720.0
west,3m,False,1,1,7,7,0,0,0.8459084033966064,equivalent,9721.0
9s,9s,True,2,2,20,20,0,0,0.8810688257217407,exact_match,9722.0
5s,3m,False,1,1,7,7,0,0,0.3842470347881317,equivalent,9723.0
3m,3m,True,0,0,4,4,0,0,0.48216116428375244,exact_match,9724.0
9s,9s,True,2,2,18,18,0,0,0.9179028868675232,exact_match,9725.0
east,east,True,0,0,4,4,0,0,0.941470205783844,exact_match,9726.0
8m,8m,True,1,1,9,9,0,0,0.403083473443985,exact_match,9727.0
2m,2m,True,0,0,4,4,0,0,0.876815676689148,exact_match,9728.0
5m,5m,True,1,1,9,9,0,0,0.5052587985992432,exact_match,9729.0
west,north,False,4,4,76,76,0,0,0.45567551255226135,equivalent,9730.0
north,north,True,4,4,83,83,0,0,0.4765380024909973,exact_match,9731.0
south,south,True,3,3,73,73,0,0,0.653603732585907,exact_match,9732.0
1s,1s,True,2,2,21,21,0,0,0.5420824289321899,exact_match,9733.0
7s,7s,True,2,2,35,35,0,0,0.5915974974632263,exact_match,9734.0
8s,8s,True,2,2,35,35,0,0,0.9695063233375549,exact_match,9735.0
9m,9m,True,2,2,47,47,0,0,0.40086591243743896,exact_match,9736.0
8m,8m,True,2,2,47,47,0,0,0.6205635666847229,exact_match,9737.0
5s,5s,True,1,1,25,25,0,0,0.3436583876609802,exact_match,9738.0
7p,7p,True,1,1,15,15,0,0,0.24636690318584442,exact_match,9739.0
8p,8p,True,1,1,13,13,0,0,0.6205275654792786,exact_match,9740.0
red,red,True,1,1,29,29,0,0,0.8807523846626282,exact_match,9741.0
south,south,True,4,4,74,74,0,0,0.6305875778198242,exact_match,9742.0
9s,9s,True,3,3,62,62,0,0,0.7524245977401733,exact_match,9743.0
white,white,True,2,2,48,48,0,0,0.48920485377311707,exact_match,9744.0
1p,8p,False,1,1,33,26,0,7,0.6168678998947144,ukeire_loss,9745.0
1m,1p,False,5,5,71,75,0,-4,0.38631507754325867,better_ukeire,9746.0
9s,9s,True,4,4,72,72,0,0,0.7465407848358154,exact_match,9747.0
west,west,True,4,4,66,66,0,0,0.4821001887321472,exact_match,9748.0
2s,red,False,3,3,19,19,0,0,0.5985603332519531,equivalent,9749.0
south,south,True,4,4,80,80,0,0,0.38946473598480225,exact_match,9750.0
red,red,True,3,3,19,19,0,0,0.41923150420188904,exact_match,9751.0
north,red,False,3,3,22,22,0,0,0.5454018115997314,equivalent,9752.0
white,green,False,3,3,26,26,0,0,0.48957470059394836,equivalent,9753.0
5m,red,False,2,2,17,17,0,0,0.6901494264602661,equivalent,9754.0
green,green,True,3,3,47,47,0,0,0.5153297185897827,exact_match,9755.0
5s,red,False,2,2,17,21,0,-4,0.5858995318412781,better_ukeire,9756.0
8p,7s,False,3,3,41,45,0,-4,0.8019545078277588,better_ukeire,9757.0
red,red,True,1,1,13,13,0,0,0.8573707342147827,exact_match,9758.0
9p,9p,True,3,3,42,42,0,0,0.764351487159729,exact_match,9759.0
8m,8m,True,1,1,13,13,0,0,0.8623977303504944,exact_match,9760.0
9s,1s,False,3,3,41,41,0,0,0.7520146369934082,equivalent,9761.0
2m,2m,True,1,1,13,13,0,0,0.9437285661697388,exact_match,9762.0
7s,2m,False,2,3,11,38,-1,-27,0.29184767603874207,shanten_loss,9763.0
8p,8p,True,0,0,5,5,0,0,0.9398552775382996,exact_match,9764.0
5s,east,False,1,2,8,11,-1,-3,0.3268204629421234,shanten_loss,9765.0
4p,4p,True,0,0,5,5,0,0,0.969632625579834,exact_match,9766.0
1m,1m,True,2,2,16,16,0,0,0.7064201831817627,exact_match,9767.0
1p,1p,True,3,3,62,62,0,0,0.48720890283584595,exact_match,9768.0
east,east,True,2,2,20,20,0,0,0.6947735548019409,exact_match,9769.0
8m,red,False,2,2,15,15,0,0,0.6499354243278503,equivalent,9770.0
1p,1p,True,2,2,23,23,0,0,0.5401590466499329,exact_match,9771.0
red,red,True,2,2,17,17,0,0,0.6337618231773376,exact_match,9772.0
9p,1s,False,2,2,21,21,0,0,0.8418949246406555,equivalent,9773.0
9s,5p,False,1,1,8,7,0,1,0.3992139399051666,near_equivalent,9774.0
7p,7s,False,2,2,34,20,0,14,0.5722140073776245,ukeire_loss,9775.0
9s,9s,True,1,1,8,8,0,0,0.5158581733703613,exact_match,9776.0
1s,north,False,2,2,29,32,0,-3,0.7975873351097107,better_ukeire,9777.0
8m,8m,True,0,0,4,4,0,0,0.94655841588974,exact_match,9778.0
4m,4m,True,2,2,27,27,0,0,0.6446725130081177,exact_match,9779.0
2p,2p,True,0,0,4,4,0,0,0.9806873202323914,exact_match,9780.0
south,south,True,4,4,82,82,0,0,0.8534513115882874,exact_match,9781.0
west,west,True,3,3,20,20,0,0,0.7221802473068237,exact_match,9782.0
green,green,True,3,3,65,65,0,0,0.953918993473053,exact_match,9783.0
south,south,True,3,3,19,19,0,0,0.40703845024108887,exact_match,9784.0
7s,9m,False,3,3,57,64,0,-7,0.808218777179718,better_ukeire,9785.0
green,green,True,3,3,59,59,0,0,0.6728488206863403,exact_match,9786.0
2s,2s,True,3,3,57,57,0,0,0.8275964856147766,exact_match,9787.0
red,red,True,2,2,14,14,0,0,0.6459910273551941,exact_match,9788.0
green,green,True,3,3,56,56,0,0,0.7795615792274475,exact_match,9789.0
white,white,True,2,2,37,37,0,0,0.7072511911392212,exact_match,9790.0
9m,1m,False,2,2,39,39,0,0,0.48608624935150146,equivalent,9791.0
9p,9p,True,1,1,25,25,0,0,0.45237940549850464,exact_match,9792.0
4p,3m,False,1,2,12,37,-1,-25,0.4477393329143524,shanten_loss,9793.0
3m,2m,False,0,0,3,3,0,0,0.519241452217102,equivalent,9794.0
8m,8m,True,1,1,12,12,0,0,0.8072239756584167,exact_match,9795.0
2m,4s,False,0,0,3,3,0,0,0.7093738913536072,equivalent,9796.0
5s,5s,True,1,1,11,11,0,0,0.7963524460792542,exact_match,9797.0
3p,3p,True,0,0,3,3,0,0,0.7574934363365173,exact_match,9798.0
9s,9s,True,1,1,11,11,0,0,0.646503210067749,exact_match,9799.0
white,white,True,0,0,3,3,0,0,0.9628639221191406,exact_match,9800.0
1m,1m,True,0,0,3,3,0,0,0.9512037634849548,exact_match,9801.0
west,west,True,3,3,39,39,0,0,0.5733639001846313,exact_match,9802.0
9s,9s,True,4,4,64,64,0,0,0.6803737282752991,exact_match,9803.0
east,east,True,2,2,13,13,0,0,0.5058935284614563,exact_match,9804.0
white,9p,False,3,3,57,37,0,20,0.2607848346233368,ukeire_loss,9805.0
5m,5m,True,1,1,11,11,0,0,0.7468794584274292,exact_match,9806.0
red,south,False,2,2,15,15,0,0,0.4908694922924042,equivalent,9807.0
south,south,True,0,0,8,8,0,0,0.8405227065086365,exact_match,9808.0
south,south,True,2,2,15,15,0,0,0.70333331823349,exact_match,9809.0
3p,3p,False,0,0,8,8,0,0,0.6249668002128601,equivalent,9810.0
9p,9p,True,2,2,9,9,0,0,0.4651547372341156,exact_match,9811.0
1m,1m,True,3,3,46,46,0,0,0.6780758500099182,exact_match,9812.0
1s,1s,True,3,3,46,46,0,0,0.8778992891311646,exact_match,9813.0
south,south,True,3,3,45,45,0,0,0.6818598508834839,exact_match,9814.0
green,green,True,2,2,15,15,0,0,0.6755983829498291,exact_match,9815.0
red,red,True,2,2,15,15,0,0,0.7570714950561523,exact_match,9816.0
1p,4m,False,2,2,27,27,0,0,0.5430970191955566,equivalent,9817.0
4m,4m,True,1,1,5,5,0,0,0.7788171172142029,exact_match,9818.0
8m,8m,True,1,1,5,5,0,0,0.9126903414726257,exact_match,9819.0
8p,4s,False,1,1,9,6,0,3,0.5315914750099182,ukeire_loss,9820.0
3m,3m,True,1,1,9,9,0,0,0.8979304432868958,exact_match,9821.0
5m,5m,True,1,1,9,9,0,0,0.49279263615608215,exact_match,9822.0
4s,4s,True,0,0,4,4,0,0,0.9265645742416382,exact_match,9823.0
4s,4s,True,0,0,4,4,0,0,0.9936664700508118,exact_match,9824.0
white,9m,False,4,4,78,75,0,3,0.6415700316429138,ukeire_loss,9825.0
1m,white,False,4,3,80,24,1,56,0.7163166403770447,better_shanten,9826.0
7s,9m,False,3,3,24,24,0,0,0.7466200590133667,equivalent,9827.0
2m,white,False,3,3,58,70,0,-12,0.40370360016822815,better_ukeire,9828.0
east,9m,False,2,2,15,15,0,0,0.4899265170097351,equivalent,9829.0
8p,white,False,3,3,69,75,0,-6,0.3660702407360077,better_ukeire,9830.0
6s,9m,False,2,2,15,15,0,0,0.8119349479675293,equivalent,9831.0
2p,white,False,2,2,47,62,0,-15,0.4044162929058075,better_ukeire,9832.0
9m,9m,True,1,1,8,8,0,0,0.7194989323616028,exact_match,9833.0
south,south,True,2,2,47,47,0,0,0.42774954438209534,exact_match,9834.0
8s,8s,True,1,1,7,7,0,0,0.9409213066101074,exact_match,9835.0
2p,2p,True,2,2,46,46,0,0,0.45215079188346863,exact_match,9836.0
9p,5p,False,1,1,8,5,0,3,0.3652868866920471,ukeire_loss,9837.0
8m,8m,True,2,2,45,45,0,0,0.5442602038383484,exact_match,9838.0
9p,9p,True,1,1,8,8,0,0,0.9243653416633606,exact_match,9839.0
4s,white,False,1,1,12,12,0,0,0.6134060025215149,equivalent,9840.0
8p,8p,True,1,1,8,8,0,0,0.9400753378868103,exact_match,9841.0
east,east,True,1,1,12,12,0,0,0.6984366178512573,exact_match,9842.0
2m,2m,True,1,1,8,8,0,0,0.9293984174728394,exact_match,9843.0
white,white,True,0,0,3,3,0,0,0.796233057975769,exact_match,9844.0
red,red,True,1,1,8,8,0,0,0.8964126706123352,exact_match,9845.0
3m,3m,True,0,0,7,7,0,0,0.8398889899253845,exact_match,9846.0
9s,9s,True,1,1,8,8,0,0,0.8977732062339783,exact_match,9847.0
north,north,True,0,0,7,7,0,0,0.9483528733253479,exact_match,9848.0
8s,8s,True,1,1,7,7,0,0,0.6349939107894897,exact_match,9849.0
9m,9m,True,0,0,7,7,0,0,0.9779183268547058,exact_match,9850.0
2s,5p,False,1,1,9,5,0,4,0.39236271381378174,ukeire_loss,9851.0
9p,9p,True,0,0,7,7,0,0,0.9830605387687683,exact_match,9852.0
9m,9m,True,1,1,9,9,0,0,0.9184311032295227,exact_match,9853.0
9p,9s,False,3,3,27,27,0,0,0.5018981099128723,equivalent,9854.0
8p,9s,False,3,3,27,27,0,0,0.6307294368743896,equivalent,9855.0
9s,9p,False,3,3,27,27,0,0,0.8160568475723267,equivalent,9856.0
9p,9p,True,3,3,27,27,0,0,0.5046813488006592,exact_match,9857.0
8p,8p,True,2,2,19,19,0,0,0.7951043844223022,exact_match,9858.0
south,north,False,1,1,17,17,0,0,0.4593989849090576,equivalent,9859.0
3s,1p,False,2,2,19,19,0,0,0.3298051655292511,equivalent,9860.0
6s,6s,True,1,1,16,16,0,0,0.5487672090530396,exact_match,9861.0
9m,1p,False,3,3,21,21,0,0,0.5179260969161987,equivalent,9862.0
1p,1p,True,3,3,35,35,0,0,0.7156319618225098,exact_match,9863.0
4p,9s,False,3,2,49,12,1,37,0.388947993516922,better_shanten,9864.0
6p,6p,True,2,2,28,28,0,0,0.4006880521774292,exact_match,9865.0
white,white,True,1,1,13,13,0,0,0.36379900574684143,exact_match,9866.0
7m,7m,True,1,1,13,13,0,0,0.6374112963676453,exact_match,9867.0
1m,1m,True,1,1,13,13,0,0,0.7043383717536926,exact_match,9868.0
8m,8m,True,1,1,13,13,0,0,0.9050577282905579,exact_match,9869.0
green,green,True,1,1,20,20,0,0,0.6950649619102478,exact_match,9870.0
8s,8s,True,0,0,8,8,0,0,0.9359299540519714,exact_match,9871.0
3m,3m,True,0,0,8,8,0,0,0.9961960315704346,exact_match,9872.0
9s,9s,True,0,0,8,8,0,0,0.6732864379882812,exact_match,9873.0
3p,3p,True,0,0,8,8,0,0,0.9963471293449402,exact_match,9874.0
2p,2p,True,0,0,8,8,0,0,0.9795209765434265,exact_match,9875.0
9s,9s,True,0,0,8,8,0,0,0.8822689652442932,exact_match,9876.0
6p,2s,False,1,1,9,9,0,0,0.6784758567810059,equivalent,9877.0
4p,4p,True,1,1,9,9,0,0,0.7229887843132019,exact_match,9878.0
2s,8s,False,1,1,6,7,0,-1,0.4113275408744812,near_equivalent,9879.0
8s,red,False,2,2,12,12,0,0,0.5843889117240906,equivalent,9880.0
9s,9s,True,2,2,12,12,0,0,0.8153122067451477,exact_match,9881.0
6m,red,False,1,1,10,10,0,0,0.7055225968360901,equivalent,9882.0
red,red,True,0,0,4,4,0,0,0.9948804378509521,exact_match,9883.0
west,west,True,0,0,3,3,0,0,0.9987152814865112,exact_match,9884.0
5m,5m,True,0,0,3,3,0,0,0.9872138500213623,exact_match,9885.0
8s,8s,True,0,0,3,3,0,0,0.9971392154693604,exact_match,9886.0
1s,1s,True,0,0,3,3,0,0,0.9977793097496033,exact_match,9887.0
white,white,True,0,0,3,3,0,0,0.9976913928985596,exact_match,9888.0
1p,1p,True,3,3,38,38,0,0,0.3331928849220276,exact_match,9889.0
1s,9p,False,4,4,77,77,0,0,0.7455846071243286,equivalent,9890.0
9s,9s,True,2,2,15,15,0,0,0.7810316681861877,exact_match,9891.0
9p,9p,True,4,4,75,75,0,0,0.6893993616104126,exact_match,9892.0
8p,8p,True,2,2,25,25,0,0,0.7256826758384705,exact_match,9893.0
north,2s,False,3,4,15,73,-1,-58,0.3606491982936859,shanten_loss,9894.0
9p,9p,True,1,1,9,9,0,0,0.9717274308204651,exact_match,9895.0
white,white,True,2,2,11,11,0,0,0.47536230087280273,exact_match,9896.0
red,red,True,1,1,9,9,0,0,0.8703447580337524,exact_match,9897.0
6p,2s,False,2,2,18,14,0,4,0.4333425462245941,ukeire_loss,9898.0
3p,3p,True,1,1,9,9,0,0,0.9836314916610718,exact_match,9899.0
green,green,True,2,2,18,18,0,0,0.8142012357711792,exact_match,9900.0
2m,2m,True,0,0,4,4,0,0,0.8002468943595886,exact_match,9901.0
5m,4m,False,0,0,8,4,0,4,0.6366428136825562,ukeire_loss,9902.0
5s,5s,True,0,0,8,8,0,0,0.9835724234580994,exact_match,9903.0
white,east,False,4,4,80,79,0,1,0.7644047141075134,near_equivalent,9904.0
1m,east,False,3,3,47,57,0,-10,0.6523712277412415,better_ukeire,9905.0
east,south,False,3,3,46,46,0,0,0.5761392712593079,equivalent,9906.0
red,2s,False,3,3,44,42,0,2,0.30618810653686523,near_equivalent,9907.0
red,red,True,3,3,42,42,0,0,0.4861961007118225,exact_match,9908.0
south,1m,False,3,3,48,39,0,9,0.5526886582374573,ukeire_loss,9909.0
1m,8s,False,2,2,18,18,0,0,0.45693233609199524,equivalent,9910.0
8s,8s,True,1,1,13,13,0,0,0.6502337455749512,exact_match,9911.0
2s,2s,True,0,0,5,5,0,0,0.687312126159668,exact_match,9912.0
2p,2p,True,0,0,5,5,0,0,0.839185893535614,exact_match,9913.0
8m,8m,True,0,0,5,5,0,0,0.8984962701797485,exact_match,9914.0
9m,9m,True,1,1,13,13,0,0,0.5796738862991333,exact_match,9915.0
green,green,True,1,1,13,13,0,0,0.9151341915130615,exact_match,9916.0
3s,3p,False,2,1,33,13,1,20,0.535772979259491,better_shanten,9917.0
2s,6p,False,1,1,10,10,0,0,0.6551187038421631,equivalent,9918.0
1p,6p,False,1,1,8,10,0,-2,0.7610171437263489,near_equivalent,9919.0
3p,3p,True,0,0,7,7,0,0,0.7151983380317688,exact_match,9920.0
east,east,True,3,3,24,24,0,0,0.41348010301589966,exact_match,9921.0
south,9p,False,3,3,23,23,0,0,0.7695545554161072,equivalent,9922.0
north,north,True,3,3,23,23,0,0,0.481256902217865,exact_match,9923.0
9p,2m,False,3,3,23,23,0,0,0.4018709659576416,equivalent,9924.0
2m,2m,True,3,3,27,27,0,0,0.4596635103225708,exact_match,9925.0
1s,5p,False,3,3,26,26,0,0,0.876804769039154,equivalent,9926.0
9m,5p,False,3,3,38,43,0,-5,0.46195319294929504,better_ukeire,9927.0
7m,5p,False,2,2,19,19,0,0,0.4539685547351837,equivalent,9928.0
1s,1s,True,3,3,43,43,0,0,0.8613996505737305,exact_match,9929.0
green,south,False,2,2,14,14,0,0,0.4591178297996521,equivalent,9930.0
7s,south,False,2,2,13,13,0,0,0.4211166501045227,equivalent,9931.0
9s,9s,True,1,1,9,9,0,0,0.691383957862854,exact_match,9932.0
3s,3s,True,1,1,9,9,0,0,0.32504138350486755,exact_match,9933.0
6p,5s,False,1,1,9,9,0,0,0.42538273334503174,equivalent,9934.0
green,green,True,1,1,9,9,0,0,0.46508169174194336,exact_match,9935.0
5s,south,False,1,1,6,7,0,-1,0.3678673207759857,near_equivalent,9936.0
8m,8m,True,1,1,6,6,0,0,0.4247170686721802,exact_match,9937.0
2m,south,False,1,1,5,4,0,1,0.5085082054138184,near_equivalent,9938.0
east,south,False,1,1,5,5,0,0,0.4805966019630432,equivalent,9939.0
1p,1p,True,1,1,2,2,0,0,0.6383895874023438,exact_match,9940.0
west,west,True,3,3,21,21,0,0,0.7723720073699951,exact_match,9941.0
9s,west,False,3,3,49,58,0,-9,0.5767324566841125,better_ukeire,9942.0
9m,9m,True,2,2,14,14,0,0,0.4608258903026581,exact_match,9943.0
west,west,True,3,3,66,66,0,0,0.7018431425094604,exact_match,9944.0
red,red,True,2,2,34,34,0,0,0.569644033908844,exact_match,9945.0
red,red,True,2,2,34,34,0,0,0.7372581958770752,exact_match,9946.0
east,east,True,1,1,11,11,0,0,0.8878203630447388,exact_match,9947.0
1s,8p,False,1,1,11,11,0,0,0.9498091340065002,equivalent,9948.0
8p,red,False,1,1,11,11,0,0,0.9101322293281555,equivalent,9949.0
2s,red,False,1,1,11,20,0,-9,0.7825520038604736,better_ukeire,9950.0
1p,1p,True,2,2,16,16,0,0,0.9821797013282776,exact_match,9951.0
8m,8m,True,2,2,19,19,0,0,0.41224390268325806,exact_match,9952.0
5s,8p,False,2,2,23,19,0,4,0.5129022598266602,ukeire_loss,9953.0
1p,1p,True,2,2,23,23,0,0,0.9473873376846313,exact_match,9954.0
west,west,True,2,2,23,23,0,0,0.8564544916152954,exact_match,9955.0
2m,8p,False,2,1,43,11,1,32,0.39104753732681274,better_shanten,9956.0
white,white,True,2,2,41,41,0,0,0.7781745195388794,exact_match,9957.0
9m,9m,True,2,2,39,39,0,0,0.8129889965057373,exact_match,9958.0
5m,7s,False,2,2,39,38,0,1,0.6022788882255554,near_equivalent,9959.0
3s,3s,True,2,2,38,38,0,0,0.5843020677566528,exact_match,9960.0
8p,8p,True,1,1,27,27,0,0,0.38072651624679565,exact_match,9961.0
green,west,False,3,3,43,44,0,-1,0.879141092300415,near_equivalent,9962.0
white,west,False,3,3,42,43,0,-1,0.4591555893421173,near_equivalent,9963.0
2m,red,False,3,3,52,57,0,-5,0.5275847911834717,better_ukeire,9964.0
1m,1m,True,3,3,52,52,0,0,0.7188752889633179,exact_match,9965.0
7p,east,False,3,3,35,51,0,-16,0.6876678466796875,better_ukeire,9966.0
east,east,True,2,2,19,19,0,0,0.3446406126022339,exact_match,9967.0
red,red,True,1,1,15,15,0,0,0.5297176837921143,exact_match,9968.0
north,north,True,5,5,89,89,0,0,0.47971126437187195,exact_match,9969.0
1s,west,False,4,4,76,85,0,-9,0.3834514617919922,better_ukeire,9970.0
9m,west,False,3,3,44,51,0,-7,0.5178146958351135,better_ukeire,9971.0
south,west,False,2,2,36,37,0,-1,0.4739973545074463,near_equivalent,9972.0
west,west,True,1,1,7,7,0,0,0.7341886758804321,exact_match,9973.0
8s,8s,True,1,1,10,10,0,0,0.8803351521492004,exact_match,9974.0
2p,2p,True,1,1,10,10,0,0,0.9692791700363159,exact_match,9975.0
1m,1m,True,1,1,9,9,0,0,0.8333933353424072,exact_match,9976.0
west,west,True,1,1,9,9,0,0,0.817077100276947,exact_match,9977.0
9s,9s,True,1,1,9,9,0,0,0.7512610554695129,exact_match,9978.0
2s,2s,True,1,1,9,9,0,0,0.8336948752403259,exact_match,9979.0
4m,2m,False,1,1,13,9,0,4,0.827639102935791,ukeire_loss,9980.0
2p,2p,True,1,1,13,13,0,0,0.906328558921814,exact_match,9981.0
1m,south,False,4,4,27,27,0,0,0.45956483483314514,equivalent,9982.0
south,south,True,4,4,27,27,0,0,0.4620477557182312,exact_match,9983.0
white,white,True,4,4,76,76,0,0,0.4291011691093445,exact_match,9984.0
east,east,True,3,3,42,42,0,0,0.4634653925895691,exact_match,9985.0
7m,8s,False,3,2,67,15,1,52,0.6102794408798218,better_shanten,9986.0
4m,8s,False,2,2,22,26,0,-4,0.8254221677780151,better_ukeire,9987.0
7m,7m,True,2,2,21,21,0,0,0.7778597474098206,exact_match,9988.0
1m,1m,True,2,2,21,21,0,0,0.8417978882789612,exact_match,9989.0
8s,8p,False,2,2,21,21,0,0,0.44270387291908264,equivalent,9990.0
1p,1p,True,1,1,13,13,0,0,0.3857855200767517,exact_match,9991.0
7m,7m,True,1,1,13,13,0,0,0.914199948310852,exact_match,9992.0
4p,4p,True,1,1,12,12,0,0,0.7134913802146912,exact_match,9993.0
8p,green,False,1,1,12,12,0,0,0.9496089220046997,equivalent,9994.0
east,green,False,1,1,11,11,0,0,0.7649333477020264,equivalent,9995.0
green,green,True,0,0,7,7,0,0,0.9699996113777161,exact_match,9996.0
3p,6p,False,0,0,7,7,0,0,0.5317316055297852,equivalent,9997.0
west,west,True,3,3,63,63,0,0,0.8749886155128479,exact_match,9998.0
9s,9s,True,4,4,59,59,0,0,0.5241353511810303,exact_match,9999.0
white,green,False,3,3,63,63,0,0,0.6113764047622681,equivalent,
